AE_safe_err,AE_risk_err,label_content,prob_safe_rel,prob_risk_rel,prob_safe_spat,prob_risk_spat,user_id,SHAP_content,SHAP_rel,SHAP_spat,dominant_perspective
-0.2937060170010154,0.0615233787269241,-0.099754699000332,0.0,0.0,-8.673617379884035e-19,0.0,2598,0.4549840947282716,0.0,8.673617379884035e-19,SHAP_content
-0.228092778926363,-0.1382151515446174,-0.0689098542269009,0.0,0.0,-1.734723475976807e-18,0.0,3140,0.4352177846978813,0.0,1.734723475976807e-18,SHAP_content
0.4561342321968491,-0.0211685357372858,0.0590739266270174,0.0,0.0,0.0,0.0,989,0.5363766945611524,0.0,0.0,SHAP_content
0.1774322253225116,0.2286926032374603,0.0988363324027379,0.0,0.0,2.7755575615628914e-17,0.0,923,0.5049611609627099,0.0,2.7755575615628914e-17,SHAP_content
0.2769262811365062,-0.1960480516382568,-0.1288302872721882,0.0,0.0,6.938893903907228e-18,0.0,3272,0.6018046200469512,0.0,6.938893903907228e-18,SHAP_content
0.1047594398249769,0.3596853841014251,0.0719950996629559,0.0,0.0,-1.0408340855860844e-17,0.0,2397,0.536439923589358,0.0,1.0408340855860844e-17,SHAP_content
0.4379521306775624,-0.0719496895936485,0.0997088824802668,0.0,0.0,-1.3877787807814457e-17,0.0,2044,0.6096107027514779,0.0,1.3877787807814457e-17,SHAP_content
0.4795737521085729,-0.0463619374820811,0.0452653337324586,0.0,0.0,6.938893903907228e-18,0.0,1980,0.5712010233231127,0.0,6.938893903907228e-18,SHAP_content
0.4745465820423377,-0.0607749743647028,0.0660432477240093,0.0,0.0,1.3877787807814457e-17,0.0,249,0.60136480413105,0.0,1.3877787807814457e-17,SHAP_content
0.3456777944938324,0.0598846167396107,0.096225398441425,0.0,0.0,-6.938893903907228e-18,0.0,1056,0.5017878096748681,0.0,6.938893903907228e-18,SHAP_content
0.0789986613441805,0.1270088172290217,0.1384140553143122,0.0,0.0,6.938893903907228e-18,0.0,2683,0.3444215338875145,0.0,6.938893903907228e-18,SHAP_content
0.4559336229054154,-0.0485795762675944,0.0816105389693591,0.0,0.0,-2.0816681711721685e-17,0.0,1346,0.586123738142369,0.0,2.0816681711721685e-17,SHAP_content
-0.3548293108454869,-0.0477349358013543,-0.0444646488168879,0.0,0.0,-8.673617379884035e-19,0.0,4297,0.4470288954637291,0.0,8.673617379884035e-19,SHAP_content
-0.3946322452028853,-0.0103155104430129,-0.0421448687154886,0.0,0.0,-1.0842021724855044e-19,0.0,2366,0.4470926243613869,0.0,1.0842021724855044e-19,SHAP_content
-0.3859946188096459,-0.017614813984727,-0.0426572016321652,0.0,0.0,-8.14907169521817e-13,-8.14907169521817e-13,3950,0.4462666344265381,0.0,1.6298143390436337e-12,SHAP_content
-0.4198640517515971,0.0116081331300351,-0.0388360670697942,0.0,0.0,-3.469446951953614e-18,0.0,2591,0.4703082519514265,0.0,3.469446951953614e-18,SHAP_content
-0.3746983795511666,-0.030004448270885,-0.0423897392781029,0.0,0.0,-3.469446951953614e-18,0.0,3653,0.4470925671001546,0.0,3.469446951953614e-18,SHAP_content
0.1538173128315413,0.1454622753070995,0.1287548094087323,0.0,0.0,-2.205371857355587e-09,-2.205371857355587e-09,355,0.4280343975473731,0.0,4.410743714711174e-09,SHAP_content
0.4284310926046363,0.0147261412470744,0.0616888901465826,0.0,0.0,3.4694469519536136e-17,0.0,744,0.5048461239982934,0.0,3.4694469519536136e-17,SHAP_content
-0.3624763672702037,-0.0278501861278096,-0.0499013015791085,0.0,0.0,-4.3368086899420185e-18,0.0,3097,0.4402278549771219,0.0,4.3368086899420185e-18,SHAP_content
-0.388672749431268,-0.0169271312187146,-0.0414221619457915,0.0,0.0,4.336808689942019e-19,0.0,2541,0.4470220425957742,0.0,4.336808689942019e-19,SHAP_content
-0.4484574431373078,0.0469003949943381,-0.0412296272494404,0.0,0.0,3.903127820947816e-18,0.0,3012,0.5365874653810864,0.0,3.903127820947816e-18,SHAP_content
0.4619186476751307,-0.0675537973293898,0.0891751761450757,0.0,0.0,0.0,0.0,844,0.6186476211495961,0.0,0.0,SHAP_content
0.4545328966869084,-0.0295603299790361,0.0679280712216954,0.0,0.0,0.0,0.0,723,0.55202129788764,0.0,0.0,SHAP_content
-0.3275879112491524,-0.0686115947121319,-0.0492238932335506,0.0,0.0,0.0,0.0,2228,0.4454233991948351,0.0,0.0,SHAP_content
0.1418214731896907,0.1394098475408328,0.1317433628571557,0.0,0.0,0.0,0.0,1976,0.4129746835876793,0.0,0.0,SHAP_content
-0.3640880432193527,-0.0379217236929007,-0.0444759631888609,0.0,0.0,0.0,0.0,2955,0.4464857301011145,0.0,0.0,SHAP_content
-0.0072125070706745,0.5069628820905833,0.0492712546165072,0.0,0.0,8.673617379884035e-18,0.0,244,0.5634466437777651,0.0,8.673617379884035e-18,SHAP_content
-0.3431033777951062,-0.0570522589965005,-0.0469354282748789,0.0,0.0,-3.469446951953614e-18,0.0,2214,0.4470910650664856,0.0,3.469446951953614e-18,SHAP_content
0.4708479532703712,-0.0458828032559235,0.0592202755699968,0.0,0.0,-1.3877787807814457e-17,0.0,1298,0.5759510320962917,0.0,1.3877787807814457e-17,SHAP_content
0.4527324410095344,-0.0136844589703258,0.0571818137196437,0.0,0.0,-1.3877787807814457e-17,0.0,717,0.5235987136995041,0.0,1.3877787807814457e-17,SHAP_content
0.4929440112841919,-0.1202835245730366,0.0846280448951701,0.0,0.0,-6.938893903907228e-18,0.0,3648,0.6978555807523987,0.0,6.938893903907228e-18,SHAP_content
0.5002577019423318,-0.1389975087025124,0.0716897353467918,0.0,0.0,6.938893903907228e-18,0.0,392,0.7109449459916359,0.0,6.938893903907228e-18,SHAP_content
0.4043839115739494,-0.0328276072539141,0.102213686427068,0.0,0.0,-2.0816681711721685e-17,0.0,1746,0.5394252052549315,0.0,2.0816681711721685e-17,SHAP_content
-0.314847639819824,-0.0453112118766576,-0.0650540362265116,0.0,0.0,-5.21540640535667e-11,-5.21540640535667e-11,3292,0.4252128879229933,0.0,1.043081281071334e-10,SHAP_content
-0.3994762399099613,-0.0071444306004907,-0.0404719533766973,0.0,0.0,0.0,0.0,4523,0.4470926238871493,0.0,0.0,SHAP_content
0.4736788621972263,-0.0325332406155153,0.0432386450977042,0.0,0.0,6.938893903907228e-18,0.0,1258,0.5494507479104459,0.0,6.938893903907228e-18,SHAP_content
-0.367663945765095,-0.0359337641499395,-0.0434949144462669,0.0,0.0,0.0,0.0,2988,0.4470926243613016,0.0,0.0,SHAP_content
-0.4179151956729465,0.009869771148405,-0.0390471998245741,0.0,0.0,-3.2526065174565133e-18,0.0,3106,0.4668321666459257,0.0,3.2526065174565133e-18,SHAP_content
0.0774319157361527,0.2449736437735954,0.1209692810527234,0.0,0.0,-1.734723475976807e-18,0.0,85,0.4433748405624717,0.0,1.734723475976807e-18,SHAP_content
0.4721784285284205,-0.0283994707003925,0.0400355480519792,0.0,0.0,0.0,0.0,746,0.5406134472807924,0.0,0.0,SHAP_content
0.1249648789401653,0.3453130778899124,0.0690360431257045,0.0,0.0,3.469446951953614e-18,0.0,1180,0.5393139999557823,0.0,3.469446951953614e-18,SHAP_content
0.1026862480948438,-0.1630742574210588,-0.1359846803332524,0.0,0.0,6.938893903907228e-18,0.0,3964,0.4017451858491552,0.0,6.938893903907228e-18,SHAP_content
0.0336832256292238,0.3279163392458799,0.1079513110915734,0.0,0.0,-1.7347234759768068e-17,0.0,1315,0.4695508759666771,0.0,1.7347234759768068e-17,SHAP_content
-0.3876571845676289,-0.0150269999493843,-0.0431205674069861,0.0,0.0,-2.6020852139652106e-18,0.0,2090,0.4458047519239993,0.0,2.6020852139652106e-18,SHAP_content
0.4029977127229753,-0.0721310614654381,0.1114006157957183,0.0,0.0,-6.938893903907228e-18,0.0,1101,0.5865293899841317,0.0,6.938893903907228e-18,SHAP_content
0.3814245713622891,0.0107276988304502,0.0983687715034603,0.0,0.0,0.0,0.0,912,0.4905210416961997,0.0,0.0,SHAP_content
0.4053749570250275,-0.1938889939708251,-0.1115572580126657,0.0,0.0,-6.938893903907228e-18,0.0,3435,0.7108212090085184,0.0,6.938893903907228e-18,SHAP_content
0.4122590883397485,0.0121269617521579,0.0811684751095424,0.0,0.0,-1.3877787807814457e-17,0.0,962,0.505554525201449,0.0,1.3877787807814457e-17,SHAP_content
0.4588396595531357,-0.0190876963019868,0.0538633939739205,0.0,0.0,-1.3877787807814457e-17,0.0,554,0.5317907498290431,0.0,1.3877787807814457e-17,SHAP_content
0.4157296423928915,-0.041910674120493,0.1003996666359289,0.0,0.0,-1.3877787807814457e-17,0.0,265,0.5580399831493136,0.0,1.3877787807814457e-17,SHAP_content
-0.3770400351822792,-0.0271479235393012,-0.0429009805378052,0.0,0.0,4.3368086899420185e-18,0.0,3029,0.4470889392593857,0.0,4.3368086899420185e-18,SHAP_content
-0.3516533137250852,-0.0489946516366239,-0.0458451803954055,0.0,0.0,8.673617379884035e-19,0.0,2428,0.4464931457571147,0.0,8.673617379884035e-19,SHAP_content
-0.3746324245291508,-0.0201605178730667,-0.0474262227317861,0.0,0.0,-1.734723475976807e-18,0.0,3051,0.4422191651340038,0.0,1.734723475976807e-18,SHAP_content
-0.5329789896522522,0.1180681965911242,-0.0321818313002588,0.0,0.0,-4.336808689942019e-19,0.0,4588,0.6832290175436352,0.0,4.336808689942019e-19,SHAP_content
-0.3644402572249502,-0.0377721272673622,-0.0443428432881622,0.0,0.0,1.1641564448550137e-12,1.1641529754080617e-12,3086,0.4465552277804748,0.0,2.328309420263075e-12,SHAP_content
-0.4001112350838372,-0.0059265291407687,-0.0410454421872674,0.0,0.0,0.0,0.0,2557,0.4470832064118733,0.0,0.0,SHAP_content
-0.335643342239037,-0.0467616962374314,-0.0546985524317521,0.0,0.0,-8.673617379884035e-19,0.0,3139,0.4371035909082206,0.0,8.673617379884035e-19,SHAP_content
-0.3857947586261184,-0.0193456514546176,-0.0419522129725642,0.0,0.0,0.0,0.0,2069,0.4470926230533002,0.0,0.0,SHAP_content
0.2670053630904502,0.0681165681028279,0.1204726364085308,0.0,0.0,0.0,0.0,106,0.455594567601809,0.0,0.0,SHAP_content
-0.4594751247483978,0.0557342526275557,-0.0397923770587507,0.0,0.0,3.0357660829594124e-18,0.0,3602,0.5550017544347043,0.0,3.0357660829594124e-18,SHAP_content
0.3336491694877415,0.0843736989326372,0.0921939917000459,0.0,0.0,0.0,0.0,2007,0.5102168601204247,0.0,0.0,SHAP_content
0.4691185958081446,-0.0494365698928137,0.0646874588121798,0.0,0.0,-1.3877787807814457e-17,0.0,437,0.5832426245131382,0.0,1.3877787807814457e-17,SHAP_content
0.2314777927350224,0.0582520655199128,0.1305009159737658,0.0,0.0,-3.469446951953614e-18,0.0,1800,0.420230774228701,0.0,3.469446951953614e-18,SHAP_content
0.025179860087273,0.4252822438280128,0.0744920046258543,0.0,0.0,-1.0408340855860844e-17,0.0,2235,0.5249541085411401,0.0,1.0408340855860844e-17,SHAP_content
-0.3062889475868998,-0.0860686985085819,-0.0523440412560788,0.0,0.0,8.568168050060443e-11,8.568167703115748e-11,3543,0.4447016873515605,0.0,1.7136335753176188e-10,SHAP_content
0.1310631611800435,0.2852521804491372,0.0937432085547203,0.0,0.0,3.469446951953614e-18,0.0,3062,0.5100585501839011,0.0,3.469446951953614e-18,SHAP_content
0.0768388478664326,0.1698367868028397,0.1343468465983081,0.0,0.0,-1.0408340855860844e-17,0.0,2212,0.3810224812675805,0.0,1.0408340855860844e-17,SHAP_content
-0.364632104454712,-0.0389696353604714,-0.0434908360726263,0.0,0.0,0.0,0.0,2441,0.4470925758878099,0.0,0.0,SHAP_content
0.4711686763248015,-0.0596356541841978,0.0701243916449822,0.0,0.0,6.938893903907228e-18,0.0,4572,0.6009287221539816,0.0,6.938893903907228e-18,SHAP_content
0.3305500275539269,0.0867990058833647,0.0925929896660737,0.0,0.0,0.0,0.0,170,0.5099420231033654,0.0,0.0,SHAP_content
0.0496081031091287,-0.1915917974947812,-0.133150185449825,0.0,0.0,6.938893903907228e-18,0.0,4139,0.374350086053735,0.0,6.938893903907228e-18,SHAP_content
0.4911597300080338,-0.2091540637841287,-0.0885957781303053,0.0,0.0,1.3877787807814457e-17,0.0,4431,0.7889095719224678,0.0,1.3877787807814457e-17,SHAP_content
0.3966886142745001,0.0446459239495043,0.0702792163513763,0.0,0.0,0.0,0.0,1985,0.5116137545753807,0.0,0.0,SHAP_content
-0.11058432008404,0.4473074028192936,0.1050313459543547,0.0,0.0,5.204170427930421e-18,0.0,1371,0.6629230688576885,0.0,5.204170427930421e-18,SHAP_content
0.1617598612024622,0.1127602992184869,0.1331839228478216,0.0,0.0,6.938893903907228e-18,0.0,2122,0.4077040832687708,0.0,6.938893903907228e-18,SHAP_content
-0.2539651327427211,-0.1316302572503764,-0.059103663174028,0.0,0.0,0.0,0.0,3401,0.4446990531671256,0.0,0.0,SHAP_content
0.4764718987623747,-0.0479896259854043,0.0521693722326753,0.0,0.0,-1.3877787807814457e-17,0.0,1676,0.5766308969804543,0.0,1.3877787807814457e-17,SHAP_content
-0.3996869409035208,0.013521270925577,-0.0503715920545558,0.0,0.0,3.469446951953614e-18,0.0,3730,0.4635798038836538,0.0,3.469446951953614e-18,SHAP_content
0.2545235843215297,-0.2624356172778966,-0.1346607294684509,0.0,0.0,0.0,0.0,4551,0.6516199310678773,0.0,0.0,SHAP_content
0.0457561357718137,0.1544732420972409,0.1370682088749052,0.0,0.0,-2.0816681711721685e-17,0.0,1158,0.3372975867439599,0.0,2.0816681711721685e-17,SHAP_content
0.2328881636207181,0.2902026496821641,0.0279346052815925,0.0,0.0,-1.3877787807814457e-17,0.0,1127,0.5510254185844748,0.0,1.3877787807814457e-17,SHAP_content
0.0098159335358727,0.3279975144673221,0.1129297783510555,0.0,0.0,-1.214306433183765e-17,0.0,2057,0.4507432263542504,0.0,1.214306433183765e-17,SHAP_content
-0.3286236711773632,-0.0705821142543483,-0.0478664678927217,0.0,0.0,3.469446951953614e-18,0.0,4507,0.4470722533244333,0.0,3.469446951953614e-18,SHAP_content
-0.3501593059996638,-0.0515072282299798,-0.0454148524324885,0.0,0.0,0.0,0.0,4177,0.4470813866621322,0.0,0.0,SHAP_content
-0.3470131627948792,-0.0468174297996208,-0.0490718527131927,0.0,0.0,0.0,0.0,2058,0.4429024453076928,0.0,0.0,SHAP_content
-0.365424850116224,-0.0378362497392088,-0.0438182369356994,0.0,0.0,3.903127820947816e-18,0.0,2355,0.4470793367911322,0.0,3.903127820947816e-18,SHAP_content
-0.4172645714380276,0.0094133466534193,-0.0392412984385023,0.0,0.0,3.469446951953614e-18,0.0,3711,0.4659192165299493,0.0,3.469446951953614e-18,SHAP_content
0.1214654019853569,0.3454860704543133,0.0714260789420459,0.0,0.0,-1.7347234759768068e-17,0.0,2904,0.5383775513817163,0.0,1.7347234759768068e-17,SHAP_content
0.4673327016714503,-0.0773138970568557,0.0896908485890212,0.0,0.0,0.0,0.0,826,0.6343374473173273,0.0,0.0,SHAP_content
-0.3496639198255388,-0.0523129397053743,-0.0450798093726128,0.0,0.0,0.0,0.0,3838,0.447056668903526,0.0,0.0,SHAP_content
0.360458132540646,-0.0635026433715633,0.1215251734797234,0.0,0.0,0.0,0.0,3286,0.5454859493919328,0.0,0.0,SHAP_content
-0.2110846850027024,-0.1566815943046396,-0.0695036877222204,0.0,0.0,-1.734723475976807e-18,0.0,4215,0.4372699670295624,0.0,1.734723475976807e-18,SHAP_content
-0.0261680444273664,-0.1998655615663518,-0.1208801433385815,0.0,0.0,-3.469446951953614e-18,0.0,4652,0.3469137493322997,0.0,3.469446951953614e-18,SHAP_content
-0.0510346225422289,0.3106926654136165,0.1234448193127884,0.0,0.0,5.204170427930421e-18,0.0,284,0.4851721072686339,0.0,5.204170427930421e-18,SHAP_content
-0.0374486325235429,0.5338323361410058,0.0491799625523089,0.0,0.0,8.673617379884035e-18,0.0,95,0.6204609312168577,0.0,8.673617379884035e-18,SHAP_content
-0.110187917510745,-0.048864422194964,-0.1215805603486175,0.0,0.0,0.0,0.0,4487,0.2806329000543267,0.0,0.0,SHAP_content
-0.1170460837137345,-0.1853832705951686,-0.0983054745755701,0.0,0.0,5.960464760645934e-11,5.960464760645934e-11,2664,0.4007348288844733,0.0,1.1920929521291868e-10,SHAP_content
-0.1935797284082782,-0.0952442942927247,-0.0963028380915057,0.0,0.0,5.204170427930421e-18,0.0,3442,0.3851268607925087,0.0,5.204170427930421e-18,SHAP_content
-0.2736877603952643,-0.1033504256191254,-0.0612526930961758,0.0,0.0,0.0,0.0,3906,0.4382908791105656,0.0,0.0,SHAP_content
0.2367485597489718,-0.2874938537441944,-0.1359752579078971,0.0,0.0,6.938893903907228e-18,0.0,4615,0.6602176714010634,0.0,6.938893903907228e-18,SHAP_content
-0.3405554430747194,-0.0591644901083501,-0.046970759962541,0.0,0.0,-6.053596859900701e-12,-6.053596859900701e-12,2649,0.4466906931456106,0.0,1.21071937198014e-11,SHAP_content
-0.3393741427086513,-0.0604119549007229,-0.0473065267406967,0.0,0.0,-2.1684043449710093e-19,0.0,3197,0.4470926243500711,0.0,2.1684043449710093e-19,SHAP_content
-0.4158325450560873,0.0084953347353114,-0.0397554067833157,0.0,0.0,-1.5178830414797062e-17,-1.8648277366750676e-17,2931,0.4640832865747145,0.0,3.382710778154774e-17,SHAP_content
0.4022922994661052,-0.0631368776870658,0.1099037349417272,0.0,0.0,6.938893903907228e-18,0.0,1431,0.5753329120948982,0.0,6.938893903907228e-18,SHAP_content
-0.3625835206133149,-0.0407835502419145,-0.0437254975880214,0.0,0.0,-3.469446951953614e-18,0.0,4008,0.4470925684432509,0.0,3.469446951953614e-18,SHAP_content
-0.3841775910448676,-0.0172059777008877,-0.0439424697542987,0.0,0.0,3.469446951953614e-18,0.0,3763,0.4453260385000541,0.0,3.469446951953614e-18,SHAP_content
-0.2899466377732432,-0.1031373580728255,-0.0533572164539024,0.0,0.0,-3.469446951953614e-18,0.0,2280,0.4464412122999712,0.0,3.469446951953614e-18,SHAP_content
-0.10261778921625,0.2837461216153903,0.1260826178015458,0.0,0.0,5.204170427930421e-18,0.0,3762,0.5124465286331863,0.0,5.204170427930421e-18,SHAP_content
-0.3397902212961225,0.0652185635468729,-0.0890467477667698,0.0,0.0,7.806255641895632e-18,0.0,1440,0.4940555326097653,0.0,7.806255641895632e-18,SHAP_content
-0.3790252478383114,-0.0255466138698408,-0.0425207554929827,0.0,0.0,3.469446951953614e-18,0.0,2521,0.447092617201135,0.0,3.469446951953614e-18,SHAP_content
-0.4266628338812196,0.0192011695480842,-0.0393428599299917,0.0,0.0,3.903127820947816e-18,0.0,3942,0.4852068633592956,0.0,3.903127820947816e-18,SHAP_content
0.4636624494109282,-0.053951459908624,0.0760018051045096,0.0,0.0,0.0,0.0,3613,0.593615714424062,0.0,0.0,SHAP_content
-0.3787977740657174,-0.0256814752332893,-0.0423372417607121,0.0,0.0,0.0,0.0,2187,0.446816491059719,0.0,0.0,SHAP_content
0.3122396975584723,-0.0274457192900597,0.1274540054901651,0.0,0.0,-6.938893903907228e-18,0.0,3970,0.4671394223386973,0.0,6.938893903907228e-18,SHAP_content
0.2919096328602526,0.0706455233791973,0.1124826849066706,0.0,0.0,-1.0408340855860844e-17,0.0,1284,0.4750378411461207,0.0,1.0408340855860844e-17,SHAP_content
-0.0835468780555244,-0.0724707509570116,-0.1238813441495101,0.0,0.0,6.938893903907228e-18,0.0,3545,0.2798989731620461,0.0,6.938893903907228e-18,SHAP_content
0.4361835753415105,-0.0932021209991179,0.1049489692202623,0.0,0.0,0.0,0.0,3237,0.6343346655608908,0.0,0.0,SHAP_content
0.1730311487699052,0.1991156588951356,0.1105853970751349,0.0,0.0,3.469446951953614e-18,0.0,2003,0.4827322047401757,0.0,3.469446951953614e-18,SHAP_content
0.3651793133020639,-0.0314591692117159,0.1148825006560838,0.0,0.0,0.0,0.0,1250,0.5115209831698637,0.0,0.0,SHAP_content
0.2874619194789434,0.1697196525922345,0.0707764317527073,0.0,0.0,-3.469446951953614e-18,0.0,1954,0.5279580038238852,0.0,3.469446951953614e-18,SHAP_content
-0.398102774482771,-0.0076907098513677,-0.0409432041970906,0.0,0.0,-3.469446951953614e-18,0.0,2153,0.4467366885312295,0.0,3.469446951953614e-18,SHAP_content
-0.3648810024098687,-0.0095357328727236,-0.0566598379055843,0.0,0.0,4.3368086899420185e-18,0.0,3764,0.4310765731881766,0.0,4.3368086899420185e-18,SHAP_content
-0.4097389488979817,0.0026632253260551,-0.0400123145664749,0.0,0.0,-4.336808689942019e-19,0.0,2239,0.4524144887905118,0.0,4.336808689942019e-19,SHAP_content
-0.3355927074287852,-0.0636536859752657,-0.0475278118563862,0.0,0.0,8.673617379884035e-19,0.0,3378,0.4467742052604372,0.0,8.673617379884035e-19,SHAP_content
0.3547824145590866,-0.2114513347901506,-0.1210048208066534,0.0,0.0,0.0,0.0,4156,0.6872385701558907,0.0,0.0,SHAP_content
0.4091344383634812,-0.0495084640346173,0.1046785008046832,0.0,0.0,-1.3877787807814457e-17,0.0,1256,0.5633214032027818,0.0,1.3877787807814457e-17,SHAP_content
0.2725809931620974,0.1131628668083579,0.1058806425144712,0.0,0.0,3.469446951953614e-18,0.0,55,0.4916245024849265,0.0,3.469446951953614e-18,SHAP_content
0.3393559704023178,0.0134594793067903,0.1126120961412969,0.0,0.0,-1.3877787807814457e-17,0.0,482,0.4654275458504052,0.0,1.3877787807814457e-17,SHAP_content
0.1354118040630278,0.2893281648249751,0.0904874364861753,0.0,0.0,-1.7347234759768068e-17,0.0,43,0.5152274053741783,0.0,1.7347234759768068e-17,SHAP_content
-0.3461029905223757,-0.0098286468314534,-0.0648692720263595,0.0,0.0,-3.469446951953614e-18,0.0,3555,0.4208009093801886,0.0,3.469446951953614e-18,SHAP_content
-0.2993880214026437,-0.0557308468525801,-0.0680231513842591,0.0,0.0,0.0,0.0,4299,0.423142019639483,0.0,0.0,SHAP_content
-0.4094670340832619,0.0065747919325177,-0.0421697760618781,0.0,0.0,4.3368086899420185e-18,0.0,3767,0.4582116020776578,0.0,4.3368086899420185e-18,SHAP_content
0.4714566877043019,-0.0519647051549241,0.0633689682235128,0.0,0.0,-2.7755575615628914e-17,0.0,1821,0.5867903610827389,0.0,2.7755575615628914e-17,SHAP_content
0.4692435593881875,-0.045670358772416,0.0614051455581199,0.0,0.0,-2.7755575615628914e-17,0.0,1543,0.5763190637187235,0.0,2.7755575615628914e-17,SHAP_content
0.4667921186503752,-0.0330815256390843,0.0545162063028594,0.0,0.0,-2.0816681711721685e-17,0.0,320,0.5543898505923189,0.0,2.0816681711721685e-17,SHAP_content
0.4766147477445497,-0.0748161580493149,0.0744389737409247,0.0,0.0,1.3877787807814457e-17,0.0,1341,0.6258698795347893,0.0,1.3877787807814457e-17,SHAP_content
-0.2381373484484486,-0.1200945398268273,-0.0712964933804081,0.0,0.0,0.0,0.0,2134,0.4295283816556841,0.0,0.0,SHAP_content
-0.3609036324637492,-0.0330731157065723,-0.0483239286437189,0.0,0.0,0.0,0.0,2802,0.4423006768140405,0.0,0.0,SHAP_content
-0.4234942283418367,0.0167328306593713,-0.0396604987544776,0.0,0.0,-3.0357660829594124e-18,0.0,3089,0.4798875577556857,0.0,3.0357660829594124e-18,SHAP_content
0.4901202515129718,-0.2106553587116307,-0.0890774966396566,0.0,0.0,6.938893903907228e-18,0.0,4677,0.7898531068642592,0.0,6.938893903907228e-18,SHAP_content
0.0500548134289472,-0.0207816405425964,-0.1285415814779699,0.0,0.0,5.960465107590629e-11,5.960464413701239e-11,2478,0.1993780354495136,0.0,1.1920929521291868e-10,SHAP_content
-0.3524334807039874,-0.0493888257258559,-0.0450921948348407,0.0,0.0,8.673617379884035e-19,0.0,2257,0.4469145012646842,0.0,8.673617379884035e-19,SHAP_content
-0.1623650581019128,-0.0583815085819877,-0.1116724208237913,0.0,0.0,0.0,0.0,4326,0.332418987507692,0.0,0.0,SHAP_content
0.4764731562505361,-0.0387205776110578,0.0439491810018204,0.0,0.0,0.0,0.0,1437,0.5591429148634144,0.0,0.0,SHAP_content
0.4782905990065377,-0.2087943318331302,-0.0970886715936552,0.0,0.0,-5.960463372867153e-11,-5.960464066756542e-11,4217,0.7841736024333231,0.0,1.1920927439623696e-10,SHAP_content
-0.313967947283002,-0.0772383808768876,-0.0522658849321305,0.0,0.0,8.673617379884035e-19,0.0,2442,0.4434722130920202,0.0,8.673617379884035e-19,SHAP_content
-0.2997761102104899,-0.0769277158619348,-0.0594529487788289,0.0,0.0,1.734723475976807e-18,0.0,2255,0.4361567748512537,0.0,1.734723475976807e-18,SHAP_content
0.1290593226288434,0.1705981352607518,0.128052149537653,0.0,0.0,-6.938893903907228e-18,0.0,237,0.4277096074272482,0.0,6.938893903907228e-18,SHAP_content
0.487711435402946,-0.2089468566775528,-0.0916653323973878,0.0,0.0,1.3877787807814457e-17,0.0,1797,0.7883236244778867,0.0,1.3877787807814457e-17,SHAP_content
0.4570709091112192,-0.0460864437816198,0.0781716298820349,0.0,0.0,5.960464066756542e-11,5.960464066756542e-11,1809,0.581328982774874,0.0,1.1920928133513087e-10,SHAP_content
0.3813605218500091,0.0711929397846896,0.0636422807985007,0.0,0.0,-6.938893903907228e-18,0.0,1003,0.5161957424331995,0.0,6.938893903907228e-18,SHAP_content
-0.3495271775587258,-0.0514926330236291,-0.0460706304428677,0.0,0.0,4.336808689942019e-19,0.0,3859,0.4470904410252226,0.0,4.336808689942019e-19,SHAP_content
-0.0808745033264695,-0.009046151636682,-0.1251137125336875,0.0,0.0,0.0,0.0,4544,0.2150343674968392,0.0,0.0,SHAP_content
-0.3462136420979502,-0.0388956394647091,-0.0529324566520032,0.0,0.0,8.673617379884035e-19,0.0,2393,0.4380417382146627,0.0,8.673617379884035e-19,SHAP_content
-0.3754146811629356,-0.0292551925708234,-0.0423327447618415,0.0,0.0,-4.336808689942019e-19,0.0,3010,0.4470026184956006,0.0,4.336808689942019e-19,SHAP_content
-0.3075550515178193,-0.0701423649954782,-0.0585005851943666,0.0,0.0,5.204170427930421e-18,0.0,4068,0.4361980017076642,0.0,5.204170427930421e-18,SHAP_content
0.48616178378298,-0.0930419609489416,0.073860364408121,0.0,0.0,0.0,0.0,1076,0.6530641091400426,0.0,0.0,SHAP_content
-0.3507423144869283,-0.050633080299744,-0.0457172295747144,0.0,0.0,3.903127820947816e-18,0.0,4108,0.4470926243613868,0.0,3.903127820947816e-18,SHAP_content
-0.4548467512969604,0.0447246342934337,-0.0369555538434227,0.0,0.0,7.37257477290143e-18,0.0,3855,0.5365269394338169,0.0,7.37257477290143e-18,SHAP_content
0.2330945863478208,-0.1888789984138002,-0.1322020590456668,0.0,0.0,-1.3877787807814457e-17,0.0,3412,0.5541756438072879,0.0,1.3877787807814457e-17,SHAP_content
-0.2747333930302664,-0.1068292012948529,-0.0593105060774057,0.0,0.0,0.0,0.0,3935,0.440873100402525,0.0,0.0,SHAP_content
-0.2365390561480922,-0.1243656278950021,-0.070399685058898,0.0,0.0,3.469446951953614e-18,0.0,2505,0.4313043691019924,0.0,3.469446951953614e-18,SHAP_content
0.444935174350148,-0.0659023426710537,0.0955535638874973,0.0,0.0,0.0,0.0,1199,0.6063910809086992,0.0,0.0,SHAP_content
0.3796150252690586,0.0398503899519038,0.0890506263607962,0.0,0.0,-6.938893903907228e-18,0.0,4411,0.5085160415817588,0.0,6.938893903907228e-18,SHAP_content
-0.3867748013079912,0.0090006568212535,-0.0544191282405639,0.0,0.0,8.673617379884035e-19,0.0,3904,0.4501945863698087,0.0,8.673617379884035e-19,SHAP_content
0.2224201709869449,0.2119937672810407,0.0878310795634681,0.0,0.0,-3.469446951953614e-18,0.0,300,0.5222450178314537,0.0,3.469446951953614e-18,SHAP_content
-0.3779729147072233,0.0473877415515012,-0.0721786647729216,0.0,0.0,-2.6020852139652106e-18,0.0,2898,0.4975393210316461,0.0,2.6020852139652106e-18,SHAP_content
-0.3617888237386528,-0.0408266820981585,-0.0444771183210004,0.0,0.0,2.1684043449710093e-19,0.0,2507,0.4470926241578118,0.0,2.1684043449710093e-19,SHAP_content
0.4624173671760735,-0.0540142525998456,0.0777165413358228,0.0,0.0,6.938893903907228e-18,0.0,942,0.594148161111742,0.0,6.938893903907228e-18,SHAP_content
-0.2291274838367109,-0.1121809206526245,-0.0780535835733947,0.0,0.0,-5.204170427930421e-18,0.0,4071,0.4193619880627303,0.0,5.204170427930421e-18,SHAP_content
-0.3879437361710768,-0.0163639631791725,-0.0421678191480805,0.0,0.0,-3.469446951953614e-18,0.0,2370,0.4464755184983299,0.0,3.469446951953614e-18,SHAP_content
0.4584847944068332,-0.0649503748779993,0.0898408001191786,0.0,0.0,6.938893903907228e-18,0.0,1259,0.6132759694040112,0.0,6.938893903907228e-18,SHAP_content
0.4348065261995221,-0.2402482026477598,-0.1113102167691977,0.0,0.0,1.3877787807814457e-17,0.0,4075,0.7863649456164796,0.0,1.3877787807814457e-17,SHAP_content
0.4766352735623194,-0.2139096166931604,-0.0980987325283058,0.0,0.0,-1.3877787807814457e-17,0.0,2522,0.7886436227837856,0.0,1.3877787807814457e-17,SHAP_content
-0.0987655626674036,-0.1856470652637689,-0.1043900809281428,0.0,0.0,-8.940696100134815e-11,-8.940696447079509e-11,3956,0.3888027088593154,0.0,1.7881392547214323e-10,SHAP_content
-0.3383468568919294,-0.0621569484250012,-0.0465425413383233,0.0,0.0,3.0357660829594124e-18,0.0,4042,0.4470463466552539,0.0,3.0357660829594124e-18,SHAP_content
-0.2945670176322733,0.0582666859893322,-0.0990888670726175,0.0,0.0,-7.806255641895632e-18,0.0,3156,0.451922570694223,0.0,7.806255641895632e-18,SHAP_content
-0.1038677457932832,0.2564215345006394,0.1269808175754828,0.0,0.0,8.673617379884035e-18,0.0,463,0.4872700978694055,0.0,8.673617379884035e-18,SHAP_content
-0.2770615800729937,0.2428684915035549,0.1053023518156264,0.0,0.0,-8.673617379884035e-19,0.0,5,0.6252324233921751,0.0,8.673617379884035e-19,SHAP_content
0.0174720965652756,0.1479362505876361,0.1370609343466022,0.0,0.0,1.0408340855860844e-17,0.0,841,0.3024692814995139,0.0,1.0408340855860844e-17,SHAP_content
0.3831006940866173,-0.0558485298015631,0.1143125428202337,0.0,0.0,-1.3877787807814457e-17,0.0,1868,0.5532617667084141,0.0,1.3877787807814457e-17,SHAP_content
0.1683095246272862,0.2600428589307408,0.0898231867560315,0.0,0.0,0.0,0.0,326,0.5181755703140586,0.0,0.0,SHAP_content
-0.3207393593236312,-0.0765106085951685,-0.0498410130824085,0.0,0.0,-3.0357660829594124e-18,0.0,4049,0.4470909810012082,0.0,3.0357660829594124e-18,SHAP_content
-0.127371074109128,-0.0698841095699942,-0.1172561470993484,0.0,0.0,3.469446951953614e-18,0.0,4207,0.3145113307784707,0.0,3.469446951953614e-18,SHAP_content
-0.1552020761966996,-0.1530813702294086,-0.0939683354498508,0.0,0.0,-6.938893903907228e-18,0.0,3208,0.4022517818759591,0.0,6.938893903907228e-18,SHAP_content
-0.4718636919428112,0.0614441770528603,-0.0366731094714359,0.0,0.0,6.938893905522817e-18,0.0,4387,0.5699809784671075,0.0,6.938893905522817e-18,SHAP_content
0.4713386568584035,-0.0728635267538919,0.080695101063887,0.0,0.0,0.0,0.0,1464,0.6248972846761824,0.0,0.0,SHAP_content
-0.6126280851282303,0.2362338815906847,0.0413630648243137,0.0,0.0,-8.673617379884035e-19,0.0,892,0.8902250315432287,0.0,8.673617379884035e-19,SHAP_content
-0.3778076281076846,-0.0268427114956547,-0.0424422847580475,0.0,0.0,-2.1684043449710093e-19,0.0,3131,0.4470926243613869,0.0,2.1684043449710093e-19,SHAP_content
-0.3426279979948107,-0.0547030507252253,-0.047798302717747,0.0,0.0,6.0715321659188256e-18,0.0,2061,0.445129351437783,0.0,6.0715321659188256e-18,SHAP_content
-0.4034585694926105,-0.0028172476675951,-0.0408069699855239,0.0,0.0,4.336808689942019e-19,0.0,3201,0.4470827871457297,0.0,4.336808689942019e-19,SHAP_content
0.4231923075167898,-0.0604138746076517,0.1022767031207105,0.0,0.0,0.0,0.0,694,0.5858828852451521,0.0,0.0,SHAP_content
0.4722312911236866,-0.0553443802643378,0.0650250147594278,0.0,0.0,-1.3877787807814457e-17,0.0,387,0.5926006861474524,0.0,1.3877787807814457e-17,SHAP_content
0.0796466475201481,-0.1673887286932933,-0.1355390210620438,0.0,0.0,0.0,0.0,2571,0.3825743972754852,0.0,0.0,SHAP_content
-0.3439212815607162,-0.0565907545847777,-0.0463378387394368,0.0,0.0,0.0,0.0,3103,0.4468498748849308,0.0,0.0,SHAP_content
-0.3561666813355128,-0.0457891234465747,-0.0451368194763457,0.0,0.0,2.1684043449710093e-19,0.0,4232,0.4470926242584333,0.0,2.1684043449710093e-19,SHAP_content
-0.3355170954428093,-0.0640107425714087,-0.0475598581773678,0.0,0.0,-4.336808689942019e-19,0.0,4658,0.4470876961915858,0.0,4.336808689942019e-19,SHAP_content
-0.3539904605471461,-0.0429239813711171,-0.0473515292550291,0.0,0.0,0.0,0.0,3333,0.4442659711732923,0.0,0.0,SHAP_content
0.2223929165947852,0.307998327826303,0.0225161312175249,0.0,0.0,-6.938893903907228e-18,0.0,603,0.5529073756386133,0.0,6.938893903907228e-18,SHAP_content
0.1998563189003464,0.1638853250497495,0.1134842239222703,0.0,0.0,8.940695753190119e-11,8.940696794024204e-11,842,0.4772258678723663,0.0,1.7881392547214323e-10,SHAP_content
0.1078051925077938,-0.0782673165504653,-0.1314490053674672,0.0,0.0,-1.0408340855860844e-17,0.0,322,0.3175215144257264,0.0,1.0408340855860844e-17,SHAP_content
0.4613255835092484,-0.2212520055551178,-0.1030881288139305,0.0,0.0,0.0,0.0,2747,0.7856657178782969,0.0,0.0,SHAP_content
0.475557524933636,-0.043596053616798,0.049883995123014,0.0,0.0,0.0,0.0,1867,0.5690375736734481,0.0,0.0,SHAP_content
0.1433857832285356,0.3039837795087101,0.081026535225739,0.0,0.0,-3.469446951953614e-18,0.0,865,0.5283960979629848,0.0,3.469446951953614e-18,SHAP_content
-0.3618771849318268,-0.0409579725353429,-0.0442574668739545,0.0,0.0,3.686287386450715e-18,0.0,3061,0.4470926243411243,0.0,3.686287386450715e-18,SHAP_content
-0.4054339481488342,-0.0010206190552617,-0.0405616929698836,0.0,0.0,-4.336808689942019e-19,0.0,4089,0.4470162601739796,0.0,4.336808689942019e-19,SHAP_content
0.193613849149153,-0.2592572081067504,-0.1369663309288444,0.0,0.0,0.0,0.0,4319,0.5898373881847478,0.0,0.0,SHAP_content
-0.3976713004777049,-0.0090176682569635,-0.0404036556267183,0.0,0.0,-4.336808689942019e-19,0.0,2613,0.4470926243613868,0.0,4.336808689942019e-19,SHAP_content
0.4463833407165462,-0.0005030918139356,0.053994370884257,0.0,0.0,6.938893903907228e-18,0.0,4260,0.5008808034147388,0.0,6.938893903907228e-18,SHAP_content
0.3010248570149132,0.0313346324478313,0.1197424843738055,0.0,0.0,-6.938893903907228e-18,0.0,4438,0.4521019738365502,0.0,6.938893903907228e-18,SHAP_content
-0.4734124438768317,0.0618724527669212,-0.0355526332487215,0.0,0.0,3.2526065174565133e-18,0.0,2563,0.5708375298924745,0.0,3.2526065174565133e-18,SHAP_content
0.0408027476751623,-0.1830546453102488,-0.1327515672376224,0.0,0.0,0.0,0.0,3367,0.3566089602230335,0.0,0.0,SHAP_content
0.0181422563587361,-0.2177682485747047,-0.1268740603504314,0.0,0.0,0.0,0.0,2602,0.3627845652838723,0.0,0.0,SHAP_content
0.4725067720495117,-0.0986589847157966,0.0933040612853973,0.0,0.0,1.3877787807814457e-17,0.0,1280,0.6644698180507057,0.0,1.3877787807814457e-17,SHAP_content
-0.3354848790428285,-0.0590885229866557,-0.0493973070585343,0.0,0.0,0.0,0.0,3632,0.4439707090880186,0.0,0.0,SHAP_content
0.4485343210825759,-0.0579870908653699,0.0919413703397727,0.0,0.0,0.0,0.0,830,0.5984627822877187,0.0,0.0,SHAP_content
-0.3745807068646413,-0.0301416223776609,-0.0423701565686228,0.0,0.0,6.938893903907228e-18,0.0,3149,0.4470924858109251,0.0,6.938893903907228e-18,SHAP_content
0.0684524038762741,-0.1253257787789104,-0.134535320730647,0.0,0.0,0.0,0.0,3799,0.3283135033858316,0.0,0.0,SHAP_content
0.3151914652545984,0.1330946727715357,0.0757620991237094,0.0,0.0,3.469446951953614e-18,0.0,1904,0.5240482371498436,0.0,3.469446951953614e-18,SHAP_content
0.4299731817758413,-0.0585030775824902,0.0993337210111496,0.0,0.0,0.0,0.0,455,0.5878099803694811,0.0,0.0,SHAP_content
0.1448321003249917,0.2969613383803905,0.08353027823801,0.0,0.0,6.938893903907228e-18,0.0,307,0.5253237169433923,0.0,6.938893903907228e-18,SHAP_content
-0.3732696766343386,-0.0311657804253655,-0.0425494804368884,0.0,0.0,3.903127820947816e-18,0.0,2120,0.4469849374965925,0.0,3.903127820947816e-18,SHAP_content
-0.3520469977165638,-0.0494193175733311,-0.0456263090267633,0.0,0.0,-3.686287386450715e-18,0.0,2305,0.4470926243166583,0.0,3.686287386450715e-18,SHAP_content
-0.4306056446777195,0.0218750805350788,-0.0383585937574523,0.0,0.0,-3.469446951953614e-18,0.0,2262,0.4908393189702506,0.0,3.469446951953614e-18,SHAP_content
-0.3451745119630414,-0.0531384712498057,-0.0472404329207711,0.0,0.0,0.0,0.0,2050,0.4455534161336182,0.0,0.0,SHAP_content
0.2937904011192982,0.0756199911489198,0.1104187682481723,0.0,0.0,0.0,0.0,1302,0.4798291605163903,0.0,0.0,SHAP_content
0.2971780599470622,0.0100768844003061,0.1249725163399204,0.0,0.0,-6.938893903907228e-18,0.0,328,0.4322274606872889,0.0,6.938893903907228e-18,SHAP_content
0.0492167090897305,-0.1299246563953598,-0.1341105917724781,0.0,0.0,3.469446951953614e-18,0.0,4682,0.3132519572575685,0.0,3.469446951953614e-18,SHAP_content
0.4367954821585853,-0.0356949420909294,0.0901713413387796,0.0,0.0,-2.0816681711721685e-17,0.0,1704,0.5626617655882944,0.0,2.0816681711721685e-17,SHAP_content
0.3302778940670276,0.1019563449652923,0.0866559312487416,0.0,0.0,5.960466148424715e-11,5.960464066756542e-11,4017,0.5188901702810615,0.0,1.1920930215181258e-10,SHAP_content
-0.3250549512461405,-0.0689971883121628,-0.0502798744927228,0.0,0.0,0.0,0.0,4649,0.4443320140510262,0.0,0.0,SHAP_content
-0.3714758030552873,-0.0327312304380849,-0.0428470194923888,0.0,0.0,2.6020852139652106e-18,0.0,4531,0.4470540529857611,0.0,2.6020852139652106e-18,SHAP_content
0.4608268421901508,-0.0617893751170107,0.0861279780807013,0.0,0.0,0.0,0.0,1718,0.6087441953878628,0.0,0.0,SHAP_content
-0.3429625131965666,-0.0567487955839782,-0.0468093384665371,0.0,0.0,0.0,0.0,2977,0.446520647247082,0.0,0.0,SHAP_content
-0.3897294479946915,-0.0027421574816014,-0.0479266228586614,0.0,0.0,2.6020852139652106e-18,0.0,2612,0.4403982283349544,0.0,2.6020852139652106e-18,SHAP_content
-0.3610553092934623,-0.0414228264792924,-0.0446124627552477,0.0,0.0,-5.0931481254679056e-14,-5.0931481254679056e-14,4214,0.4470905985280025,0.0,1.0186296250935813e-13,SHAP_content
0.3442814021235926,-0.0122246547490184,0.1169984754396372,0.0,0.0,0.0,0.0,479,0.4735045323122483,0.0,0.0,SHAP_content
0.0442773017483021,0.1507769230072944,0.1373256807711696,0.0,0.0,6.938893903907228e-18,0.0,3629,0.3323799055267662,0.0,6.938893903907228e-18,SHAP_content
0.4222676565243742,-0.0398321627755035,0.0973290553325829,0.0,0.0,-6.938893903907228e-18,0.0,1175,0.5594288746324607,0.0,6.938893903907228e-18,SHAP_content
-0.0446600668979994,-0.1848709120164989,-0.119221558807961,0.0,0.0,3.469446951953614e-18,0.0,4302,0.3487525377224594,0.0,3.469446951953614e-18,SHAP_content
-0.3268899557464458,-0.0717193067085547,-0.0484772774504961,0.0,0.0,-3.469446951953614e-18,0.0,2957,0.4470865399054967,0.0,3.469446951953614e-18,SHAP_content
-0.287138694836494,-0.1057770610753405,-0.0536580661871751,0.0,0.0,-3.469446951953614e-18,0.0,3657,0.4465738220990098,0.0,3.469446951953614e-18,SHAP_content
0.060430383024874,0.3944254622155173,0.0744067850483377,0.0,0.0,-3.469446951953614e-18,0.0,117,0.5292626302887291,0.0,3.469446951953614e-18,SHAP_content
0.3766766690360025,0.0482777047322924,0.087146231545611,0.0,0.0,0.0,0.0,1971,0.5121006053139061,0.0,0.0,SHAP_content
0.4496176950450075,-0.0633655038973328,0.0930135862662986,0.0,0.0,0.0,0.0,1557,0.605996785208639,0.0,0.0,SHAP_content
-0.4044959673084274,-0.0017074151331955,-0.0405202699600761,0.0,0.0,0.0,0.0,2862,0.4467236524016991,0.0,0.0,SHAP_content
0.1169781279862731,0.0781191601320886,0.1404491139236786,0.0,0.0,1.1920926745734306e-10,1.1920928827402475e-10,3754,0.3355464020420405,0.0,2.3841855573136783e-10,SHAP_content
0.468986915688751,-0.0256372311471334,0.0448184638020738,0.0,0.0,0.0,0.0,879,0.5394426106379583,0.0,0.0,SHAP_content
0.2809049034103359,0.1450025601955603,0.0908044550510579,0.0,0.0,3.469446951953614e-18,0.0,1029,0.5167119186569542,0.0,3.469446951953614e-18,SHAP_content
-0.219398196319966,-0.1091375464948347,-0.0830377100404196,0.0,0.0,-5.204170427930421e-18,0.0,3282,0.4115734528552205,0.0,5.204170427930421e-18,SHAP_content
0.2224310929517085,0.1203321057751597,0.1193588523382279,0.0,0.0,-1.0408340855860844e-17,0.0,466,0.4621220510650962,0.0,1.0408340855860844e-17,SHAP_content
-0.4083990238017175,0.0013363167050303,-0.0400299155228027,0.0,0.0,0.0,0.0,2265,0.4497652560295506,0.0,0.0,SHAP_content
-0.1690048216791178,0.0181289274217917,-0.1170963682990986,0.0,0.0,3.469446951953614e-18,0.0,4236,0.3042301174000082,0.0,3.469446951953614e-18,SHAP_content
-0.3661745846693333,-0.0308961872025364,-0.0467107972427766,0.0,0.0,-6.0715321659188256e-18,0.0,4045,0.4437815691146463,0.0,6.0715321659188256e-18,SHAP_content
-0.2684115324997677,-0.0939644108814091,-0.0674662866209789,0.0,0.0,4.470348050067407e-11,4.470348397012103e-11,4521,0.4298422300021557,0.0,8.940696447079509e-11,SHAP_content
0.4292092877193543,-0.0588844804437716,0.0997133366621332,0.0,0.0,-6.938893903907228e-18,0.0,2493,0.5878071048252591,0.0,6.938893903907228e-18,SHAP_content
0.0660556663861101,0.2746974766988929,0.115763806394705,0.0,0.0,-8.673617379884035e-18,0.0,1160,0.456516949479708,0.0,8.673617379884035e-18,SHAP_content
-0.4165079602217849,0.2661664397535334,0.0877630491105573,0.0,0.0,3.0357660829594124e-18,0.0,3083,0.7704374490858756,0.0,3.0357660829594124e-18,SHAP_content
0.1533936647696337,0.3154176630910498,0.0690742467830565,0.0,0.0,0.0,0.0,1969,0.5378855746437401,0.0,0.0,SHAP_content
-0.0929588749012394,0.2615393182856849,0.1274876568940603,0.0,0.0,-6.938893903907228e-18,0.0,1198,0.4819858500809847,0.0,6.938893903907228e-18,SHAP_content
0.4755103367510687,-0.0748506676077192,0.0761503373012328,0.0,0.0,1.3877787807814457e-17,0.0,1356,0.6265113416600209,0.0,1.3877787807814457e-17,SHAP_content
0.4082288478616696,-0.0657201977252339,0.1085341491624557,0.0,0.0,-1.3877787807814457e-17,0.0,1901,0.5824831947493593,0.0,1.3877787807814457e-17,SHAP_content
0.2358452499157907,0.2206759630852652,0.0752376002062219,0.0,0.0,-3.469446951953614e-18,0.0,1975,0.5317588132072779,0.0,3.469446951953614e-18,SHAP_content
0.4195028472740346,-0.0262601929549058,0.0944922874663351,0.0,0.0,-2.0816681711721685e-17,0.0,776,0.5402553276952755,0.0,2.0816681711721685e-17,SHAP_content
-0.4169228273699337,0.0093486532088898,-0.0395184094051604,0.0,0.0,-3.2526065174565133e-18,0.0,2652,0.465789889983984,0.0,3.2526065174565133e-18,SHAP_content
0.4720359889997731,-0.0671591257976351,0.0750340748868839,0.0,0.0,6.938893903907228e-18,0.0,568,0.6142291896842923,0.0,6.938893903907228e-18,SHAP_content
0.255681911367401,0.2616029350075494,0.0275980155421966,0.0,0.0,6.938893903907228e-18,0.0,1786,0.5448828619171471,0.0,6.938893903907228e-18,SHAP_content
0.4654644875103897,-0.082525538535612,0.0918834213804798,0.0,0.0,1.3877787807814457e-17,0.0,4205,0.6398734474264816,0.0,1.3877787807814457e-17,SHAP_content
-0.3913939801178641,-0.0143910734938031,-0.041307569795033,0.0,0.0,3.469446951953614e-18,0.0,4091,0.4470926234067002,0.0,3.469446951953614e-18,SHAP_content
0.0850202832087858,0.2718752888803034,0.1122790197551207,0.0,0.0,-5.204170427930421e-18,0.0,25,0.46917459184421,0.0,5.204170427930421e-18,SHAP_content
0.2569056446348126,-0.3077754478880077,-0.1351400526679451,0.0,0.0,0.0,0.0,3126,0.6998211451907654,0.0,0.0,SHAP_content
0.0074405801375658,0.4813057283281803,0.0558430602997362,0.0,0.0,-5.960465281062977e-11,-5.960464587173586e-11,1092,0.5445893687654824,0.0,1.1920929868236563e-10,SHAP_content
-0.281126345946475,0.0545009169189042,-0.1014946926849855,0.0,0.0,-1.734723475976807e-18,0.0,1257,0.4371219555503648,0.0,1.734723475976807e-18,SHAP_content
0.4860166573369245,-0.1089793798224557,0.0874024405580737,0.0,0.0,-6.938893903907228e-18,0.0,1998,0.6823984777174541,0.0,6.938893903907228e-18,SHAP_content
0.0782088428027457,0.3486402494360314,0.0873340993635811,0.0,0.0,-5.204170427930421e-18,0.0,84,0.5141831916023584,0.0,5.204170427930421e-18,SHAP_content
0.4216612617677592,-0.0369416984218976,0.0967577252032129,0.0,0.0,-1.3877787807814457e-17,0.0,1665,0.5553606853928698,0.0,1.3877787807814457e-17,SHAP_content
0.0150168913191238,-0.2401154529812301,-0.1230593750252349,0.0,0.0,3.469446951953614e-18,0.0,3487,0.3781917193255888,0.0,3.469446951953614e-18,SHAP_content
-0.3914038858567443,-0.0143178139690094,-0.0413084207567042,0.0,0.0,1.309742245214629e-13,1.30967285627559e-13,4455,0.447030120582458,0.0,2.619415101490219e-13,SHAP_content
-0.3907985253114303,0.0083536276884831,-0.052298232936846,0.0,0.0,4.3368086899420185e-18,0.0,2685,0.4514503859367595,0.0,4.3368086899420185e-18,SHAP_content
-0.3303766487014029,-0.0690425969858789,-0.047655467454703,0.0,0.0,-3.469446951953614e-18,0.0,2789,0.4470747131419848,0.0,3.469446951953614e-18,SHAP_content
0.4880804630571358,-0.2144268199233017,-0.0885507351732909,0.0,0.0,-6.938893903907228e-18,0.0,3259,0.7910580181537284,0.0,6.938893903907228e-18,SHAP_content
0.2422976752057333,0.227787714989806,0.0635119282798352,0.0,0.0,3.469446951953614e-18,0.0,755,0.5335973184753746,0.0,3.469446951953614e-18,SHAP_content
-0.2775084742868428,-0.103426225536803,-0.0593608236547637,0.0,0.0,0.0,0.0,2143,0.4402955234784095,0.0,0.0,SHAP_content
0.242756931233218,0.2192562031311633,0.0700507354148568,0.0,0.0,-3.469446951953614e-18,0.0,2199,0.5320638697792381,0.0,3.469446951953614e-18,SHAP_content
-0.386382793962378,-0.0047266308738948,-0.0486606115209421,0.0,0.0,-8.673617379884035e-19,0.0,3903,0.439770036357215,0.0,8.673617379884035e-19,SHAP_content
0.3095658462708678,-0.0255031437260301,0.1277483195628918,0.0,0.0,-6.938893903907228e-18,0.0,511,0.4628173095597898,0.0,6.938893903907228e-18,SHAP_content
0.0635679380658875,-0.2837218467740907,-0.1252471268937612,0.0,0.0,-6.938893903907228e-18,0.0,2125,0.4725369117337396,0.0,6.938893903907228e-18,SHAP_content
0.2149573892393129,0.1382793867569432,0.1165667044549792,0.0,0.0,6.938893903907228e-18,0.0,2436,0.4698034804512354,0.0,6.938893903907228e-18,SHAP_content
-0.4032590984002168,-0.0029723505562103,-0.0408502599214878,0.0,0.0,-7.37257477290143e-18,0.0,3209,0.4470817088779151,0.0,7.37257477290143e-18,SHAP_content
0.4002249217847858,-0.0149944029810345,0.0988041666340561,0.0,0.0,6.938893903907228e-18,0.0,731,0.5140234913998766,0.0,6.938893903907228e-18,SHAP_content
-0.2749659113361235,-0.1152859830918469,-0.0555803859943504,0.0,0.0,8.673617379884035e-19,0.0,2220,0.4458322804223209,0.0,8.673617379884035e-19,SHAP_content
0.474638108676723,-0.0536739660919801,0.0599833202769232,0.0,0.0,0.0,0.0,686,0.5882953950456264,0.0,0.0,SHAP_content
0.2222620287685012,0.3081778109221077,0.0224674167387144,0.0,0.0,-6.938893903907228e-18,0.0,530,0.5529072564293234,0.0,6.938893903907228e-18,SHAP_content
-0.4289982743896017,0.0214093756074314,-0.0394249454464823,0.0,0.0,9.546183288300371e-15,9.549652735252323e-15,4578,0.4898325954435155,0.0,1.9095836023552692e-14,SHAP_content
0.4761519292207624,-0.0354365660534778,0.0414727703753813,0.0,0.0,6.938893903907228e-18,0.0,765,0.5530612656496217,0.0,6.938893903907228e-18,SHAP_content
0.4619937813634017,-0.0600145465962803,0.0831566464829114,0.0,0.0,0.0,0.0,1479,0.6051649744425935,0.0,0.0,SHAP_content
0.2096601435388352,-0.3057995667474886,-0.1360827482718741,0.0,0.0,-6.938893903907228e-18,0.0,2783,0.6515424585581979,0.0,6.938893903907228e-18,SHAP_content
0.3763222281394681,0.035076533402136,0.0922484746316769,0.0,0.0,-1.3877787807814457e-17,0.0,2002,0.5036472361732811,0.0,1.3877787807814457e-17,SHAP_content
0.0429545380918324,0.412139136277819,0.0733997579782515,0.0,0.0,-6.938893903907228e-18,0.0,1361,0.5284934323479031,0.0,6.938893903907228e-18,SHAP_content
0.4853904555577596,-0.1012957988391167,0.0820569663564937,0.0,0.0,-1.3877787807814457e-17,0.0,4560,0.6687432207533701,0.0,1.3877787807814457e-17,SHAP_content
-0.3345872930638324,-0.0598437916028333,-0.049512919212187,0.0,0.0,0.0,0.0,3666,0.4439440038788527,0.0,0.0,SHAP_content
-0.379186931740005,-0.0257101790322067,-0.042195513583522,0.0,0.0,-3.686287386450715e-18,0.0,4282,0.4470926243557338,0.0,3.686287386450715e-18,SHAP_content
0.2551799270187467,0.1057154201722581,0.1139649317183297,0.0,0.0,-1.3877787807814457e-17,0.0,179,0.4748602789093346,0.0,1.3877787807814457e-17,SHAP_content
0.0982317788270796,0.1381273422907061,0.1364985370945272,0.0,0.0,-3.469446951953614e-18,0.0,374,0.3728576582123131,0.0,3.469446951953614e-18,SHAP_content
-0.3555027777052031,-0.0176937116241133,-0.0575785961150056,0.0,0.0,0.0,0.0,1633,0.430775085444322,0.0,0.0,SHAP_content
-0.1258582985586339,-0.1608696526926397,-0.1019359236680126,0.0,0.0,0.0,0.0,4102,0.3886638749192863,0.0,0.0,SHAP_content
-0.3148013119571544,-0.0397182357417608,-0.0671893359989432,0.0,0.0,-1.734723475976807e-18,0.0,2757,0.4217088836978584,0.0,1.734723475976807e-18,SHAP_content
-0.4511531139018582,0.0425181231959514,-0.0381606957134409,0.0,0.0,-3.469446951953614e-18,0.0,2985,0.5318319328112506,0.0,3.469446951953614e-18,SHAP_content
-0.375090895176368,-0.0293507695405993,-0.0426509596319692,0.0,0.0,0.0,0.0,2859,0.4470926243489366,0.0,0.0,SHAP_content
0.4406179357324357,-0.0662551503737855,0.0973083470319772,0.0,0.0,0.0,0.0,1184,0.6041814331381985,0.0,0.0,SHAP_content
0.4261312878301106,-0.0587897233208667,0.1008205232341666,0.0,0.0,-1.3877787807814457e-17,0.0,1714,0.5857415343851441,0.0,1.3877787807814457e-17,SHAP_content
0.0604514153783845,0.400234829917125,0.0717695846277718,0.0,0.0,-1.214306433183765e-17,0.0,3122,0.5324558299232813,0.0,1.214306433183765e-17,SHAP_content
-0.3140260597787235,-0.0714142645076856,-0.0547578457149696,0.0,0.0,0.0,0.0,3184,0.4401981700013788,0.0,0.0,SHAP_content
-0.375119239940394,-0.0296303849127435,-0.0423429395749429,0.0,0.0,3.469446951953614e-18,0.0,2055,0.4470925644280806,0.0,3.469446951953614e-18,SHAP_content
-0.3522745247880147,-0.0499195508684655,-0.0448163482099623,0.0,0.0,-3.903127820947816e-18,0.0,4069,0.4470104238664426,0.0,3.903127820947816e-18,SHAP_content
-0.4160377261141588,0.0160734990382166,-0.0433842078908067,0.0,0.0,-3.903127820947816e-18,0.0,2718,0.4754954330431822,0.0,3.903127820947816e-18,SHAP_content
-0.3805525155836976,-0.0244932019142391,-0.0420469068634498,0.0,0.0,-2.1684043449710093e-19,0.0,2080,0.4470926243613866,0.0,2.1684043449710093e-19,SHAP_content
0.4078675098849583,-0.0289365178471814,0.0998590211015992,0.0,0.0,0.0,0.0,1793,0.536663048833739,0.0,0.0,SHAP_content
0.1826289733716947,0.2203307020486202,0.1001058194199584,0.0,0.0,-1.0408340855860844e-17,0.0,238,0.5030654948402734,0.0,1.0408340855860844e-17,SHAP_content
0.1625562501415884,0.2055628736447999,0.1116523990385041,0.0,0.0,0.0,0.0,127,0.4797715228248925,0.0,0.0,SHAP_content
0.2188021772564625,0.1388328160074605,0.1153101288041335,0.0,0.0,3.469446951953614e-18,0.0,354,0.4729451220680566,0.0,3.469446951953614e-18,SHAP_content
0.1751273797335006,0.2856336468726987,0.0751206994848368,0.0,0.0,-1.3877787807814457e-17,0.0,164,0.5358817260910362,0.0,1.3877787807814457e-17,SHAP_content
0.4832643619241241,-0.0848046774776265,0.0719653532404554,0.0,0.0,0.0,0.0,4458,0.640034392642206,0.0,0.0,SHAP_content
0.4686089584494232,-0.0814934984024713,0.0903253423532884,0.0,0.0,0.0,0.0,1510,0.640427799205183,0.0,0.0,SHAP_content
-0.3342669822766588,-0.0647744905429978,-0.048050614844075,0.0,0.0,0.0,0.0,4147,0.4470920876637317,0.0,0.0,SHAP_content
-0.3920014732393198,-0.0141812932944572,-0.0409098577989979,0.0,0.0,4.336808689942019e-19,0.0,2319,0.4470926243327749,0.0,4.336808689942019e-19,SHAP_content
0.1148375443770694,0.3772884806036654,0.055332592055736,0.0,0.0,1.7347234759768068e-17,0.0,3199,0.5474586170364709,0.0,1.7347234759768068e-17,SHAP_content
0.292246814948387,0.0953574185511454,0.104730160304669,0.0,0.0,-3.469446951953614e-18,0.0,1890,0.4923343938042016,0.0,3.469446951953614e-18,SHAP_content
0.240776235502489,0.1062465612911618,0.1180437833279948,0.0,0.0,-3.469446951953614e-18,0.0,1319,0.4650665801216456,0.0,3.469446951953614e-18,SHAP_content
-0.3311405341081164,-0.0672078891366326,-0.048744200387092,0.0,0.0,2.1684043449710093e-19,0.0,4266,0.447092623631841,0.0,2.1684043449710093e-19,SHAP_content
-0.3439121258589639,-0.0572562429307025,-0.045857196759301,0.0,0.0,4.336808689942019e-19,0.0,3546,0.4470255655489675,0.0,4.336808689942019e-19,SHAP_content
-0.2506724411975946,-0.0721144716906093,-0.0825626639377636,0.0,0.0,0.0,0.0,2540,0.4053495768259676,0.0,0.0,SHAP_content
0.2426623773183641,0.1339982851758231,0.1093594536610885,0.0,0.0,-2.4286128663675302e-17,0.0,472,0.4860201161552758,0.0,2.4286128663675302e-17,SHAP_content
-0.3617944354834245,-0.0415510794013132,-0.0436914420780935,0.0,0.0,-4.336808689942019e-19,0.0,3021,0.4470369569628313,0.0,4.336808689942019e-19,SHAP_content
0.344693894193969,0.0335927406475968,0.1052501729984328,0.0,0.0,-1.3877787807814457e-17,0.0,1997,0.4835368078399987,0.0,1.3877787807814457e-17,SHAP_content
0.2539572370373164,0.1598550741750647,0.0960715377576834,0.0,0.0,-1.0408340855860844e-17,0.0,18,0.5098838489700647,0.0,1.0408340855860844e-17,SHAP_content
0.3948489780112161,-0.2363052340436066,-0.1171262662953813,0.0,0.0,0.0,0.0,3952,0.7482804783502042,0.0,0.0,SHAP_content
0.2487066253147397,0.1573066499912426,0.0991051227096449,0.0,0.0,6.938893903907228e-18,0.0,2956,0.5051183980156273,0.0,6.938893903907228e-18,SHAP_content
0.1134854595061662,0.1620779714656832,0.1318317214230502,0.0,0.0,-1.3877787807814457e-17,0.0,2042,0.4073951523948997,0.0,1.3877787807814457e-17,SHAP_content
-0.2161258626932644,-0.157709233300534,-0.0666878382965418,0.0,0.0,1.734723475976807e-18,0.0,2137,0.4405229342903403,0.0,1.734723475976807e-18,SHAP_content
0.4707255390781865,-0.1044621090513802,0.0953701609743557,0.0,0.0,-1.3877787807814457e-17,0.0,1025,0.6705578091039225,0.0,1.3877787807814457e-17,SHAP_content
0.4404654050642272,-0.0849818365511864,0.1018021020703355,0.0,0.0,6.938893903907228e-18,0.0,97,0.6272493436857492,0.0,6.938893903907228e-18,SHAP_content
-0.2759737152617385,-0.0724247104494567,-0.0721387163520557,0.0,0.0,0.0,0.0,4216,0.4205371420632511,0.0,0.0,SHAP_content
-0.1549172420631118,0.267300276831976,0.1226332199591046,0.0,0.0,-6.938893903907228e-18,0.0,3114,0.5448507388541926,0.0,6.938893903907228e-18,SHAP_content
-0.4251301891213835,0.0166303787495086,-0.0385928139895071,0.0,0.0,-3.2526065174565133e-18,0.0,2835,0.4803533818603993,0.0,3.2526065174565133e-18,SHAP_content
-0.3379944532308738,-0.0449289138089822,-0.0543365342925729,0.0,0.0,1.862644934125246e-11,1.86264502086142e-11,3161,0.437259901332429,0.0,3.725289954986666e-11,SHAP_content
0.4035361484020474,-0.2350049069925791,-0.1156869870896722,0.0,0.0,6.938893903907228e-18,0.0,449,0.7542280424842988,0.0,6.938893903907228e-18,SHAP_content
0.4634307187405721,-0.0473212773019267,0.0709039265171674,0.0,0.0,-1.3877787807814457e-17,0.0,550,0.5816559225596662,0.0,1.3877787807814457e-17,SHAP_content
0.3410022706868494,-0.2881350589822632,-0.1277014113070618,0.0,0.0,-6.938893903907228e-18,0.0,3744,0.7568387409761745,0.0,6.938893903907228e-18,SHAP_content
0.2732559292317543,0.1766197625544141,0.0782466420433625,0.0,0.0,0.0,0.0,178,0.528122333829531,0.0,0.0,SHAP_content
0.4873373686860935,-0.2155559381046667,-0.0884782252652318,0.0,0.0,1.3877787807814457e-17,0.0,3654,0.7913715320559922,0.0,1.3877787807814457e-17,SHAP_content
0.4603398650237457,-0.0680453849518332,0.0899722719972121,0.0,0.0,-6.938893903907228e-18,0.0,1340,0.6183575219727911,0.0,6.938893903907228e-18,SHAP_content
0.3102144213097058,0.0759499420483765,0.1045534928751658,0.0,0.0,-2.4286128663675302e-17,0.0,4563,0.4907178562332482,0.0,2.4286128663675302e-17,SHAP_content
0.131699324916071,-0.1135383504508309,-0.1331027223045627,0.0,0.0,0.0,0.0,3548,0.3783403976714646,0.0,0.0,SHAP_content
-0.3126075909977429,-0.0815242044331017,-0.0511398613978478,0.0,0.0,0.0,0.0,3520,0.4452716568286924,0.0,0.0,SHAP_content
0.2612869957458703,0.0427717689997625,0.1271833715588737,0.0,0.0,0.0,0.0,1591,0.4312421363045066,0.0,0.0,SHAP_content
0.0305565989999532,0.4128124684595995,0.077883711850325,0.0,0.0,3.469446951953614e-18,0.0,1516,0.5212527793098778,0.0,3.469446951953614e-18,SHAP_content
0.2224409514415677,0.3072593918192802,0.0232058401656602,0.0,0.0,5.960466148424715e-11,5.960464760645934e-11,741,0.5529061834265083,0.0,1.1920930909070648e-10,SHAP_content
0.4437178294997812,-0.0688235612613076,0.0967802616169057,0.0,0.0,0.0,0.0,1769,0.6093216523779946,0.0,0.0,SHAP_content
-0.2997648902287559,-0.0728117359846985,-0.0611580831637062,0.0,0.0,1.734723475976807e-18,0.0,4358,0.4337347093771607,0.0,1.734723475976807e-18,SHAP_content
0.4648010536208736,-0.0565079799700101,0.0765457976542535,0.0,0.0,0.0,0.0,483,0.5978548312451373,0.0,0.0,SHAP_content
0.0996685322914394,-0.1957183244654493,-0.1361782950675115,0.0,0.0,-6.938893903907228e-18,0.0,4671,0.4315651518244003,0.0,6.938893903907228e-18,SHAP_content
-0.345239855351091,0.0155349202743158,-0.0740671526711472,0.0,0.0,8.673617379884035e-19,0.0,2810,0.4348419282965541,0.0,8.673617379884035e-19,SHAP_content
0.245196635388568,0.2782812313580114,0.0258966223869068,0.0,0.0,-2.0816681711721685e-17,0.0,2021,0.5493744891334863,0.0,2.0816681711721685e-17,SHAP_content
-0.5099233941335019,0.0960139279929548,-0.033183157065506,0.0,0.0,6.7220534694101275e-18,0.0,4647,0.6391204791919627,0.0,6.7220534694101275e-18,SHAP_content
0.1549241632956728,0.2705105628837293,0.0907381280702035,0.0,0.0,-3.469446951953614e-18,0.0,1910,0.5161728542496057,0.0,3.469446951953614e-18,SHAP_content
0.1595979771515226,0.051072426526817,0.140100276575294,0.0,0.0,3.469446951953614e-18,0.0,2485,0.3507706802536338,0.0,3.469446951953614e-18,SHAP_content
0.4792917314527529,-0.0690978536442232,0.0654946076399589,0.0,0.0,0.0,0.0,780,0.6138841927369352,0.0,0.0,SHAP_content
-0.0291643229852169,0.5063649718414819,0.0590953891206052,0.0,0.0,-2.0816681711721685e-17,0.0,77,0.5946246839473041,0.0,2.0816681711721685e-17,SHAP_content
0.4660004449757446,-0.0243079102305718,0.0482193474814227,0.0,0.0,-1.3877787807814457e-17,0.0,1889,0.5385277026877392,0.0,1.3877787807814457e-17,SHAP_content
-0.3773516753691308,-0.0271840831977264,-0.0425321437640267,0.0,0.0,-4.336808689942019e-19,0.0,4340,0.447067902330884,0.0,4.336808689942019e-19,SHAP_content
0.3558572317939397,-0.0131295379001175,0.1137769174244175,0.0,0.0,-6.938893903907228e-18,0.0,673,0.4827636871184748,0.0,6.938893903907228e-18,SHAP_content
0.1781035470130897,-0.2512916329369853,-0.1371268007007893,0.0,0.0,6.938893903907228e-18,0.0,2203,0.5665219806508645,0.0,6.938893903907228e-18,SHAP_content
0.168842230251672,0.2256130113669885,0.1029780911274964,0.0,0.0,-1.3877787807814457e-17,0.0,458,0.4974333327461571,0.0,1.3877787807814457e-17,SHAP_content
-0.3142665430207644,-0.0582120330458217,-0.0602160546109856,0.0,0.0,0.0,0.0,2865,0.4326946306775718,0.0,0.0,SHAP_content
0.3171319097423414,0.0785170453436362,0.1010820561307909,0.0,0.0,-3.469446951953614e-18,0.0,752,0.4967310112167685,0.0,3.469446951953614e-18,SHAP_content
-0.0673437282164356,0.5470281498230715,0.0554707238645887,0.0,0.0,-6.0715321659188256e-18,0.0,121,0.6698426019040958,0.0,6.0715321659188256e-18,SHAP_content
-0.3679039897796189,-0.0357232378858671,-0.0434653966958981,0.0,0.0,-4.336808689942019e-19,0.0,3637,0.4470926243613843,0.0,4.336808689942019e-19,SHAP_content
0.4419457995429713,-0.0325970082292231,0.0853165017290396,0.0,0.0,-1.3877787807814457e-17,0.0,699,0.5598593095012341,0.0,1.3877787807814457e-17,SHAP_content
-0.4002320462825996,-3.301099451320528e-05,-0.0438700446808252,0.0,0.0,-3.469446951953614e-18,0.0,2924,0.444135101957938,0.0,3.469446951953614e-18,SHAP_content
0.0945605100264418,0.1077663131060686,0.1393129619833365,0.0,0.0,6.938893903907228e-18,0.0,4167,0.3416397851158471,0.0,6.938893903907228e-18,SHAP_content
0.4427177633416261,-0.2178180810053649,-0.1077908921125344,0.0,0.0,0.0,0.0,1492,0.7683267364595255,0.0,0.0,SHAP_content
-0.1367952225472803,-0.1221269724693518,-0.1073640920477919,0.0,0.0,0.0,0.0,4633,0.366286287064424,0.0,0.0,SHAP_content
0.4798634985149997,-0.0672966112809972,0.0630566291516809,0.0,0.0,0.0,0.0,1948,0.6102167389476779,0.0,0.0,SHAP_content
-0.3565799859074471,-0.0073982285956468,-0.0612474084290928,0.0,0.0,4.3368086899420185e-18,0.0,2086,0.4252256229321868,0.0,4.3368086899420185e-18,SHAP_content
-0.407765651325412,0.0003690649009808,-0.0396960379369557,0.0,0.0,0.0,0.0,3365,0.4478307541633485,0.0,0.0,SHAP_content
0.3825881149143234,-0.0331640944320486,0.1098311067737701,0.0,0.0,0.0,0.0,31,0.5255833161201423,0.0,0.0,SHAP_content
-0.2920352186775018,-0.0986703171919835,-0.0541200374694017,0.0,0.0,-8.673617379884035e-19,0.0,2154,0.444825573338887,0.0,8.673617379884035e-19,SHAP_content
-0.4351586681211856,0.0261639708093217,-0.0380935369754408,0.0,0.0,-6.938893903907228e-18,0.0,2758,0.4994161759059483,0.0,6.938893903907228e-18,SHAP_content
-0.204615785402177,0.3061686229849423,0.1187685476269234,0.0,0.0,6.938893903907228e-18,0.0,69,0.6295529560140428,0.0,6.938893903907228e-18,SHAP_content
0.0809969447129658,0.2384958703940624,0.1218312680473015,0.0,0.0,-1.908195823574488e-17,0.0,1449,0.4413240831543297,0.0,1.908195823574488e-17,SHAP_content
-0.156317109077557,-0.1617750342246372,-0.0909441000124206,0.0,0.0,0.0,0.0,3175,0.4090362433146151,0.0,0.0,SHAP_content
0.1965063563021789,-0.1605750554677296,-0.1328987315999499,0.0,0.0,0.0,0.0,3627,0.4899801433698585,0.0,0.0,SHAP_content
-0.4621747464871764,0.0519955251076328,-0.036913329733833,0.0,0.0,0.0,0.0,3877,0.5510836013286423,0.0,0.0,SHAP_content
-0.3699142056493806,-0.0334116303968454,-0.0434145603712113,0.0,0.0,-3.903127820947816e-18,0.0,3959,0.4467403964174375,0.0,3.903127820947816e-18,SHAP_content
-0.318543525199877,-0.0475448923833969,-0.0625002540066877,0.0,0.0,1.734723475976807e-18,0.0,4465,0.4285886715899617,0.0,1.734723475976807e-18,SHAP_content
-0.1671860974389293,0.0658666482578112,-0.1180357782247786,0.0,0.0,-1.734723475976807e-18,0.0,3221,0.3510885239215192,0.0,1.734723475976807e-18,SHAP_content
-0.3959802322321519,-0.0097292306135243,-0.0413594466705547,0.0,0.0,0.0,0.0,3146,0.4470689095162309,0.0,0.0,SHAP_content
0.2306595306414853,0.1572501848496116,0.1057312717312258,0.0,0.0,-1.3877787807814457e-17,0.0,1531,0.4936409872223228,0.0,1.3877787807814457e-17,SHAP_content
-0.2978227585594235,-0.0402910969453494,-0.0741811153007438,0.0,0.0,1.734723475976807e-18,0.0,2432,0.4122949708055168,0.0,1.734723475976807e-18,SHAP_content
-0.3838119037381757,-0.0174769751569861,-0.044005275310889,0.0,0.0,-8.673617379884035e-19,0.0,3574,0.4452941542060509,0.0,8.673617379884035e-19,SHAP_content
-0.1369792726661658,-0.1792346761215992,-0.0928515827591764,0.0,0.0,0.0,0.0,3182,0.4090655315469413,0.0,0.0,SHAP_content
0.3741485916679477,-0.0585630419032788,0.1172920783878296,0.0,0.0,-6.938893903907228e-18,0.0,1912,0.5500037119590562,0.0,6.938893903907228e-18,SHAP_content
0.3936887514860384,-0.0094228922458303,0.0996952740659465,0.0,0.0,1.3877787807814457e-17,0.0,504,0.5028069177978153,0.0,1.3877787807814457e-17,SHAP_content
0.2573680399469942,0.0685714509867007,0.1228606836055224,0.0,0.0,0.0,0.0,339,0.4488001745392174,0.0,0.0,SHAP_content
-0.3793203494946345,-0.0255619467196484,-0.0421694847479204,0.0,0.0,-1.4551901350579044e-13,-1.4551901350579044e-13,3580,0.4470517809622034,0.0,2.9103802701158093e-13,SHAP_content
-0.2584879725645967,-0.1013715437616954,-0.0691606854412627,0.0,0.0,0.0,0.0,4408,0.4290202017675549,0.0,0.0,SHAP_content
0.2923905705865842,-0.0146696314580222,0.1297360828876145,0.0,0.0,1.3877787807814457e-17,0.0,798,0.436796284932221,0.0,1.3877787807814457e-17,SHAP_content
-0.3132975628381675,-0.0811469915146768,-0.0509645427736007,0.0,0.0,-4.8428771409758647e-11,-4.8428774879205605e-11,4413,0.4454090971264451,0.0,9.685754628896426e-11,SHAP_content
-0.2618432625504571,-0.1062989006023421,-0.065711449108785,0.0,0.0,1.734723475976807e-18,0.0,4517,0.4338536122615843,0.0,1.734723475976807e-18,SHAP_content
0.151488267491978,0.2235522709330413,0.1092019288044751,0.0,0.0,6.938893903907228e-18,0.0,61,0.4842424672294945,0.0,6.938893903907228e-18,SHAP_content
0.2634557863447651,0.0834121850512184,0.1176376098090357,0.0,0.0,-3.469446951953614e-18,0.0,1775,0.4645055812050192,0.0,3.469446951953614e-18,SHAP_content
0.300852865726009,-0.2069818126773595,-0.1272524871863425,0.0,0.0,6.938893903907228e-18,0.0,2845,0.6350871655897111,0.0,6.938893903907228e-18,SHAP_content
0.4988960373790084,-0.1426876340779055,0.0708160487344523,0.0,0.0,0.0,0.0,4632,0.7123997201913663,0.0,0.0,SHAP_content
-0.3667298394205869,-0.0247747809585434,-0.0492077011358245,0.0,0.0,-7.450579216083941e-12,-7.45058008344568e-12,2460,0.4407123215149549,0.0,1.490115929952962e-11,SHAP_content
0.4566681173239135,-0.0653924069235228,0.0907182312095968,0.0,0.0,0.0,0.0,1567,0.6127787554570332,0.0,0.0,SHAP_content
-0.4074699822471297,9.88561974872371e-05,-0.0397214982984794,0.0,0.0,-6.5052130349130266e-18,0.0,2848,0.4472903367430964,0.0,6.5052130349130266e-18,SHAP_content
0.4825878134482211,-0.0579483685452186,0.0502548682584989,0.0,0.0,1.3877787807814457e-17,0.0,1689,0.5907910502519387,0.0,1.3877787807814457e-17,SHAP_content
-0.3575186089708096,-0.044549589379096,-0.0450204211952621,0.0,0.0,6.5052130349130266e-18,0.0,4153,0.4470886195451677,0.0,6.5052130349130266e-18,SHAP_content
-0.2759482435373649,-0.0799136685461685,-0.0693916263115049,0.0,0.0,0.0,0.0,2986,0.4252535383950384,0.0,0.0,SHAP_content
-0.3432740712009351,-0.057685613683712,-0.046119829973724,0.0,0.0,4.336808689942019e-19,0.0,2419,0.4470795148583712,0.0,4.336808689942019e-19,SHAP_content
0.4763796011474004,-0.0622214896560423,0.064418278601143,0.0,0.0,-2.7755575615628914e-17,0.0,1568,0.6030193694045859,0.0,2.7755575615628914e-17,SHAP_content
-0.373175181235535,-0.0310519404224481,-0.0428655026905105,0.0,0.0,0.0,0.0,3965,0.4470926243484938,0.0,0.0,SHAP_content
-0.3145551855851839,-0.0824471543811821,-0.0500261805616209,0.0,0.0,8.149110726496378e-13,8.14907169521817e-13,2339,0.4470285205279871,0.0,1.6298182421714549e-12,SHAP_content
-0.0507503847534914,-0.1878726258447409,-0.1173069321835646,0.0,0.0,0.0,0.0,2094,0.355929942781797,0.0,0.0,SHAP_content
0.2821199692775084,0.1640751447509345,0.0807091988851029,0.0,0.0,0.0,0.0,2041,0.5269043129135459,0.0,0.0,SHAP_content
0.0051944371503948,-0.2078322792556623,-0.125880483337872,0.0,0.0,-3.469446951953614e-18,0.0,2200,0.3389071997439292,0.0,3.469446951953614e-18,SHAP_content
-0.3377832007739909,-0.0604347195928803,-0.0477426681337238,0.0,0.0,0.0,0.0,2272,0.445960588500595,0.0,0.0,SHAP_content
0.2225477148243205,0.307736970896365,0.0226224514993484,0.0,0.0,0.0,0.0,381,0.552907137220034,0.0,0.0,SHAP_content
-0.3875889722965926,-0.0175264037807791,-0.0419626807318443,0.0,0.0,3.469446951953614e-18,0.0,3864,0.447078056809216,0.0,3.469446951953614e-18,SHAP_content
-0.4275803980872467,0.0200707673755266,-0.0394828886091927,0.0,0.0,3.469446951953614e-18,0.0,2412,0.4871340540719662,0.0,3.469446951953614e-18,SHAP_content
-0.3447184054878083,-0.0561599139145024,-0.0460539627457274,0.0,0.0,-4.336808689942019e-19,0.0,3912,0.4469322821480382,0.0,4.336808689942019e-19,SHAP_content
0.4687969639824784,-0.0739182850319904,0.0851869331917262,0.0,0.0,-2.7755575615628914e-17,0.0,1390,0.627902182206195,0.0,2.7755575615628914e-17,SHAP_content
0.0588481909274648,-0.2008550271266982,-0.1335158745364364,0.0,0.0,-3.469446951953614e-18,0.0,4238,0.3932190925905995,0.0,3.469446951953614e-18,SHAP_content
-0.3365012186602193,-0.0629969597494505,-0.0475941193419376,0.0,0.0,0.0,0.0,3914,0.4470922977516075,0.0,0.0,SHAP_content
0.337132523446637,0.1045288016141681,0.0789961826617006,0.0,0.0,-1.3877787807814457e-17,0.0,1952,0.5206575077225059,0.0,1.3877787807814457e-17,SHAP_content
0.1009602689147771,-0.0443444993779922,-0.1289128676320737,0.0,0.0,6.938893903907228e-18,0.0,4162,0.2742176359248431,0.0,6.938893903907228e-18,SHAP_content
-0.4139280834408111,0.0070569323798921,-0.0401359402495894,0.0,0.0,2.6020852139652106e-18,0.0,2915,0.4611209560702927,0.0,2.6020852139652106e-18,SHAP_content
-0.389432284758804,-0.0159619254718989,-0.0416939758010867,0.0,0.0,-3.469446951953614e-18,0.0,2342,0.4470881860317896,0.0,3.469446951953614e-18,SHAP_content
0.4339276645366514,-0.0627510223733137,0.0989376169057563,0.0,0.0,6.938893903907228e-18,0.0,245,0.5956163038157214,0.0,6.938893903907228e-18,SHAP_content
0.4588953809664041,-0.0495634895757305,0.0786710924823451,0.0,0.0,-2.0816681711721685e-17,0.0,1439,0.5871299630244797,0.0,2.0816681711721685e-17,SHAP_content
0.2645189798375902,0.0763303926657731,0.1191463424640155,0.0,0.0,0.0,0.0,1022,0.4599957149673789,0.0,0.0,SHAP_content
-0.3730457343868199,-0.0309633281258613,-0.043083561610141,0.0,0.0,-2.1684043449710093e-19,0.0,3233,0.4470926241228223,0.0,2.1684043449710093e-19,SHAP_content
-0.0639200992018297,0.2876233697531096,0.1264980065308146,0.0,0.0,-1.734723475976807e-18,0.0,411,0.478041475485754,0.0,1.734723475976807e-18,SHAP_content
-0.4086376251101201,0.0012682103717864,-0.0397232093665186,0.0,0.0,3.2526065174565133e-18,0.0,2261,0.4496290448484251,0.0,3.2526065174565133e-18,SHAP_content
0.3769182475684529,-0.0319640150817823,0.1113822937333024,0.0,0.0,-1.3877787807814457e-17,0.0,1062,0.5202645563835376,0.0,1.3877787807814457e-17,SHAP_content
0.4818366562123764,-0.2118058366530934,-0.0956518004727937,0.0,0.0,0.0,0.0,4609,0.7892942933382636,0.0,0.0,SHAP_content
-0.3407514435739235,-0.0592630656383059,-0.0470781151491574,0.0,0.0,0.0,0.0,3561,0.4470926243613869,0.0,0.0,SHAP_content
0.2293915923863885,0.162906035055311,0.1042191050771015,0.0,0.0,-6.938893903907228e-18,0.0,665,0.4965167325188011,0.0,6.938893903907228e-18,SHAP_content
-0.4465072970702425,0.0377018421631145,-0.0382217929960349,0.0,0.0,3.469446951953614e-18,0.0,4631,0.5224309322293921,0.0,3.469446951953614e-18,SHAP_content
0.4680781488814356,-0.0359481918242254,0.0550465488113529,0.0,0.0,0.0,0.0,4379,0.5590728895170141,0.0,0.0,SHAP_content
-0.3120030986547916,-0.0735667275524123,-0.054839842494257,0.0,0.0,2.6020852139652106e-18,0.0,4188,0.440409668701461,0.0,2.6020852139652106e-18,SHAP_content
-0.3241587703816252,-0.0468097098503841,-0.0601799109651862,0.0,0.0,-4.3368086899420185e-18,0.0,4641,0.4311483911971956,0.0,4.3368086899420185e-18,SHAP_content
0.2129833904346693,0.1225792728195253,0.1212352029163398,0.0,0.0,-1.0408340855860844e-17,0.0,114,0.4567978661705344,0.0,1.0408340855860844e-17,SHAP_content
0.2969467495089456,-0.1612697339599786,-0.1234333888899224,0.0,0.0,0.0,0.0,3989,0.5816498723588467,0.0,0.0,SHAP_content
-0.2470799841816306,-0.1287118698478837,-0.063746267639799,0.0,0.0,1.734723475976807e-18,0.0,2302,0.4395381216693134,0.0,1.734723475976807e-18,SHAP_content
-0.3674715523630095,-0.0361026545918236,-0.0435184174065233,0.0,0.0,3.469446951953614e-18,0.0,2477,0.4470926243613565,0.0,3.469446951953614e-18,SHAP_content
-0.4018148754034146,-0.0006036559489848,-0.0427116999523862,0.0,0.0,3.0357660829594124e-18,0.0,3250,0.4451302313047857,0.0,3.0357660829594124e-18,SHAP_content
0.224805142998219,0.0584980593957577,0.1316678195611647,0.0,0.0,-6.938893903907228e-18,0.0,118,0.4149710219551415,0.0,6.938893903907228e-18,SHAP_content
0.0652438002755454,-0.0231346012097456,-0.1283586418170792,0.0,0.0,0.0,0.0,1981,0.2167370433023704,0.0,0.0,SHAP_content
-0.1136227701435617,-0.1710853744682264,-0.1033131028298521,0.0,0.0,0.0,0.0,2180,0.3880212474416403,0.0,0.0,SHAP_content
-0.2126699436015408,0.3265936928027101,0.1187260819199267,0.0,0.0,1.3877787807814457e-17,0.0,162,0.6579897183241777,0.0,1.3877787807814457e-17,SHAP_content
-0.0759792353080451,0.0182447325503855,-0.1245949749648571,0.0,0.0,3.469446951953614e-18,0.0,263,0.2188189428232879,0.0,3.469446951953614e-18,SHAP_content
0.2937099819509352,0.0365179943695402,0.1205750334924848,0.0,0.0,3.469446951953614e-18,0.0,775,0.4508030098129602,0.0,3.469446951953614e-18,SHAP_content
-0.3347956125910964,-0.0478849540238169,-0.0546323176215325,0.0,0.0,-8.673617379884035e-19,0.0,4264,0.4373128842364459,0.0,8.673617379884035e-19,SHAP_content
0.2848359288533413,0.1774381589638994,0.0667406467538673,0.0,0.0,-1.7347234759768068e-17,0.0,651,0.5290147345711081,0.0,1.7347234759768068e-17,SHAP_content
-0.3271501439082038,-0.0713323661351601,-0.0484715685453799,0.0,0.0,-4.3368086899420185e-18,0.0,3723,0.4469540785887439,0.0,4.3368086899420185e-18,SHAP_content
-0.3637935384178068,-0.0390162991136171,-0.0439929533366648,0.0,0.0,-3.0357660829594124e-18,0.0,4243,0.4468027908680889,0.0,3.0357660829594124e-18,SHAP_content
0.412434889876648,-0.2517578559221273,-0.1156079075224503,0.0,0.0,-6.938893903907228e-18,0.0,1170,0.7798006533212256,0.0,6.938893903907228e-18,SHAP_content
-0.040921794893893,-0.1739407345370263,-0.1216418796389674,0.0,0.0,0.0,0.0,4332,0.3365044090698867,0.0,0.0,SHAP_content
-0.3040933390156048,-0.0906450938403811,-0.0516426846907052,0.0,0.0,3.469446951953614e-18,0.0,3011,0.4463811175466911,0.0,3.469446951953614e-18,SHAP_content
0.4681907515272501,-0.2259888647776106,-0.1017044723346286,0.0,0.0,6.938893903907228e-18,0.0,4651,0.7958840886394893,0.0,6.938893903907228e-18,SHAP_content
-0.0767744609584947,-0.1641493269865648,-0.1151830316201085,0.0,0.0,-6.938893903907228e-18,0.0,3874,0.3561068195651681,0.0,6.938893903907228e-18,SHAP_content
-0.4196149020746548,0.0116610869212299,-0.0391352869150619,0.0,0.0,-3.903127820947816e-18,0.0,4645,0.4704112759109466,0.0,3.903127820947816e-18,SHAP_content
0.4671534220365347,-0.0389413239131794,0.0588761332662954,0.0,0.0,6.938893903907228e-18,0.0,1368,0.5649708792160096,0.0,6.938893903907228e-18,SHAP_content
0.482144065750227,-0.0490017477610105,0.0426685953996409,0.0,0.0,0.0,0.0,897,0.5738144089108785,0.0,0.0,SHAP_content
0.4714492251558583,-0.0530764288336371,0.0643034396565102,0.0,0.0,-1.3877787807814457e-17,0.0,928,0.5888290936460057,0.0,1.3877787807814457e-17,SHAP_content
0.0992061027376914,0.3098642755263069,0.0953507646170464,0.0,0.0,-1.734723475976807e-18,0.0,14,0.5044211428810447,0.0,1.734723475976807e-18,SHAP_content
-0.3644294062289729,-0.034615045795223,-0.0458800503566878,0.0,0.0,3.469446951953614e-18,0.0,2548,0.4449245023808837,0.0,3.469446951953614e-18,SHAP_content
0.4178349421107746,-0.0220841001161296,0.0938961571905684,0.0,0.0,-1.3877787807814457e-17,0.0,967,0.5338151994174727,0.0,1.3877787807814457e-17,SHAP_content
0.4818161387035077,-0.073170432852181,0.0647099730099426,0.0,0.0,-1.3877787807814457e-17,0.0,1106,0.6196965445656314,0.0,1.3877787807814457e-17,SHAP_content
-0.2835310673875788,-0.1045607227986166,-0.0558771885044795,0.0,0.0,-8.673617379884035e-19,0.0,4315,0.4439689786906749,0.0,8.673617379884035e-19,SHAP_content
0.3890738930448944,-0.0617455372638248,0.1136450732480465,0.0,0.0,-6.938893903907228e-18,0.0,3968,0.5644645035567658,0.0,6.938893903907228e-18,SHAP_content
0.4761746427888451,-0.0346652124517408,0.0406951540875197,0.0,0.0,0.0,0.0,1254,0.5515350093281056,0.0,0.0,SHAP_content
0.0118397056555497,0.2066152768509487,0.1332912469681743,0.0,0.0,0.0,0.0,2648,0.3517462294746728,0.0,0.0,SHAP_content
-0.3662899049446078,-0.0370820774670348,-0.0435143227128492,0.0,0.0,3.469446951953614e-18,0.0,2923,0.4468863051244918,0.0,3.469446951953614e-18,SHAP_content
-0.2580604217854713,-0.119620250022909,-0.0621670028955365,0.0,0.0,1.8626456280146364e-11,1.8626452810699412e-11,4654,0.4398476747039169,0.0,3.7252909090845776e-11,SHAP_content
0.4764986251612965,-0.069009479777151,0.0698595678399167,0.0,0.0,1.3877787807814457e-17,0.0,1639,0.6153676727783643,0.0,1.3877787807814457e-17,SHAP_content
0.3764496180365342,-0.0027748076875381,0.1042736448107964,0.0,0.0,-1.3877787807814457e-17,0.0,1133,0.4834980705348688,0.0,1.3877787807814457e-17,SHAP_content
-0.2663721670973924,-0.0309756505501817,-0.088663497842305,0.0,0.0,3.469446951953614e-18,0.0,4398,0.3860113154898793,0.0,3.469446951953614e-18,SHAP_content
0.1374526258871868,0.2692104878703879,0.0976857882940022,0.0,0.0,-3.469446951953614e-18,0.0,3519,0.504348902051577,0.0,3.469446951953614e-18,SHAP_content
0.3217813281574926,-0.222658500622165,-0.1261859011059277,0.0,0.0,-1.3877787807814457e-17,0.0,1878,0.6706257298855853,0.0,1.3877787807814457e-17,SHAP_content
0.209494565912295,0.1405839436983124,0.1174468217126676,0.0,0.0,-6.938893903907228e-18,0.0,271,0.467525331323275,0.0,6.938893903907228e-18,SHAP_content
0.4251853447161599,-0.0145991901439884,0.088332347107854,0.0,0.0,-1.3877787807814457e-17,0.0,1473,0.5281168819680023,0.0,1.3877787807814457e-17,SHAP_content
0.3955767328974663,0.042077223471437,0.0735653346673538,0.0,0.0,1.3877787807814457e-17,0.0,1547,0.5112192910362573,0.0,1.3877787807814457e-17,SHAP_content
-0.2807271278941044,-0.0908045400833822,-0.0629529721390766,0.0,0.0,1.734723475976807e-18,0.0,4383,0.4344846401165633,0.0,1.734723475976807e-18,SHAP_content
0.2159899835282862,0.1474251291754567,0.1136222854606576,0.0,0.0,-2.0816681711721685e-17,0.0,838,0.4770373981644006,0.0,2.0816681711721685e-17,SHAP_content
-0.385882759657535,-0.0197088632686204,-0.041501001434789,0.0,0.0,-6.7220534694101275e-18,0.0,2195,0.4470926243609445,0.0,6.7220534694101275e-18,SHAP_content
0.4616722924070665,-0.0103117941331947,0.0416057643695935,0.0,0.0,-2.0816681711721685e-17,0.0,1835,0.5135898509098548,0.0,2.0816681711721685e-17,SHAP_content
0.2107050086208599,0.3126968015381114,0.0295048502239044,0.0,0.0,-2.0816681711721685e-17,0.0,412,0.5529066603828758,0.0,2.0816681711721685e-17,SHAP_content
0.4648413609203992,-0.0710212582523407,0.0883108700202677,0.0,0.0,-6.938893903907228e-18,0.0,1712,0.6241734891930077,0.0,6.938893903907228e-18,SHAP_content
-0.3341964062328036,-0.0606873959452721,-0.0493391777481883,0.0,0.0,3.469446951953614e-18,0.0,2795,0.4442229799262641,0.0,3.469446951953614e-18,SHAP_content
-0.3774636442077874,-0.0272505891340375,-0.0423783910173407,0.0,0.0,0.0,0.0,2221,0.4470926243591657,0.0,0.0,SHAP_content
-0.120025419291107,0.2373026573364828,0.125824505955664,0.0,0.0,3.469446951953614e-18,0.0,377,0.483152582583254,0.0,3.469446951953614e-18,SHAP_content
0.382757715588728,0.0647836329011197,0.0675717947802961,0.0,0.0,0.0,0.0,1491,0.5151131432701439,0.0,0.0,SHAP_content
-0.1940326786667931,0.2802840810861063,0.1189147269958502,0.0,0.0,-1.474514954580286e-17,0.0,738,0.5932314867487498,0.0,1.474514954580286e-17,SHAP_content
-0.3483258839116032,0.0039387950930862,-0.0689590844034198,0.0,0.0,-6.938893903907228e-18,0.0,3377,0.4212237634081092,0.0,6.938893903907228e-18,SHAP_content
-0.3593771194636988,-0.0431701493189108,-0.0445453555787767,0.0,0.0,3.0357660829594124e-18,0.0,3615,0.4470926243613864,0.0,3.0357660829594124e-18,SHAP_content
-0.075127743077413,-0.1696491968540995,-0.1146057509105109,0.0,0.0,0.0,0.0,4331,0.3593826908420235,0.0,0.0,SHAP_content
0.0978684090905079,0.3782758372048394,0.0648959041731303,0.0,0.0,1.734723475976807e-18,0.0,52,0.5410401504684778,0.0,1.734723475976807e-18,SHAP_content
-0.3474327363317305,-0.0542196572593999,-0.0454161454551664,0.0,0.0,-3.903127820947816e-18,0.0,4114,0.4470685390462969,0.0,3.903127820947816e-18,SHAP_content
-0.2229830025064798,0.0711244979167234,-0.112557476638467,0.0,0.0,0.0,0.0,2269,0.4066649770616703,0.0,0.0,SHAP_content
-0.4067891676238618,0.0001978181686367,-0.0402824055011781,0.0,0.0,1.1641512406845858e-13,1.1641512406845858e-13,3094,0.4472693912936766,0.0,2.328302481369171e-13,SHAP_content
0.2687360995230222,0.1779496654193553,0.0814110580991896,0.0,0.0,3.469446951953614e-18,0.0,1389,0.5280968230415672,0.0,3.469446951953614e-18,SHAP_content
-0.2517688980526558,-0.1096619459264184,-0.0690638351391923,0.0,0.0,3.469446951953614e-18,0.0,3188,0.4304946791182665,0.0,3.469446951953614e-18,SHAP_content
-0.3726732720288205,-0.0316352450219429,-0.0427457628502876,0.0,0.0,-4.336808689942019e-19,0.0,3478,0.4470542799010512,0.0,4.336808689942019e-19,SHAP_content
-0.0977341073643689,-0.1399370772122837,-0.1142234417974638,0.0,0.0,-3.469446951953614e-18,0.0,3433,0.3518946263741165,0.0,3.469446951953614e-18,SHAP_content
-0.3728710449200659,-0.0309850185835826,-0.0432365603352163,0.0,0.0,2.1684043449710093e-19,0.0,4191,0.447092623838865,0.0,2.1684043449710093e-19,SHAP_content
-0.3572153988028488,-0.0447773987032436,-0.0447943971703647,0.0,0.0,-9.313218599094064e-13,-9.313222935902754e-13,2309,0.4467871946764572,0.0,1.862644153499682e-12,SHAP_content
0.0864792533853034,-0.166725969078216,-0.135748255160288,0.0,0.0,0.0,0.0,3222,0.3889534776238074,0.0,0.0,SHAP_content
-0.4091419308602493,0.0019109198210189,-0.0398616123310287,0.0,0.0,3.686287386450715e-18,0.0,2590,0.450914463012297,0.0,3.686287386450715e-18,SHAP_content
0.4701428379822098,-0.0502453052247137,0.0638703622902967,0.0,0.0,-1.3877787807814457e-17,0.0,1632,0.5842585054972202,0.0,1.3877787807814457e-17,SHAP_content
-0.361604620813871,-0.0410889002463859,-0.0441528844880122,0.0,0.0,-4.336808689942019e-19,0.0,4275,0.4468464055482691,0.0,4.336808689942019e-19,SHAP_content
-0.3244064542729645,-0.072439166033174,-0.0492294491592959,0.0,0.0,3.469446951953614e-18,0.0,3174,0.4460750694654346,0.0,3.469446951953614e-18,SHAP_content
-0.3595977627683336,-0.0428105196442642,-0.044683151179663,0.0,0.0,3.469446951953614e-18,0.0,2976,0.4470914335922609,0.0,3.469446951953614e-18,SHAP_content
-0.3388717944832941,-0.0611041720602622,-0.0471114215303239,0.0,0.0,3.903127820947816e-18,0.0,4280,0.4470873880738801,0.0,3.903127820947816e-18,SHAP_content
-0.254483174323959,0.2347890425032912,0.1078783376556615,0.0,0.0,-8.673617379884035e-19,0.0,467,0.5971505544829119,0.0,8.673617379884035e-19,SHAP_content
-0.3758197087202196,-0.0287097651431818,-0.0425631504916885,0.0,0.0,2.1684043449710093e-19,0.0,4488,0.4470926243550899,0.0,2.1684043449710093e-19,SHAP_content
0.4122243677099682,-0.0286771791280957,0.0981086754829492,0.0,0.0,1.3877787807814457e-17,0.0,903,0.5390102223210131,0.0,1.3877787807814457e-17,SHAP_content
0.3801643057444993,-0.2426340737937361,-0.1198323630622569,0.0,0.0,-1.3877787807814457e-17,0.0,4469,0.7426307426004924,0.0,1.3877787807814457e-17,SHAP_content
-0.3309524020512601,0.2944913922164797,0.1040524069463243,0.0,0.0,-4.336808689942019e-19,0.0,71,0.7294962012140641,0.0,4.336808689942019e-19,SHAP_content
-0.43230358744616,0.0246107426310333,-0.03939977954626,0.0,0.0,-3.3610267347050637e-18,0.0,3217,0.4963141096234533,0.0,3.3610267347050637e-18,SHAP_content
0.2882338078102359,0.1652836464914799,0.073831390052565,0.0,0.0,-3.469446951953614e-18,0.0,1898,0.5273488443542809,0.0,3.469446951953614e-18,SHAP_content
-0.394218609410506,-0.0115652451153623,-0.0410647227938852,0.0,0.0,3.903127820947816e-18,0.0,3995,0.4468485773197537,0.0,3.903127820947816e-18,SHAP_content
0.2578811467841747,0.0413863836193733,0.1281578224727665,0.0,0.0,-6.938893903907228e-18,0.0,1207,0.4274253528763145,0.0,6.938893903907228e-18,SHAP_content
-0.1035277137996888,-0.1904058860595086,-0.101571193273218,0.0,0.0,0.0,0.0,2077,0.3955047931324155,0.0,0.0,SHAP_content
-0.0456709369847495,0.4870497404493499,0.0743313399276138,0.0,0.0,-8.673617379884035e-19,0.0,1590,0.6070520173617134,0.0,8.673617379884035e-19,SHAP_content
0.2499091536200698,0.0334829518025384,0.1310085000820329,0.0,0.0,-1.0408340855860844e-17,0.0,2844,0.4144006055046412,0.0,1.0408340855860844e-17,SHAP_content
-0.3588202232278129,-0.0435337140011864,-0.0447319639842976,0.0,0.0,4.336808689942019e-19,0.0,2205,0.4470859012132969,0.0,4.336808689942019e-19,SHAP_content
-0.5151836075951788,0.1014743857999082,-0.0333800839318174,0.0,0.0,0.0,0.0,2980,0.6500380773269046,0.0,0.0,SHAP_content
0.4542056630194223,-0.0497421815585892,0.0846994087995146,0.0,0.0,-6.938893903907228e-18,0.0,658,0.5886472533775262,0.0,6.938893903907228e-18,SHAP_content
0.0252135244994526,-0.0160287096453086,-0.1285112889794012,0.0,0.0,-3.469446951953614e-18,0.0,63,0.1697535231241624,0.0,3.469446951953614e-18,SHAP_content
0.4703212022657056,-0.0342247857030929,0.0502261335602533,0.0,0.0,-1.3877787807814457e-17,0.0,1838,0.554772121529052,0.0,1.3877787807814457e-17,SHAP_content
-0.31662095669728,0.1129311297294909,-0.1013806645200627,0.0,0.0,6.0715321659188256e-18,0.0,4000,0.5309327509468338,0.0,6.0715321659188256e-18,SHAP_content
-0.3080242778347433,-0.0874893246108332,-0.051121319769433,0.0,0.0,0.0,0.0,3036,0.4466349222150095,0.0,0.0,SHAP_content
0.272191459990048,-0.1257885881696246,-0.1227059146445633,0.0,0.0,0.0,0.0,454,0.520685962804236,0.0,0.0,SHAP_content
-0.4344367388917308,0.1252861952134237,-0.0753800024455464,0.0,0.0,-8.673617379884035e-19,0.0,402,0.635102936550701,0.0,8.673617379884035e-19,SHAP_content
0.367371504978196,-0.0501894244425126,0.1177346225145812,0.0,0.0,-1.3877787807814457e-17,0.0,1472,0.53529555193529,0.0,1.3877787807814457e-17,SHAP_content
0.4460503938487143,-0.0357050893444641,0.0830756223695619,0.0,0.0,-1.3877787807814457e-17,0.0,677,0.5648311055627405,0.0,1.3877787807814457e-17,SHAP_content
0.3217119426559047,-0.22944418383639,-0.1267249077837914,0.0,0.0,0.0,0.0,3356,0.6778810342760863,0.0,0.0,SHAP_content
0.1669390853279497,0.2570489877266107,0.0915991059554821,0.0,0.0,0.0,0.0,1616,0.5155871790100426,0.0,0.0,SHAP_content
0.4586192200949354,-0.0585873009082102,0.086371276020522,0.0,0.0,-2.0816681711721685e-17,0.0,1251,0.6035777970236675,0.0,2.0816681711721685e-17,SHAP_content
0.2727798343111854,0.0602025690385416,0.1207938649585638,0.0,0.0,-6.938893903907228e-18,0.0,1983,0.4537762683082909,0.0,6.938893903907228e-18,SHAP_content
-0.3542432804033957,-0.0305993300496246,-0.0526761770974796,0.0,0.0,0.0,0.0,3425,0.4375187875504999,0.0,0.0,SHAP_content
-0.3523949852031312,-0.0472352630961462,-0.0462672170198554,0.0,0.0,8.673617379884035e-19,0.0,3843,0.4458974653191328,0.0,8.673617379884035e-19,SHAP_content
0.4568330601494084,-0.070335949961015,0.0920459013030336,0.0,0.0,-2.0816681711721685e-17,0.0,1033,0.6192149114134571,0.0,2.0816681711721685e-17,SHAP_content
0.129734834746767,0.2840452440092657,0.094697279411267,0.0,0.0,3.469446951953614e-18,0.0,174,0.5084773581672998,0.0,3.469446951953614e-18,SHAP_content
-0.0657085359163304,0.5751096629831108,0.0393391090416509,0.0,0.0,-5.204170427930421e-18,0.0,939,0.6801573079410922,0.0,5.204170427930421e-18,SHAP_content
-0.3818802412852444,-0.0234608986023375,-0.0417514431405463,0.0,0.0,4.336808689942019e-19,0.0,3102,0.4470925830281282,0.0,4.336808689942019e-19,SHAP_content
-0.3357097210404865,-0.064464514405078,-0.046882381023773,0.0,0.0,-4.336808689942019e-19,0.0,2587,0.4470566164693376,0.0,4.336808689942019e-19,SHAP_content
0.2143019100288015,0.2270136333008666,0.0848202272941438,0.0,0.0,-3.469446951953614e-18,0.0,334,0.526135770623812,0.0,3.469446951953614e-18,SHAP_content
0.333232667777079,-0.0019478266526548,0.1179858524806502,0.0,0.0,-2.0816681711721685e-17,0.0,873,0.4531663469103842,0.0,2.0816681711721685e-17,SHAP_content
-0.1978398328853407,0.2985395670847885,0.1191441582009452,0.0,0.0,-7.806255641895632e-18,0.0,2853,0.6155235581710746,0.0,7.806255641895632e-18,SHAP_content
0.3645217769257635,-0.0624033434657778,0.1203783305491414,0.0,0.0,-2.0816681711721685e-17,0.0,1486,0.5473034509406828,0.0,2.0816681711721685e-17,SHAP_content
-0.3375737126397611,-0.0620950021416022,-0.0471804471906883,0.0,0.0,6.938893903907228e-18,0.0,4293,0.4468491619720517,0.0,6.938893903907228e-18,SHAP_content
0.175973374984567,0.2409599896200474,0.0946168514194358,0.0,0.0,-6.938893903907228e-18,0.0,296,0.5115502160240502,0.0,6.938893903907228e-18,SHAP_content
0.3503604800788406,-0.0528512507992773,0.1224914710203049,0.0,0.0,0.0,0.0,4561,0.5257032018984229,0.0,0.0,SHAP_content
0.233329127424112,-0.2162919005966778,-0.1339543321992581,0.0,0.0,0.0,0.0,4501,0.583575360220048,0.0,0.0,SHAP_content
-0.2958521159301189,-0.0965621352571858,-0.0531253320940692,0.0,0.0,4.0978192193674705e-11,4.097819306103645e-11,3845,0.445539583281374,0.0,8.195638525471116e-11,SHAP_content
0.0149624861090613,-0.108006284787997,-0.1322737856519719,0.0,0.0,-1.0408340855860844e-17,0.0,4218,0.2552425565490303,0.0,1.0408340855860844e-17,SHAP_content
-0.4322797189850549,0.0245053144220199,-0.0392339715287929,0.0,0.0,-3.469446951953614e-18,0.0,3760,0.4960190049358678,0.0,3.469446951953614e-18,SHAP_content
0.4752208799088013,-0.059441932563363,0.0639020360240403,0.0,0.0,-2.0816681711721685e-17,0.0,378,0.5985648484962047,0.0,2.0816681711721685e-17,SHAP_content
-0.34149529198639,-0.0587330374024016,-0.0468597485822944,0.0,0.0,0.0,0.0,3110,0.4470880779710862,0.0,0.0,SHAP_content
-0.3569335065078399,-0.0450357269188704,-0.0451215322695897,0.0,0.0,0.0,0.0,2770,0.4470907656963001,0.0,0.0,SHAP_content
0.2748819322242439,-0.239367103500459,-0.1321002533209199,0.0,0.0,0.0,0.0,3918,0.6463492890456229,0.0,0.0,SHAP_content
0.250574824307135,-0.11477528850821,-0.1240188584158507,0.0,0.0,0.0,0.0,4138,0.4893689712311957,0.0,0.0,SHAP_content
0.4840543254487737,-0.2138534365013769,-0.0934087162125312,0.0,0.0,-1.3877787807814457e-17,0.0,2210,0.791316478162682,0.0,1.3877787807814457e-17,SHAP_content
0.0472611150196318,-0.1763631837817256,-0.1335834108143657,0.0,0.0,3.469446951953614e-18,0.0,2172,0.3572077096157232,0.0,3.469446951953614e-18,SHAP_content
-0.3249316979336265,-0.0655233117582104,-0.0518525081521753,0.0,0.0,-4.3368086899420185e-18,0.0,2599,0.4423075178440123,0.0,4.3368086899420185e-18,SHAP_content
-0.3857510465753576,-0.0199120569262738,-0.0414287881550211,0.0,0.0,0.0,0.0,2052,0.4470918916566526,0.0,0.0,SHAP_content
0.47682743457138,-0.0363191187466793,0.0410444322046596,0.0,0.0,-1.3877787807814457e-17,0.0,915,0.554190985522719,0.0,1.3877787807814457e-17,SHAP_content
0.1826689469005767,-0.3151412042352116,-0.1349069390062747,0.0,0.0,-6.938893903907228e-18,0.0,4661,0.632717090142063,0.0,6.938893903907228e-18,SHAP_content
-0.414057319873258,0.0163519321973747,-0.0445582490423809,0.0,0.0,3.469446951953614e-18,0.0,4498,0.4749675011130138,0.0,3.469446951953614e-18,SHAP_content
-0.5557789739842902,0.1404148033749153,-0.0317282909721281,0.0,0.0,-2.1684043449710093e-19,0.0,2335,0.7279220683313337,0.0,2.1684043449710093e-19,SHAP_content
-0.4166917663135813,0.009313693957149,-0.0397145432594799,0.0,0.0,0.0,0.0,3820,0.4657200035302103,0.0,0.0,SHAP_content
0.4694834188840432,-0.0331507064118826,0.0505861225170383,0.0,0.0,-1.3877787807814457e-17,0.0,956,0.5532202478129642,0.0,1.3877787807814457e-17,SHAP_content
0.3880059446443968,-0.0298389340034111,0.1072474221875688,0.0,0.0,-1.3877787807814457e-17,0.0,1887,0.5250923008353768,0.0,1.3877787807814457e-17,SHAP_content
0.4652893187457328,-0.0735250357387937,0.0894830508225919,0.0,0.0,6.938893903907228e-18,0.0,4695,0.6282974053071186,0.0,6.938893903907228e-18,SHAP_content
-0.5546860867908538,0.1397777161643255,-0.0321825817185485,0.0,0.0,2.1684043449710093e-19,0.0,3717,0.726646384673728,0.0,2.1684043449710093e-19,SHAP_content
0.1133396550073495,0.3879291549292751,0.0496969443984301,0.0,0.0,-1.0408340855860844e-17,0.0,4027,0.5509657543350547,0.0,1.0408340855860844e-17,SHAP_content
0.5026543042227654,-0.1329579289445968,0.0740932540072953,0.0,0.0,0.0,0.0,1182,0.7097054871746575,0.0,0.0,SHAP_content
-0.1914262729925672,-0.1664546969914363,-0.0746925682697716,0.0,0.0,-3.469446951953614e-18,0.0,4689,0.4325735382537752,0.0,3.469446951953614e-18,SHAP_content
0.2924428040521351,0.1304843892363492,0.0917390343551336,0.0,0.0,1.7347234759768068e-17,0.0,1423,0.5146662276436179,0.0,1.7347234759768068e-17,SHAP_content
-0.4028130049074669,0.0004395762968947,-0.0426961549681542,0.0,0.0,-3.0357660829594124e-18,0.0,4679,0.4459487361725159,0.0,3.0357660829594124e-18,SHAP_content
-0.4322836356249424,0.0233677283593459,-0.038176717094609,0.0,0.0,-3.469446951953614e-18,0.0,2400,0.4938280810788974,0.0,3.469446951953614e-18,SHAP_content
-0.3649578965147085,-0.0374252825886984,-0.0442178725975857,0.0,0.0,3.469446951953614e-18,0.0,2892,0.4466010517009927,0.0,3.469446951953614e-18,SHAP_content
-0.3648258226483108,-0.0385623008612293,-0.0437040518075107,0.0,0.0,-3.469446951953614e-18,0.0,3596,0.447092175317051,0.0,3.469446951953614e-18,SHAP_content
0.4473912156386957,-0.0767376723820726,0.0973825402677322,0.0,0.0,6.938893903907228e-18,0.0,1722,0.6215114282885006,0.0,6.938893903907228e-18,SHAP_content
0.4709297940460133,-0.0449397233898158,0.0583153986828245,0.0,0.0,6.938893903907228e-18,0.0,1667,0.5741849161186536,0.0,6.938893903907228e-18,SHAP_content
-0.3615421493173847,-0.0409669197242026,-0.0445810240616666,0.0,0.0,0.0,0.0,2884,0.4470900931032541,0.0,0.0,SHAP_content
-0.359359950744568,-0.0427870233936746,-0.0446067071591642,0.0,0.0,4.336808689942019e-19,0.0,2994,0.4467536812974069,0.0,4.336808689942019e-19,SHAP_content
0.3895940908128723,-0.0119898707107053,0.1019926015088888,0.0,0.0,6.938893903907228e-18,0.0,886,0.5035765630324665,0.0,6.938893903907228e-18,SHAP_content
-0.4628859572859618,0.0541671015815524,-0.0376281433054218,0.0,0.0,0.0,0.0,4056,0.5546812021729361,0.0,0.0,SHAP_content
-0.3962739154748446,-0.0097201100846867,-0.0408933606846593,0.0,0.0,-1.4552291663361141e-13,-1.4551901350579044e-13,4494,0.4468873862441906,0.0,2.910419301394019e-13,SHAP_content
0.3124268132707146,0.0463592354597798,0.1126421351280284,0.0,0.0,0.0,0.0,333,0.4714281838585229,0.0,0.0,SHAP_content
0.2213060218037242,0.202331042828507,0.0923327165926243,0.0,0.0,-1.3877787807814457e-17,0.0,153,0.5159697812248556,0.0,1.3877787807814457e-17,SHAP_content
0.4770683183844768,-0.0679791655916866,0.0681228273761574,0.0,0.0,-2.0816681711721685e-17,0.0,721,0.6131703113523209,0.0,2.0816681711721685e-17,SHAP_content
0.2637071287050399,0.0619952027160165,0.12273449320361,0.0,0.0,-1.3877787807814457e-17,0.0,373,0.4484368246246665,0.0,1.3877787807814457e-17,SHAP_content
-0.0612727934342589,0.4378311227880233,0.0971204066821876,0.0,0.0,-2.6020852139652106e-18,0.0,312,0.5962243229044699,0.0,2.6020852139652106e-18,SHAP_content
0.1995256751345289,0.1274166740666726,0.12332421880878,0.0,0.0,-1.7347234759768068e-17,0.0,1849,0.4502665680099815,0.0,1.7347234759768068e-17,SHAP_content
0.4725937703724009,-0.0641890685037581,0.0717800003538327,0.0,0.0,0.0,0.0,1622,0.6085628392299918,0.0,0.0,SHAP_content
-0.115802894181967,0.5956726495789074,0.0522857863259624,0.0,0.0,-6.938893903907228e-18,0.0,42,0.7637613300868369,0.0,6.938893903907228e-18,SHAP_content
-0.3096128296695491,-0.0856547600979678,-0.0509976054180273,0.0,0.0,0.0,0.0,2693,0.4462651951855443,0.0,0.0,SHAP_content
-0.1505006656886837,0.4095168428186754,0.1164134215043795,0.0,0.0,-6.938893903907228e-18,0.0,417,0.6764309300117386,0.0,6.938893903907228e-18,SHAP_content
-0.3332195163940098,-0.0632852496119109,-0.0487150940372157,0.0,0.0,3.469446951953614e-18,0.0,4602,0.4452198600431365,0.0,3.469446951953614e-18,SHAP_content
0.2667262918803774,-0.219458315760993,-0.1315579161736726,0.0,0.0,-1.3877787807814457e-17,0.0,4522,0.617742523815043,0.0,1.3877787807814457e-17,SHAP_content
0.0237894314484172,0.4442056217891508,0.0664973481883986,0.0,0.0,6.938893903907228e-18,0.0,704,0.5344924014259667,0.0,6.938893903907228e-18,SHAP_content
0.4660501487196646,-0.0438149113244376,0.064445059805581,0.0,0.0,0.0,0.0,732,0.5743101198496834,0.0,0.0,SHAP_content
0.4795347853068511,-0.0564747888225996,0.0543685869638101,0.0,0.0,0.0,0.0,944,0.5903781610932608,0.0,0.0,SHAP_content
-0.3454221817220689,-0.0556683868417132,-0.0459918682818776,0.0,0.0,-8.673617379884035e-19,0.0,3614,0.4470824368456598,0.0,8.673617379884035e-19,SHAP_content
0.483634413000173,-0.0560616883555276,0.046432048798228,0.0,0.0,0.0,0.0,1806,0.5861281501539287,0.0,0.0,SHAP_content
0.3650406149999674,0.0709267409853081,0.0801204424362354,0.0,0.0,-1.3877787807814457e-17,0.0,1018,0.5160877984215109,0.0,1.3877787807814457e-17,SHAP_content
0.4710335625885333,-0.0466901387466036,0.0596128218833534,0.0,0.0,0.0,0.0,907,0.5773365232184904,0.0,0.0,SHAP_content
0.4368307275898738,-0.0609995091973014,0.097396846924233,0.0,0.0,0.0,0.0,1693,0.5952270837114082,0.0,0.0,SHAP_content
0.0021891477316961,-0.1415417808159371,-0.1307844701704258,0.0,0.0,0.0,0.0,2791,0.2745153987180592,0.0,0.0,SHAP_content
-0.1092243948029919,-0.1390807317792731,-0.1115060396993067,0.0,0.0,0.0,0.0,4368,0.3598111662815718,0.0,0.0,SHAP_content
-0.0646236387709345,0.4889138650617718,0.0802077469773228,0.0,0.0,-1.3010426069826053e-17,0.0,519,0.6337452508100293,0.0,1.3010426069826053e-17,SHAP_content
0.1727896394877047,0.2283135720669054,0.1006344706140017,0.0,0.0,-1.0408340855860844e-17,0.0,814,0.5017376821686119,0.0,1.0408340855860844e-17,SHAP_content
0.0595827776633907,0.1582417416473728,0.1364810144012745,0.0,0.0,0.0,0.0,818,0.3543055337120382,0.0,0.0,SHAP_content
0.2008518444443751,0.2195631532576817,0.0935422922966026,0.0,0.0,0.0,0.0,3449,0.5139572899986595,0.0,0.0,SHAP_content
0.1750903249512476,0.3008984278341891,0.0633707255143093,0.0,0.0,0.0,0.0,1522,0.5393594782997461,0.0,0.0,SHAP_content
0.4740281540435314,-0.0319786996408613,0.0398373181752208,0.0,0.0,-5.960465454535324e-11,-5.960464760645934e-11,1638,0.5458441718596135,0.0,1.1920930215181258e-10,SHAP_content
0.4501160404527965,-0.2214403237102557,-0.1061644211210174,0.0,0.0,-1.3877787807814457e-17,0.0,3557,0.7777207852840696,0.0,1.3877787807814457e-17,SHAP_content
0.0279797447048783,-0.1940229652368815,-0.1306743952463148,0.0,0.0,0.0,0.0,4428,0.3526771051880747,0.0,0.0,SHAP_content
-0.3951940117156871,0.0071012887602564,-0.0496869224602839,0.0,0.0,3.469446951953614e-18,0.0,1700,0.4519822229362276,0.0,3.469446951953614e-18,SHAP_content
-0.3733311050227581,-0.030507652030972,-0.0432538640371303,0.0,0.0,3.2526065174565133e-18,0.0,3526,0.4470926210908605,0.0,3.2526065174565133e-18,SHAP_content
-0.3417907569631766,-0.058819261939385,-0.0464825576992474,0.0,0.0,-3.0357660829594124e-18,0.0,3734,0.4470925766018091,0.0,3.0357660829594124e-18,SHAP_content
-0.3885667824854783,-0.0158154400969634,-0.0421011908537684,0.0,0.0,-4.336808689942019e-19,0.0,3046,0.4464834134362102,0.0,4.336808689942019e-19,SHAP_content
0.4513807045162733,-0.0695559902180759,0.0939974643685223,0.0,0.0,-1.3877787807814457e-17,0.0,1883,0.6149341591028715,0.0,1.3877787807814457e-17,SHAP_content
-0.4127716511085947,0.0138563593830314,-0.0440325015409325,0.0,0.0,-2.6020852139652106e-18,0.0,2592,0.4706605120325587,0.0,2.6020852139652106e-18,SHAP_content
0.467300039510015,-0.0298556280785338,0.0510514432491851,0.0,0.0,0.0,0.0,379,0.548207110837734,0.0,0.0,SHAP_content
-0.2840368066990024,-0.0631397301639618,-0.0720072370371781,0.0,0.0,3.469446951953614e-18,0.0,3775,0.4191837739001424,0.0,3.469446951953614e-18,SHAP_content
-0.3591962050509473,-0.0430554631741485,-0.0448371389388244,0.0,0.0,-3.469446951953614e-18,0.0,4003,0.4470888071639203,0.0,3.469446951953614e-18,SHAP_content
-0.3192974915737508,-0.0584634380098915,-0.0576948667053754,0.0,0.0,8.673617379884035e-19,0.0,2251,0.4354557962890178,0.0,8.673617379884035e-19,SHAP_content
-0.3925013646684799,-0.0137388278185867,-0.0408524318598535,0.0,0.0,-3.469446951953614e-18,0.0,2148,0.4470926243469202,0.0,3.469446951953614e-18,SHAP_content
0.4649900347596952,-0.0653489745416397,0.0834952044090526,0.0,0.0,-6.938893903907228e-18,0.0,3726,0.6138342137103877,0.0,6.938893903907228e-18,SHAP_content
-0.3343313983391616,-0.0646972033804798,-0.0480634346936658,0.0,0.0,3.0357660829594124e-18,0.0,2144,0.4470920364133073,0.0,3.0357660829594124e-18,SHAP_content
-0.2476631565988657,-0.0542629396353648,-0.0888509905850514,0.0,0.0,0.0,0.0,2566,0.390777086819282,0.0,0.0,SHAP_content
0.1351876932832399,0.3156074917389674,0.079257624042309,0.0,0.0,3.469446951953614e-18,0.0,1803,0.5300528090645164,0.0,3.469446951953614e-18,SHAP_content
-0.3896836008550229,-0.0162916103412501,-0.0411174131651137,0.0,0.0,-4.336808689942019e-19,0.0,3621,0.4470926243613868,0.0,4.336808689942019e-19,SHAP_content
0.3101753687740385,0.0966153448372205,0.0973923683185528,0.0,0.0,-1.3877787807814457e-17,0.0,3967,0.5041830819298119,0.0,1.3877787807814457e-17,SHAP_content
0.4605770036052874,-0.0610445811270481,0.0858471821642801,0.0,0.0,-2.0816681711721685e-17,0.0,1594,0.6074687668966157,0.0,2.0816681711721685e-17,SHAP_content
0.3120803419067789,-0.2080080671979812,-0.1260841228555849,0.0,0.0,-1.3877787807814457e-17,0.0,4328,0.6461725319603451,0.0,1.3877787807814457e-17,SHAP_content
0.269655464608608,0.0849472789170198,0.1154073266243988,0.0,0.0,-6.938893903907228e-18,0.0,1706,0.4700100701500267,0.0,6.938893903907228e-18,SHAP_content
0.4375821397234315,-0.2385341382984134,-0.1107465532537511,0.0,0.0,-6.938893903907228e-18,0.0,4617,0.7868628312755961,0.0,6.938893903907228e-18,SHAP_content
-0.3509378057959927,-0.0504650376258684,-0.0456897809395257,0.0,0.0,-3.2526065174565133e-18,0.0,3790,0.4470926243613869,0.0,3.2526065174565133e-18,SHAP_content
0.3331490420141673,0.0591313049628598,0.1014777633722793,0.0,0.0,-6.938893903907228e-18,0.0,1820,0.4937581103493065,0.0,6.938893903907228e-18,SHAP_content
-0.438302929655973,0.05945470738861,-0.0517143204607782,0.0,0.0,-1.7462329325590442e-12,-1.7462298967929613e-12,2562,0.5494719575053613,0.0,3.492462829352006e-12,SHAP_content
-0.0391597293604236,-0.18443759353154,-0.1204927159987467,0.0,0.0,3.469446951953614e-18,0.0,2559,0.3440900388907105,0.0,3.469446951953614e-18,SHAP_content
-0.3567411218238131,-0.045984716594575,-0.0443392836635901,0.0,0.0,-3.0357660829594124e-18,0.0,4208,0.4470651220819783,0.0,3.0357660829594124e-18,SHAP_content
0.0972716624411584,0.3733710976696455,0.0688368811528092,0.0,0.0,-1.5612511283791264e-17,0.0,1582,0.5394796412636131,0.0,1.5612511283791264e-17,SHAP_content
-0.4285098209858486,0.0259777948801759,-0.0415952725332431,0.0,0.0,3.0357660829594124e-18,0.0,2547,0.4960828883992678,0.0,3.0357660829594124e-18,SHAP_content
-0.0055652079276828,0.1590110979199339,0.1357352512103271,0.0,0.0,5.204170427930421e-18,0.0,319,0.3003115570579439,0.0,5.204170427930421e-18,SHAP_content
-0.3749965196334279,-0.0258869903484571,-0.0445622899655912,0.0,0.0,8.673617379884035e-19,0.0,4321,0.4454457999474762,0.0,8.673617379884035e-19,SHAP_content
-0.376528105687354,-0.028152955136885,-0.0423673413217826,0.0,0.0,0.0,0.0,3364,0.4470484021460217,0.0,0.0,SHAP_content
0.3837479178349657,0.0610650260570722,0.0696854966765374,0.0,0.0,-2.0816681711721685e-17,0.0,1763,0.5144984405685754,0.0,2.0816681711721685e-17,SHAP_content
0.2018278261965455,-0.1733707753375416,-0.1334221136511769,0.0,0.0,-6.938893903907228e-18,0.0,2843,0.5086207151852641,0.0,6.938893903907228e-18,SHAP_content
-0.4028375183076704,-0.004219833521585,-0.0400352725321269,0.0,0.0,-7.15573433840433e-18,0.0,4445,0.4470926243613824,0.0,7.15573433840433e-18,SHAP_content
-0.3898116616721253,-0.0153294280652798,-0.0415846435881712,0.0,0.0,0.0,0.0,2141,0.4467257333255765,0.0,0.0,SHAP_content
-0.0843822999315133,0.3750087540442999,0.1160188122461939,0.0,0.0,8.673617379884035e-19,0.0,213,0.5754098662220073,0.0,8.673617379884035e-19,SHAP_content
-0.2678356391959985,-0.1144356712048716,-0.0595298995133877,0.0,0.0,1.734723475976807e-18,0.0,3497,0.441801209914258,0.0,1.734723475976807e-18,SHAP_content
0.4177829104209712,-0.0558058053240604,0.1031124824176178,0.0,0.0,0.0,0.0,803,0.5767011981626495,0.0,0.0,SHAP_content
-0.3621305825721844,-0.0405601140716983,-0.0443951457041884,0.0,0.0,-8.673617379884035e-19,0.0,4132,0.4470858423480713,0.0,8.673617379884035e-19,SHAP_content
-0.0378261508301261,9.932137575290044e-05,-0.1268040754894416,0.0,0.0,0.0,0.0,105,0.1647295476953206,0.0,0.0,SHAP_content
-0.3224454953723196,-0.0749687279114559,-0.0492927660108338,0.0,0.0,0.0,0.0,3805,0.4467069892946094,0.0,0.0,SHAP_content
-0.2872835280162979,-0.0738697521663201,-0.0665730891487328,0.0,0.0,5.204170427930421e-18,0.0,2806,0.4277263693313508,0.0,5.204170427930421e-18,SHAP_content
-0.0955277566642492,0.4125249076639508,0.1102744814977374,0.0,0.0,-5.204170427930421e-18,0.0,1465,0.6183271458259375,0.0,5.204170427930421e-18,SHAP_content
-0.3382044087118392,-0.0615976917893283,-0.0472905190455106,0.0,0.0,0.0,0.0,2953,0.4470926195466782,0.0,0.0,SHAP_content
0.2225751672335879,0.3076405445882098,0.0226861801894959,0.0,0.0,6.938893903907228e-18,0.0,565,0.5529018920112937,0.0,6.938893903907228e-18,SHAP_content
-0.3987047951879971,-0.0080560970306663,-0.0403308732147903,0.0,0.0,-6.938893903907228e-18,0.0,4686,0.4470917654334537,0.0,6.938893903907228e-18,SHAP_content
-0.4040515044600402,-0.0030920415404729,-0.0399490783608646,0.0,0.0,0.0,0.0,4345,0.4470926243613778,0.0,0.0,SHAP_content
-0.2438605163542946,-0.1134240904165434,-0.0712190015404485,0.0,0.0,5.204170427930421e-18,0.0,2524,0.4285036083112865,0.0,5.204170427930421e-18,SHAP_content
0.501190024487411,-0.136459702451989,0.0723671957578848,0.0,0.0,1.3877787807814457e-17,0.0,1474,0.7100169226972849,0.0,1.3877787807814457e-17,SHAP_content
-0.3467813684152176,-0.0356805439935374,-0.0540587311037234,0.0,0.0,8.673617379884035e-19,0.0,3236,0.4365206435124785,0.0,8.673617379884035e-19,SHAP_content
-0.3628056319470499,-0.0403397108359993,-0.0439468514940543,0.0,0.0,7.730361489821647e-15,7.730795170690641e-15,2829,0.4470921942771036,0.0,1.5461156660512287e-14,SHAP_content
-0.4552301064270881,0.0449160305534661,-0.0367785484688744,0.0,0.0,-2.1684043449710093e-19,0.0,2502,0.5369246854494287,0.0,2.1684043449710093e-19,SHAP_content
0.4807508905681753,-0.0482525905382837,0.0448037427573117,0.0,0.0,6.938893903907228e-18,0.0,317,0.5738072238637708,0.0,6.938893903907228e-18,SHAP_content
0.1526914628760708,0.2709667013064086,0.0914118253248472,0.0,0.0,-3.469446951953614e-18,0.0,1200,0.5150699895073267,0.0,3.469446951953614e-18,SHAP_content
-0.3829304806489059,-0.0223589369588498,-0.041803206752704,0.0,0.0,3.2526065174565133e-18,0.0,2278,0.4470926243604598,0.0,3.2526065174565133e-18,SHAP_content
0.479755049174789,-0.0465718380677002,0.0451216798284603,0.0,0.0,-2.0816681711721685e-17,0.0,652,0.5714485670709497,0.0,2.0816681711721685e-17,SHAP_content
0.0271361683563417,0.2345762698384198,0.1293097355128518,0.0,0.0,-6.938893903907228e-18,0.0,70,0.3910221737076134,0.0,6.938893903907228e-18,SHAP_content
-0.351804107109389,-0.0491024799468799,-0.0457026427628746,0.0,0.0,-8.673617379884035e-19,0.0,2658,0.4466092298191436,0.0,8.673617379884035e-19,SHAP_content
0.3181192296397044,0.1316436769225553,0.074193479829985,0.0,0.0,0.0,0.0,1174,0.5239563863922447,0.0,0.0,SHAP_content
0.3778556534351845,-0.0147647652253993,0.1069741970273691,0.0,0.0,-6.938893903907228e-18,0.0,1088,0.499594615687953,0.0,6.938893903907228e-18,SHAP_content
-0.1531246316812936,-0.031166020413341,-0.1163299801317043,0.0,0.0,1.0408340855860844e-17,0.0,4667,0.300620632226339,0.0,1.0408340855860844e-17,SHAP_content
0.0476837768374939,0.4175294124465433,0.0690531317242965,0.0,0.0,-1.214306433183765e-17,0.0,410,0.5342663210083338,0.0,1.214306433183765e-17,SHAP_content
-0.3220235746929834,-0.073498514727735,-0.0498857911460557,0.0,0.0,0.0,0.0,4064,0.4454078805667743,0.0,0.0,SHAP_content
-0.3522232977985104,-0.0493523681210776,-0.045516297358067,0.0,0.0,3.903127820947816e-18,0.0,4601,0.4470919632776552,0.0,3.903127820947816e-18,SHAP_content
-0.1803949326150993,-0.0621107192040252,-0.1069539534525635,0.0,0.0,5.204170427930421e-18,0.0,2386,0.3494596052716881,0.0,5.204170427930421e-18,SHAP_content
-0.3425853009106277,0.0172025134014827,-0.075585557353188,0.0,0.0,-7.806255641895632e-18,0.0,2091,0.4353733716652985,0.0,7.806255641895632e-18,SHAP_content
0.2219619753110822,0.3072163706171927,0.0237289105010485,0.0,0.0,-1.3877787807814457e-17,0.0,601,0.5529072564293235,0.0,1.3877787807814457e-17,SHAP_content
-0.3538812924340818,-0.0481590780526062,-0.0450416435994592,0.0,0.0,0.0,0.0,3013,0.4470820140861473,0.0,0.0,SHAP_content
-0.4381383488862127,0.0288071197161247,-0.0377601260382816,0.0,0.0,-3.903127820947816e-18,0.0,2219,0.504705594640619,0.0,3.903127820947816e-18,SHAP_content
-0.4404360769994807,0.031041687081957,-0.0376982344438632,0.0,0.0,3.903127820947816e-18,0.0,2465,0.5091759985253009,0.0,3.903127820947816e-18,SHAP_content
0.1444068988759561,0.3344680834110866,0.0632633241567767,0.0,0.0,1.3877787807814457e-17,0.0,837,0.5421383064438194,0.0,1.3877787807814457e-17,SHAP_content
-0.3385083354238095,-0.0605094365561447,-0.0474029266597426,0.0,0.0,2.6020852139652106e-18,0.0,3325,0.4464206986396969,0.0,2.6020852139652106e-18,SHAP_content
0.4820796014326199,-0.0542973863456486,0.047887494898413,0.0,0.0,-6.938893903907228e-18,0.0,624,0.5842644826766816,0.0,6.938893903907228e-18,SHAP_content
0.2176612481366535,-0.1199557509735312,-0.1278524852520786,0.0,0.0,6.938893903907228e-18,0.0,1627,0.4654694843622634,0.0,6.938893903907228e-18,SHAP_content
0.4677652226808552,-0.0638108386172272,0.0784091063439673,0.0,0.0,-1.3877787807814457e-17,0.0,806,0.6099851676420498,0.0,1.3877787807814457e-17,SHAP_content
0.0708833988547324,-0.2218867687788718,-0.1334189401252661,0.0,0.0,6.938893903907228e-18,0.0,3115,0.4261891077588704,0.0,6.938893903907228e-18,SHAP_content
-0.011008292633759,0.0106891614334867,-0.1265418766640748,0.0,0.0,-3.469446951953614e-18,0.0,637,0.1482393307313205,0.0,3.469446951953614e-18,SHAP_content
0.4447330253541341,-0.0449753325412534,0.0896735375582458,0.0,0.0,-1.3877787807814457e-17,0.0,423,0.5793818954536335,0.0,1.3877787807814457e-17,SHAP_content
0.2221640347983531,0.0784420770340673,0.1287457227676795,0.0,0.0,-3.469446951953614e-18,0.0,1996,0.4293518346001001,0.0,3.469446951953614e-18,SHAP_content
0.2089011286108157,-0.1561537415309375,-0.131682773673092,0.0,0.0,0.0,0.0,4472,0.4967376438148453,0.0,0.0,SHAP_content
-0.2800169167406365,-0.0891090995582861,-0.0639688083455742,0.0,0.0,0.0,0.0,2486,0.433094824644497,0.0,0.0,SHAP_content
0.0887825815687191,0.3390124173499816,0.0874387841524685,0.0,0.0,-8.673617379884035e-18,0.0,150,0.5152337830711693,0.0,8.673617379884035e-18,SHAP_content
-0.3147975706350057,-0.0820324507761204,-0.0501514926455456,0.0,0.0,8.673617379884035e-19,0.0,3109,0.4469815140566718,0.0,8.673617379884035e-19,SHAP_content
0.0250279658208758,-0.0171715430490914,-0.1285981793849108,0.0,0.0,-3.469446951953614e-18,0.0,1580,0.1707976882548781,0.0,3.469446951953614e-18,SHAP_content
0.383530625782125,-0.0417508361911915,0.1114128896403617,0.0,0.0,-6.938893903907228e-18,0.0,626,0.5366943516136782,0.0,6.938893903907228e-18,SHAP_content
-0.3538069964983663,-0.0266503858274905,-0.0545964020545701,0.0,0.0,8.673617379884035e-19,0.0,3002,0.4350537843804269,0.0,8.673617379884035e-19,SHAP_content
-0.1482915645120124,-0.10540537028648,-0.1074800048628822,0.0,0.0,0.0,0.0,3796,0.3611769396613747,0.0,0.0,SHAP_content
0.4795978107025513,-0.0439440832078698,0.0429738629876817,0.0,0.0,0.0,0.0,3481,0.566515756898103,0.0,0.0,SHAP_content
-0.581429773462336,0.1932293689177179,-0.0443779793805128,0.0,0.0,0.0,0.0,143,0.8190371217605669,0.0,0.0,SHAP_content
-0.4060386581161891,0.0155566106016453,-0.0482190465901246,0.0,0.0,-1.862641117733599e-12,-1.862644587180551e-12,2574,0.4698143153079591,0.0,3.72528570491415e-12,SHAP_content
-0.3333091555928361,-0.0665220327312075,-0.0472402629595623,0.0,0.0,-5.529769350753888e-13,-5.52973031947568e-13,4014,0.447071451283606,0.0,1.1059499670229569e-12,SHAP_content
0.2034994175393729,0.1984048184184065,0.1007198268832875,0.0,0.0,3.469446951953614e-18,0.0,1880,0.5026240628410669,0.0,3.469446951953614e-18,SHAP_content
-0.1782267247393897,-0.0667228841392238,-0.1067089980033537,0.0,0.0,5.204170427930421e-18,0.0,3452,0.3516586068819672,0.0,5.204170427930421e-18,SHAP_content
-0.3462247678837129,-0.052009037413157,-0.0472111219920407,0.0,0.0,-4.656615371079198e-12,-4.656611901632246e-12,3605,0.4454449272889107,0.0,9.313227272711444e-12,SHAP_content
-0.3984199319458704,-0.008323835205799,-0.0403488572097174,0.0,0.0,-3.2526065174565133e-18,0.0,3342,0.4470926243613869,0.0,3.2526065174565133e-18,SHAP_content
-0.3538741363106065,-0.0475230464488032,-0.0456954406940896,0.0,0.0,-6.7220534694101275e-18,0.0,4508,0.4470926234534993,0.0,6.7220534694101275e-18,SHAP_content
-0.355534055929698,-0.0471069746085167,-0.0443861029214106,0.0,0.0,2.6020852139652106e-18,0.0,2171,0.4470271334596255,0.0,2.6020852139652106e-18,SHAP_content
-0.2891565917799689,-0.04899355124244,-0.0747869597077369,0.0,0.0,-4.4703482235397545e-11,-4.470348397012103e-11,2780,0.4129371027301459,0.0,8.940696620551858e-11,SHAP_content
-0.1527854667501103,0.0406478823086983,-0.1192805501834178,0.0,0.0,-5.204170427930421e-18,0.0,2832,0.3127138992422265,0.0,5.204170427930421e-18,SHAP_content
-0.3736096971970948,-0.0306826107957336,-0.0428003163684968,0.0,0.0,-3.469446951953614e-18,0.0,4681,0.4470926243613253,0.0,3.469446951953614e-18,SHAP_content
-0.3815523207061779,-0.023497902538287,-0.0420412183754409,0.0,0.0,-4.999473057765158e-15,-5.0025088238481175e-15,2230,0.4470914416199059,0.0,1.0001981881613276e-14,SHAP_content
0.0081294450476961,0.4873413156826875,0.0507852729930989,0.0,0.0,3.469446951953614e-18,0.0,617,0.5462560337234827,0.0,3.469446951953614e-18,SHAP_content
-0.090324234937921,0.6080693562575576,0.0336016259048225,0.0,0.0,-1.0408340855860844e-17,0.0,1324,0.7319952171003012,0.0,1.0408340855860844e-17,SHAP_content
0.3652727879831137,-0.0477961225732097,0.1178998874748029,0.0,0.0,-1.3877787807814457e-17,0.0,690,0.5309687980311264,0.0,1.3877787807814457e-17,SHAP_content
-0.4547472510583638,0.0457842079999468,-0.0379144072256585,0.0,0.0,-3.469446951953614e-18,0.0,2288,0.5384458662839693,0.0,3.469446951953614e-18,SHAP_content
-0.3331567553318506,-0.0666705559436706,-0.0472379059814394,0.0,0.0,-4.336808689942019e-19,0.0,3302,0.4470652172569607,0.0,4.336808689942019e-19,SHAP_content
0.2591339038102627,0.200050790202536,0.0713099642834379,0.0,0.0,-6.938893903907228e-18,0.0,1350,0.5304946582962367,0.0,6.938893903907228e-18,SHAP_content
0.291751729032745,-0.1777084834049989,-0.1256253836247682,0.0,0.0,6.938893903907228e-18,0.0,2729,0.5950855960625121,0.0,6.938893903907228e-18,SHAP_content
0.4447784064848672,-0.0655993029665616,0.0955349055927504,0.0,0.0,1.3877787807814457e-17,0.0,1187,0.6059126150441794,0.0,1.3877787807814457e-17,SHAP_content
0.4204929263859548,-0.0901027610991302,0.1093155921572083,0.0,0.0,-6.938893903907228e-18,0.0,1191,0.6199112796422934,0.0,6.938893903907228e-18,SHAP_content
-0.1588091212212323,0.2830400035020188,0.1224100663177265,0.0,0.0,-8.673617379884035e-18,0.0,145,0.5642591910409777,0.0,8.673617379884035e-18,SHAP_content
-0.3363107089697467,-0.0625168888867412,-0.0476393088184098,0.0,0.0,0.0,0.0,3572,0.4464669066748978,0.0,0.0,SHAP_content
-0.3214289813348134,-0.028236280804446,-0.0685903035289569,0.0,0.0,8.673617379884035e-19,0.0,4420,0.4182555656682164,0.0,8.673617379884035e-19,SHAP_content
-0.5657506053362489,0.1508599802975778,-0.032176740672149,0.0,0.0,0.0,0.0,3742,0.7487873263059758,0.0,0.0,SHAP_content
0.4260139569261242,-0.0110653277605513,0.0855514221589229,0.0,0.0,-6.938893903907228e-18,0.0,1762,0.5226307068455986,0.0,6.938893903907228e-18,SHAP_content
0.1409115261509093,0.2563348583697817,0.1012861772036231,0.0,0.0,-5.960465107590629e-11,-5.960464413701239e-11,3800,0.4985325617243141,0.0,1.1920929521291868e-10,SHAP_content
0.3075105284061148,0.1616165590299537,0.0597095484564504,0.0,0.0,-1.3877787807814457e-17,0.0,1834,0.5288366358925191,0.0,1.3877787807814457e-17,SHAP_content
0.3704674393897642,-0.1918528485894286,-0.1168780387357886,0.0,0.0,-1.3877787807814457e-17,0.0,4603,0.6791983267149815,0.0,1.3877787807814457e-17,SHAP_content
0.4669067109051738,-0.0765040648596557,0.0896424620988933,0.0,0.0,0.0,0.0,1111,0.6330532378637229,0.0,0.0,SHAP_content
-0.3941288267300813,-0.0121822651557764,-0.0407815323134599,0.0,0.0,-4.336808689942019e-19,0.0,2127,0.4470926241993177,0.0,4.336808689942019e-19,SHAP_content
-0.3336200129658994,-0.0612934204010094,-0.049361482926882,0.0,0.0,0.0,0.0,2277,0.4442749162937909,0.0,0.0,SHAP_content
0.4533080715478143,-0.0362990399405034,0.0749081296834629,0.0,0.0,6.938893903907228e-18,0.0,3795,0.5645152411717808,0.0,6.938893903907228e-18,SHAP_content
0.0477284948154374,0.3983368581095969,0.077647965725816,0.0,0.0,-1.214306433183765e-17,0.0,2499,0.5237133186508505,0.0,1.214306433183765e-17,SHAP_content
0.4787478381840303,-0.0667272976377769,0.0644003071725905,0.0,0.0,0.0,0.0,1824,0.6098754429943979,0.0,0.0,SHAP_content
-0.3600600181074701,-0.0223623147250009,-0.0534738942839855,0.0,0.0,-6.0715321659188256e-18,0.0,2788,0.4358962271164567,0.0,6.0715321659188256e-18,SHAP_content
-0.3251045550811297,-0.0678003780126289,-0.0507676282059886,0.0,0.0,0.0,0.0,4196,0.4436725612997473,0.0,0.0,SHAP_content
-0.0689163424883514,-0.165855671474919,-0.1167725990355635,0.0,0.0,3.469446951953614e-18,0.0,4386,0.3515446129988341,0.0,3.469446951953614e-18,SHAP_content
-0.3359947740676359,-0.058127799591302,-0.0495637304695507,0.0,0.0,6.938893903907228e-18,0.0,3827,0.4436863041284887,0.0,6.938893903907228e-18,SHAP_content
-0.3468392721176855,-0.052372700659543,-0.0467708077433356,0.0,0.0,3.469446951953614e-18,0.0,2492,0.4459827805205643,0.0,3.469446951953614e-18,SHAP_content
0.1520730432549782,0.3562660995086947,0.0441993993330703,0.0,0.0,-1.3877787807814457e-17,0.0,878,0.5525385420967434,0.0,1.3877787807814457e-17,SHAP_content
0.2518322519629669,0.1745305604895553,0.0910761040567574,0.0,0.0,3.469446951953614e-18,0.0,1455,0.5174389165092798,0.0,3.469446951953614e-18,SHAP_content
-0.3741300871051652,0.0463659329997468,-0.0732466180881238,0.0,0.0,8.673617379884035e-19,0.0,391,0.4937426381930359,0.0,8.673617379884035e-19,SHAP_content
-0.1885666157740234,-0.0447116957755775,-0.107781896587306,0.0,0.0,1.734723475976807e-18,0.0,4182,0.3410602081369071,0.0,1.734723475976807e-18,SHAP_content
-0.3506147263613041,-0.050543765492201,-0.0459319217914302,0.0,0.0,2.5465740627339528e-14,2.5465740627339528e-14,2283,0.4470904136449353,0.0,5.0931481254679056e-14,SHAP_content
-0.2904540215700237,-0.0966616197409742,-0.0557724434682556,0.0,0.0,0.0,0.0,2714,0.4428880847792535,0.0,0.0,SHAP_content
-0.3767897041506162,-0.0279998884676597,-0.0423025625222318,0.0,0.0,0.0,0.0,2958,0.4470921551405078,0.0,0.0,SHAP_content
-0.0389190037699138,0.5422329867796022,0.0456284320538211,0.0,0.0,0.0,0.0,475,0.6267804226033371,0.0,0.0,SHAP_content
0.4030082670578794,-0.0214297427016897,0.099598058759993,0.0,0.0,-1.3877787807814457e-17,0.0,1694,0.5240360685195622,0.0,1.3877787807814457e-17,SHAP_content
0.2715053599651007,0.1199424571354038,0.1039755278145369,0.0,0.0,6.938893903907228e-18,0.0,1295,0.4954233449150415,0.0,6.938893903907228e-18,SHAP_content
-0.3573470436366667,-0.0435393195318428,-0.0454146803109536,0.0,0.0,0.0,0.0,2092,0.4463010434794632,0.0,0.0,SHAP_content
-0.3875902797413363,-0.0176372461127025,-0.0415939856746414,0.0,0.0,-4.336808689942019e-19,0.0,3050,0.4468215115286804,0.0,4.336808689942019e-19,SHAP_content
0.1482522754313541,0.1563646813728901,0.127578794212024,0.0,0.0,-6.938893903907228e-18,0.0,1137,0.4321957510162683,0.0,6.938893903907228e-18,SHAP_content
-0.3523489120732795,-0.0498991676326806,-0.0447740128174352,0.0,0.0,3.0357660829594124e-18,0.0,2072,0.4470220925233954,0.0,3.0357660829594124e-18,SHAP_content
0.1588754719018302,0.1220384666326537,0.1321252968834869,0.0,0.0,0.0,0.0,832,0.413039235417971,0.0,0.0,SHAP_content
0.1413221885919026,0.0651737957655757,0.1402241430511541,0.0,0.0,-6.938893903907228e-18,0.0,591,0.3467201274086326,0.0,6.938893903907228e-18,SHAP_content
-0.3641351008469308,-0.0385793904833659,-0.0443781320337993,0.0,0.0,3.469446951953614e-18,0.0,3592,0.4470926233640961,0.0,3.469446951953614e-18,SHAP_content
0.300829328599039,0.1203114883617366,0.0922180424043389,0.0,0.0,-1.0408340855860844e-17,0.0,109,0.5133588593651146,0.0,1.0408340855860844e-17,SHAP_content
0.3183006610457134,-0.2365613673866586,-0.1276408622457529,0.0,0.0,0.0,0.0,4318,0.682502890678125,0.0,0.0,SHAP_content
0.4413392458302823,-0.0324505676611264,0.0858955857446038,0.0,0.0,0.0,0.0,1052,0.5596853992360127,0.0,0.0,SHAP_content
0.0661607744944433,0.3887861543856017,0.0746476396754382,0.0,0.0,0.0,0.0,1311,0.5295945685554833,0.0,0.0,SHAP_content
0.2191017367000141,0.1806570163941334,0.1015670013744216,0.0,0.0,3.469446951953614e-18,0.0,668,0.5013257544685692,0.0,3.469446951953614e-18,SHAP_content
0.2676925494638924,0.0988024344614766,0.1120589352160517,0.0,0.0,-3.469446951953614e-18,0.0,253,0.4785539191414207,0.0,3.469446951953614e-18,SHAP_content
-0.3865007272852565,-0.0188293810853233,-0.0417625064412777,0.0,0.0,0.0,0.0,2690,0.4470926148118576,0.0,0.0,SHAP_content
0.4584836168188925,-0.0098049176035166,0.0465011607257583,0.0,0.0,-2.0816681711721685e-17,0.0,843,0.5147896951481675,0.0,2.0816681711721685e-17,SHAP_content
-0.2410447703642664,-0.0694199781923746,-0.0869558868704673,0.0,0.0,1.734723475976807e-18,0.0,4159,0.3974206354271084,0.0,1.734723475976807e-18,SHAP_content
0.2952661900742849,-0.2895101562097748,-0.1325556489447384,0.0,0.0,0.0,0.0,4509,0.7173319952287982,0.0,0.0,SHAP_content
-0.3465937157943591,-0.0546901855664427,-0.0458086827061293,0.0,0.0,3.0357660829594124e-18,0.0,3374,0.4470925840669312,0.0,3.0357660829594124e-18,SHAP_content
-0.366152307014584,-0.0374104866980262,-0.043529397257839,0.0,0.0,0.0,0.0,3394,0.4470921909704494,0.0,0.0,SHAP_content
-0.085695600534742,0.6015798675088752,0.0349685961637168,0.0,0.0,-1.734723475976807e-18,0.0,884,0.722244064207334,0.0,1.734723475976807e-18,SHAP_content
-0.438497229302898,0.0296274585028129,-0.0382227427175587,0.0,0.0,-2.1684043449710093e-19,0.0,4547,0.5063474305232697,0.0,2.1684043449710093e-19,SHAP_content
0.4922125695404287,-0.1558497797372989,0.0667367750520974,0.0,0.0,-6.938893903907228e-18,0.0,3996,0.714799124329825,0.0,6.938893903907228e-18,SHAP_content
0.0688196260853535,0.4172369996625188,0.0582080763983092,0.0,0.0,-2.0816681711721685e-17,0.0,1879,0.5442647021461817,0.0,2.0816681711721685e-17,SHAP_content
0.4698567304074105,-0.0698722363507267,0.0803905854012042,0.0,0.0,-6.938893903907228e-18,0.0,1485,0.6201195521593414,0.0,6.938893903907228e-18,SHAP_content
-0.4196523880076486,0.0114943936207529,-0.0389346299744913,0.0,0.0,-3.469446951953614e-18,0.0,2417,0.4700814116028928,0.0,3.469446951953614e-18,SHAP_content
0.0960527626586503,-0.2253410731083689,-0.135262511386148,0.0,0.0,0.0,0.0,2737,0.4566563471531674,0.0,0.0,SHAP_content
-0.3929154172118282,-0.0055727285649257,-0.045025067161799,0.0,0.0,0.0,0.0,2267,0.4435132129385529,0.0,0.0,SHAP_content
0.1580022625391779,0.1939866737268538,0.1163369450412216,0.0,0.0,6.938893903907228e-18,0.0,4173,0.4683258813072534,0.0,6.938893903907228e-18,SHAP_content
-0.3680345988891621,-0.0355316408624211,-0.0435263845525374,0.0,0.0,0.0,0.0,3368,0.4470926243041208,0.0,0.0,SHAP_content
-0.3608791406975863,-0.0418947907997606,-0.0441198942315577,0.0,0.0,0.0,0.0,2808,0.4468938257289047,0.0,0.0,SHAP_content
0.0875901044759808,0.2725669734981267,0.1114437209356848,0.0,0.0,-5.204170427930421e-18,0.0,869,0.4716007989097925,0.0,5.204170427930421e-18,SHAP_content
-0.4048201521232266,-0.0014176650611381,-0.0408345799348192,0.0,0.0,3.903127820947816e-18,0.0,2468,0.447072397119184,0.0,3.903127820947816e-18,SHAP_content
0.4743624099963288,-0.2141952926339841,-0.0987569960953745,0.0,0.0,-6.938893903907228e-18,0.0,3893,0.7873146987256876,0.0,6.938893903907228e-18,SHAP_content
0.4677152245256845,-0.070216649262384,0.0836979159234464,0.0,0.0,-5.960466148424715e-11,-5.960464760645934e-11,450,0.621629789711515,0.0,1.1920930909070648e-10,SHAP_content
0.4761544405759805,-0.0507409892513069,0.0550739232839712,0.0,0.0,0.0,0.0,1979,0.5819693531112587,0.0,0.0,SHAP_content
-0.1073885727789967,0.6255434734073392,0.0320469606090731,0.0,0.0,-1.4901161034253096e-11,-1.4901161034253096e-11,696,0.7649790067954091,0.0,2.9802322068506186e-11,SHAP_content
0.4733352934035319,-0.2067501468480321,-0.0981649826211408,0.0,0.0,1.3877787807814457e-17,0.0,1741,0.7782504228727049,0.0,1.3877787807814457e-17,SHAP_content
-0.3532036179289837,-0.0492055878886568,-0.0446392678801483,0.0,0.0,0.0,0.0,3718,0.4470484736977889,0.0,0.0,SHAP_content
0.1168747463745025,0.1573055400870321,0.1321717250451509,0.0,0.0,-3.469446951953614e-18,0.0,811,0.4063520115066856,0.0,3.469446951953614e-18,SHAP_content
-0.1105548171888711,-0.2135751136458927,-0.0919482530646298,0.0,0.0,5.960464066756542e-11,5.960464066756542e-11,3284,0.4160781838993936,0.0,1.1920928133513087e-10,SHAP_content
-0.3297155487412927,-0.0693656768134504,-0.0480033556666016,0.0,0.0,-3.469446951953614e-18,0.0,2189,0.4470845812213448,0.0,3.469446951953614e-18,SHAP_content
0.4545142450233929,-0.0765003849429755,0.0946153573703296,0.0,0.0,0.0,0.0,505,0.6256299873366982,0.0,0.0,SHAP_content
-0.278183060764224,-0.1109956779460939,-0.0558077508713177,0.0,0.0,0.0,0.0,3303,0.4449864895816356,0.0,0.0,SHAP_content
0.1346100268057774,0.327764600289929,0.0739526437150258,0.0,0.0,-6.938893903907228e-18,0.0,405,0.5363272708107323,0.0,6.938893903907228e-18,SHAP_content
0.0525997547527789,0.414748020828319,0.0683225328349201,0.0,0.0,-1.5612511283791264e-17,0.0,3640,0.5356703084160181,0.0,1.5612511283791264e-17,SHAP_content
0.0956879715080615,-0.0511353898854009,-0.1297178158854756,0.0,0.0,-6.938893903907228e-18,0.0,183,0.276541177278938,0.0,6.938893903907228e-18,SHAP_content
0.0160334502590353,0.4011300188658512,0.0877903604665157,0.0,0.0,8.673617379884035e-18,0.0,4608,0.5049538295914023,0.0,8.673617379884035e-18,SHAP_content
0.2149815469234181,0.0216976510561081,0.1375227237864059,0.0,0.0,-1.7347234759768068e-17,0.0,1876,0.3742019217659322,0.0,1.7347234759768068e-17,SHAP_content
0.1899202899979375,0.1443159917947593,0.121520708466125,0.0,0.0,-1.0408340855860844e-17,0.0,609,0.4557569902588219,0.0,1.0408340855860844e-17,SHAP_content
0.4597272789838527,-0.2237775982401938,-0.1038077646425517,0.0,0.0,-1.3877787807814457e-17,0.0,2674,0.7873126418665983,0.0,1.3877787807814457e-17,SHAP_content
0.2512249306085988,0.1649304783911515,0.0951886941626664,0.0,0.0,0.0,0.0,2033,0.5113441031624169,0.0,0.0,SHAP_content
-0.2511391549057469,-0.0807920277405162,-0.0795998801306511,0.0,0.0,0.0,0.0,3981,0.4115310627769142,0.0,0.0,SHAP_content
-0.0254898794565614,0.343275391578383,0.1151170903768379,0.0,0.0,3.469446951953614e-18,0.0,1968,0.4838823614117823,0.0,3.469446951953614e-18,SHAP_content
0.4349410158489985,-0.0245842327581582,0.086752717620252,0.0,0.0,-1.3877787807814457e-17,0.0,20,0.5462779662274089,0.0,1.3877787807814457e-17,SHAP_content
-0.3702511496978911,-0.0338256684675076,-0.0430154028398344,0.0,0.0,0.0,0.0,2218,0.4470922210052331,0.0,0.0,SHAP_content
0.0597292438799152,0.3420948776704229,0.0961231820477172,0.0,0.0,-1.908195823574488e-17,0.0,2224,0.4979473035980555,0.0,1.908195823574488e-17,SHAP_content
0.4248808874854094,-0.0820941179272672,0.1064336177267417,0.0,0.0,-1.3877787807814457e-17,0.0,327,0.6134086231394182,0.0,1.3877787807814457e-17,SHAP_content
-0.0488267088363953,-0.0605999183153432,-0.1278313698992133,0.0,0.0,-3.476937605884078e-09,-3.476937612822972e-09,3270,0.2372579970509518,0.0,6.953875218707051e-09,SHAP_content
0.3767998002937573,-0.2381884625011175,-0.1200077763267715,0.0,0.0,6.938893903907228e-18,0.0,2518,0.7349960391216465,0.0,6.938893903907228e-18,SHAP_content
0.2066981207627456,0.250656264094897,0.0763565401302785,0.0,0.0,-2.980232727267662e-11,-2.980232033378272e-11,1874,0.5337109249879212,0.0,5.960464760645934e-11,SHAP_content
-0.2129632573179398,-0.1351667050570526,-0.0768392320621448,0.0,0.0,0.0,0.0,4362,0.4249691944371372,0.0,0.0,SHAP_content
0.4312899777583486,0.0080141467784017,0.0640710164331311,0.0,0.0,-6.938893903907228e-18,0.0,1756,0.5033751409698816,0.0,6.938893903907228e-18,SHAP_content
-0.2422024438534371,-0.0341407944614023,-0.0955433814865537,0.0,0.0,-2.38418578282773e-10,-2.38418578282773e-10,2178,0.3718866198013931,0.0,4.76837156565546e-10,SHAP_content
-0.2582835299136502,-0.119106504827599,-0.062269654792035,0.0,0.0,-1.734723475976807e-18,0.0,3410,0.4396596895332843,0.0,1.734723475976807e-18,SHAP_content
-0.3903276750108479,-0.0154019333071607,-0.0412347822671832,0.0,0.0,4.336808689942019e-19,0.0,4605,0.4469643905851919,0.0,4.336808689942019e-19,SHAP_content
0.4643782257350355,-0.069390225849633,0.0876133130548463,0.0,0.0,-1.3877787807814457e-17,0.0,489,0.6213817646395149,0.0,1.3877787807814457e-17,SHAP_content
0.4804777884412798,-0.0661517895831168,0.0610702450169919,0.0,0.0,0.0,0.0,606,0.6076998230413885,0.0,0.0,SHAP_content
0.0969332603235592,0.3183096611647723,0.0928599406958444,0.0,0.0,-1.5612511283791264e-17,0.0,3212,0.508102862184176,0.0,1.5612511283791264e-17,SHAP_content
-0.3563848711917708,-0.017283717414043,-0.0573432911910398,0.0,0.0,3.469446951953614e-18,0.0,2464,0.4310118797968537,0.0,3.469446951953614e-18,SHAP_content
0.4859300208196404,-0.0621720250117905,0.047457637887404,0.0,0.0,-2.0816681711721685e-17,0.0,1738,0.5955596837188349,0.0,2.0816681711721685e-17,SHAP_content
0.1183228341539978,0.2550830934070186,0.1086812953180447,0.0,0.0,-1.7347234759768068e-17,0.0,152,0.4820872228790612,0.0,1.7347234759768068e-17,SHAP_content
0.3726087199521932,-0.0458500792105904,0.1155021294053722,0.0,0.0,6.938893903907228e-18,0.0,889,0.5339609285681559,0.0,6.938893903907228e-18,SHAP_content
-0.4935451127621423,0.0812854122290691,-0.0348329238283137,0.0,0.0,-3.469446951953614e-18,0.0,4648,0.6096634488195253,0.0,3.469446951953614e-18,SHAP_content
-0.219579149510503,-0.1320894479095076,-0.0750792070678047,0.0,0.0,-1.734723475976807e-18,0.0,3082,0.4267478044878154,0.0,1.734723475976807e-18,SHAP_content
0.1900686976631053,0.1397889628305114,0.1225934773520276,0.0,0.0,-6.938893903907228e-18,0.0,269,0.4524511378456443,0.0,6.938893903907228e-18,SHAP_content
0.152340145782467,0.2337311178750718,0.1055479936186475,0.0,0.0,-6.938893903907228e-18,0.0,96,0.4916192572761864,0.0,6.938893903907228e-18,SHAP_content
-0.3321637221542774,-0.0673637190843943,-0.0475536216042382,0.0,0.0,4.336808689942019e-19,0.0,3824,0.44708106284291,0.0,4.336808689942019e-19,SHAP_content
-0.2809424307559104,-0.1112270276654468,-0.0543921181245726,0.0,0.0,0.0,0.0,3885,0.4465615765459299,0.0,0.0,SHAP_content
0.4605961364132447,-0.0567334810318917,0.0823160091290254,0.0,0.0,-1.3877787807814457e-17,0.0,1799,0.5996456265741619,0.0,1.3877787807814457e-17,SHAP_content
0.4736659317665149,-0.0401689611691151,0.0500484203114464,0.0,0.0,-1.3877787807814457e-17,0.0,1572,0.5638833132470766,0.0,1.3877787807814457e-17,SHAP_content
0.1600693839196406,0.2587495230656971,0.0935458661142128,0.0,0.0,6.938893903907228e-18,0.0,1067,0.5123647730995506,0.0,6.938893903907228e-18,SHAP_content
-0.2845902781338036,-0.1017924555404435,-0.0565296642121393,0.0,0.0,2.6020852139652106e-18,0.0,2760,0.4429123978863865,0.0,2.6020852139652106e-18,SHAP_content
0.2048595805243239,0.1262601562494033,0.1223345472434869,0.0,0.0,3.469446951953614e-18,0.0,715,0.4534542840172141,0.0,3.469446951953614e-18,SHAP_content
-0.3825145257649829,0.0706345092502084,-0.0775659682015127,0.0,0.0,8.673617379884035e-19,0.0,4059,0.5307150032167042,0.0,8.673617379884035e-19,SHAP_content
0.1033753517977296,0.3179951477746488,0.0906951178150443,0.0,0.0,-1.734723475976807e-18,0.0,4665,0.5120656173874228,0.0,1.734723475976807e-18,SHAP_content
-0.3720209238436726,-0.0285718377130775,-0.0448259061655032,0.0,0.0,-2.328305083454385e-12,-2.328305950816123e-12,4565,0.4454186677222534,0.0,4.656611034270508e-12,SHAP_content
0.4812668370662233,-0.0481603175036372,0.043676485977913,0.0,0.0,-1.3877787807814457e-17,0.0,1798,0.5731036405477736,0.0,1.3877787807814457e-17,SHAP_content
-0.4725734119846673,0.1169833875336286,-0.0589838628922397,0.0,0.0,-8.673617379884035e-19,0.0,461,0.6485406624105357,0.0,8.673617379884035e-19,SHAP_content
0.4168705025721378,-0.2366528525423225,-0.1137722714233677,0.0,0.0,-2.0816681711721685e-17,0.0,2944,0.7672956265378281,0.0,2.0816681711721685e-17,SHAP_content
0.4695352789834418,-0.0569038950440718,0.0702426202507264,0.0,0.0,-1.3877787807814457e-17,0.0,1795,0.5966817942782402,0.0,1.3877787807814457e-17,SHAP_content
0.4064552871921256,-0.0586437319931962,0.1076388883718126,0.0,0.0,-6.938893903907228e-18,0.0,1869,0.5727379075571346,0.0,6.938893903907228e-18,SHAP_content
0.4473943560784204,-0.0558696611167581,0.0918017680869239,0.0,0.0,0.0,0.0,1345,0.5950657852821025,0.0,0.0,SHAP_content
0.1873947409285536,0.2751477801531174,0.0728832890814782,0.0,0.0,1.0408340855860844e-17,0.0,1214,0.5354258101631494,0.0,1.0408340855860844e-17,SHAP_content
0.4705158778404082,-0.0408627573747965,0.0555415309641695,0.0,0.0,1.3877787807814457e-17,0.0,1372,0.5669201661793744,0.0,1.3877787807814457e-17,SHAP_content
-0.1267359551818969,0.0566943207216912,-0.1208182514063082,0.0,0.0,-1.734723475976807e-18,0.0,243,0.3042485273098965,0.0,1.734723475976807e-18,SHAP_content
-0.350017514358201,-0.0519751764070349,-0.0450402967370731,0.0,0.0,3.469446951953614e-18,0.0,4039,0.4470329875023091,0.0,3.469446951953614e-18,SHAP_content
-0.2110276860647519,-0.1363429146523443,-0.0772502290241343,0.0,0.0,1.1920928827402475e-10,1.1920929000874822e-10,2799,0.4246208297412306,0.0,2.38418578282773e-10,SHAP_content
0.4740962556309414,-0.0316818266015133,0.0399619955860832,0.0,0.0,-1.3877787807814457e-17,0.0,1679,0.545740077818538,0.0,1.3877787807814457e-17,SHAP_content
-0.3473164982818215,-0.0536270145065527,-0.0461491068988297,0.0,0.0,0.0,0.0,3850,0.4470926196872039,0.0,0.0,SHAP_content
0.4821238678014153,-0.0752430952608315,0.0659306564284509,0.0,0.0,-5.960462678977763e-11,-5.960464066756542e-11,1312,0.6232976194906978,0.0,1.1920926745734306e-10,SHAP_content
0.233933488439074,-0.2499923633263067,-0.1354404281507595,0.0,0.0,0.0,0.0,648,0.6193662799161403,0.0,0.0,SHAP_content
0.0233714807901407,0.2024349573033827,0.1334245850441741,0.0,0.0,-1.7347234759768068e-17,0.0,3238,0.3592310231376976,0.0,1.7347234759768068e-17,SHAP_content
-0.275772367993557,0.0367061184843191,-0.1001116737479848,0.0,0.0,0.0,0.0,2643,0.412590160225861,0.0,0.0,SHAP_content
-0.3300548535183776,-0.069091777532147,-0.0478676463085897,0.0,0.0,-3.469446951953614e-18,0.0,4409,0.4470142773591145,0.0,3.469446951953614e-18,SHAP_content
0.4659821096809012,-0.0413107083621777,0.0624936604580428,0.0,0.0,0.0,0.0,155,0.5697864785011219,0.0,0.0,SHAP_content
-0.3974301561254204,-0.0092407141757567,-0.0404217540602,0.0,0.0,3.469446951953614e-18,0.0,3428,0.4470926243613772,0.0,3.469446951953614e-18,SHAP_content
-0.3745641088304904,-0.0298344499344536,-0.0426940655964427,0.0,0.0,3.0357660829594124e-18,0.0,3453,0.4470926243613868,0.0,3.0357660829594124e-18,SHAP_content
0.2224838836340523,0.3078559386579608,0.0225673149876252,0.0,0.0,-2.980232033378272e-11,-2.980232033378272e-11,1303,0.5529071372796384,0.0,5.960464066756542e-11,SHAP_content
0.4566419134387205,-0.040400652769385,0.0741104442310573,0.0,0.0,-1.3877787807814457e-17,0.0,1150,0.571153010439163,0.0,1.3877787807814457e-17,SHAP_content
-0.3632772302946671,-0.0400040746472349,-0.0437894136138601,0.0,0.0,3.903127820947816e-18,0.0,3047,0.4470707185557622,0.0,3.903127820947816e-18,SHAP_content
0.4438109836547403,-0.0781838350026684,0.099057425301208,0.0,0.0,-1.3877787807814457e-17,0.0,1046,0.6210522439586169,0.0,1.3877787807814457e-17,SHAP_content
0.4734756438165028,-0.0525121837556841,0.0607979638299002,0.0,0.0,6.938893903907228e-18,0.0,1640,0.5867857914020872,0.0,6.938893903907228e-18,SHAP_content
-0.2346643553287232,0.0733285076587507,-0.1111465344438329,0.0,0.0,0.0,0.0,1306,0.4191393974313069,0.0,0.0,SHAP_content
0.4756980376908316,-0.0672901073266336,0.0696770194321301,0.0,0.0,6.938893903907228e-18,0.0,1927,0.6126651644495953,0.0,6.938893903907228e-18,SHAP_content
0.030722938504716,-0.2020439378974829,-0.1303746324044186,0.0,0.0,0.0,0.0,3439,0.3631415088066176,0.0,0.0,SHAP_content
0.3120943069343893,-0.1990472038795801,-0.1252907632018711,0.0,0.0,0.0,0.0,4121,0.6364322740158406,0.0,0.0,SHAP_content
-0.4060727704494096,-0.0006531665433082,-0.0403666752409445,0.0,0.0,-2.1684043449710093e-19,0.0,2244,0.4470926122336623,0.0,2.1684043449710093e-19,SHAP_content
-0.1974165317201904,-0.131083630652556,-0.0846886620375638,0.0,0.0,-1.734723475976807e-18,0.0,3136,0.4131888244103103,0.0,1.734723475976807e-18,SHAP_content
0.0830503765472167,0.3987033115784378,0.060498701608265,0.0,0.0,-3.469446951953614e-18,0.0,15,0.5422523897339195,0.0,3.469446951953614e-18,SHAP_content
-0.3459263332947772,0.0395582488163302,-0.0809809566805779,0.0,0.0,4.3368086899420185e-18,0.0,3538,0.4664655387916854,0.0,4.3368086899420185e-18,SHAP_content
-0.2413162951564788,-0.0463886005748086,-0.0929773361072875,0.0,0.0,-3.469446951953614e-18,0.0,2669,0.380682231838575,0.0,3.469446951953614e-18,SHAP_content
0.3768851431564858,-0.0243242068049195,0.1096540979593796,0.0,0.0,-6.938893903907228e-18,0.0,1360,0.510863447920785,0.0,6.938893903907228e-18,SHAP_content
0.4737497473672877,-0.0397237596831815,0.0495263173635341,0.0,0.0,-2.0816681711721685e-17,0.0,1844,0.5629998244140033,0.0,2.0816681711721685e-17,SHAP_content
-0.3087648993518914,-0.086289581901105,-0.0511321607150845,0.0,0.0,0.0,0.0,3098,0.446186641968081,0.0,0.0,SHAP_content
0.2113070275112769,0.1539407423542041,0.113071008952301,0.0,0.0,0.0,0.0,1612,0.478318778817782,0.0,0.0,SHAP_content
0.0742145226669986,0.196301296764691,0.1308885893261251,0.0,0.0,-6.938893903907228e-18,0.0,497,0.4014044087578148,0.0,6.938893903907228e-18,SHAP_content
-0.3170433903407652,-0.0659005145264098,-0.0556365317450642,0.0,0.0,6.0715321659188256e-18,0.0,2840,0.4385804366122393,0.0,6.0715321659188256e-18,SHAP_content
0.0073923921067435,-0.1481257205381154,-0.1310529012337792,0.0,0.0,-6.938893903907228e-18,0.0,4611,0.2865710138786382,0.0,6.938893903907228e-18,SHAP_content
0.3584165006018731,0.095238639505592,0.066131066917714,0.0,0.0,0.0,0.0,4673,0.5197862070251793,0.0,0.0,SHAP_content
0.3318517761249322,-0.2591322592407776,-0.1275305195509766,0.0,0.0,0.0,0.0,3633,0.7185145549166865,0.0,0.0,SHAP_content
0.0037200604737328,0.4633408061774603,0.065800155542963,0.0,0.0,5.215404323688499e-11,5.21540640535667e-11,1478,0.5328610221941563,0.0,1.0430810729045169e-10,SHAP_content
0.3345246792537273,-0.0323989306726187,0.1232148722395418,0.0,0.0,-1.3877787807814457e-17,0.0,1095,0.4901384821658878,0.0,1.3877787807814457e-17,SHAP_content
0.1637165251289881,0.3130242163238498,0.0630806132392725,0.0,0.0,1.0408340855860844e-17,0.0,542,0.5398213546921105,0.0,1.0408340855860844e-17,SHAP_content
0.1776635736893502,0.1168575383727395,0.1299825403366246,0.0,0.0,-2.0816681711721685e-17,0.0,4074,0.4245036523987143,0.0,2.0816681711721685e-17,SHAP_content
-0.1261291617779221,0.6491028462709997,0.027825772883054,0.0,0.0,-1.3877787807814457e-17,0.0,431,0.8030577809319759,0.0,1.3877787807814457e-17,SHAP_content
0.2190573869839519,0.158386378965845,0.1092514920168496,0.0,0.0,-1.3877787807814457e-17,0.0,728,0.4866952579666465,0.0,1.3877787807814457e-17,SHAP_content
-0.2013928110877643,-0.1708124521524527,-0.0682649824067872,0.0,0.0,-1.734723475976807e-18,0.0,4412,0.4404702456470042,0.0,1.734723475976807e-18,SHAP_content
-0.3595669995622733,-0.0431329230444698,-0.0443799064556722,0.0,0.0,3.469446951953614e-18,0.0,2561,0.4470798290624155,0.0,3.469446951953614e-18,SHAP_content
0.4872123408850459,-0.0698056425540581,0.0518832285008625,0.0,0.0,-6.938893903907228e-18,0.0,1337,0.6089012119399667,0.0,6.938893903907228e-18,SHAP_content
-0.4049790900462034,-0.0009476271451741,-0.0406556983374435,0.0,0.0,0.0,0.0,3606,0.4465824155288211,0.0,0.0,SHAP_content
-0.3506587956588014,-0.0501279136059943,-0.045828529622222,0.0,0.0,0.0,0.0,2877,0.4466152388870178,0.0,0.0,SHAP_content
0.3433313648185243,-0.0254082305550124,0.1198322995988257,0.0,0.0,0.0,0.0,4415,0.4885718949723624,0.0,0.0,SHAP_content
-0.0484945638626884,0.5539912173565412,0.0427988127552645,0.0,0.0,-1.214306433183765e-17,0.0,1031,0.6452845939744942,0.0,1.214306433183765e-17,SHAP_content
0.4805763438235845,-0.0471854946809277,0.0441304791326749,0.0,0.0,-1.3877787807814457e-17,0.0,1110,0.5718923176371873,0.0,1.3877787807814457e-17,SHAP_content
0.4873367858394494,-0.0893216396617633,0.0686699980728351,0.0,0.0,0.0,0.0,1888,0.645328423574048,0.0,0.0,SHAP_content
-0.277658911197732,-0.0108857185687114,-0.0901116252950548,0.0,0.0,-3.469446951953614e-18,0.0,3550,0.3786562550614982,0.0,3.469446951953614e-18,SHAP_content
0.4764678521445351,-0.0368405251367291,0.0396454241496061,0.0,0.0,0.0,0.0,1527,0.5529538014308705,0.0,0.0,SHAP_content
0.4697262608611451,-0.0527898229921441,0.0665827269961442,0.0,0.0,0.0,0.0,753,0.5890988108494335,0.0,0.0,SHAP_content
-0.3301973656586341,-0.068463284443439,-0.048183928656966,0.0,0.0,-8.673617379884035e-19,0.0,3049,0.4468445787590391,0.0,8.673617379884035e-19,SHAP_content
-0.3323336549707281,-0.066156553418844,-0.0486024157347376,0.0,0.0,-2.1684043449710093e-19,0.0,2628,0.4470926241243098,0.0,2.1684043449710093e-19,SHAP_content
-0.0340753299847264,0.536471342201787,0.0450683864699534,0.0,0.0,-3.469446951953614e-18,0.0,562,0.6156150586564668,0.0,3.469446951953614e-18,SHAP_content
-0.547589111965156,0.1346933473554226,-0.0331770612996186,0.0,0.0,6.938893903907228e-18,0.0,3562,0.7154595206201975,0.0,6.938893903907228e-18,SHAP_content
0.0128625697877885,0.3922769261196899,0.0921417853898566,0.0,0.0,0.0,0.0,252,0.4972812812973351,0.0,0.0,SHAP_content
-0.4661660270182651,0.0555758317768307,-0.0364528572240096,0.0,0.0,3.469446951953614e-18,0.0,2516,0.5581947160191056,0.0,3.469446951953614e-18,SHAP_content
-0.359761192816929,-0.0425652138242825,-0.0447642901866717,0.0,0.0,0.0,0.0,2962,0.4470906968278832,0.0,0.0,SHAP_content
-0.3590878771198891,-0.0434209542950388,-0.0445837929464589,0.0,0.0,0.0,0.0,4453,0.4470926243613869,0.0,0.0,SHAP_content
0.3353355017662167,0.0862713990276972,0.0907230631930879,0.0,0.0,-6.938893903907228e-18,0.0,1202,0.5123299639870018,0.0,6.938893903907228e-18,SHAP_content
0.3271323716500568,0.0422796554496276,0.1089010892768437,0.0,0.0,0.0,0.0,3462,0.4783131163765282,0.0,0.0,SHAP_content
0.3030765338668122,-0.0271359405902965,0.1292475183912456,0.0,0.0,-2.980232727267662e-11,-2.980232033378272e-11,2797,0.4594599928483543,0.0,5.960464760645934e-11,SHAP_content
-0.2956328572806949,-0.0982248733493166,-0.0526463251636111,0.0,0.0,4.3368086899420185e-18,0.0,4225,0.4465040557936227,0.0,4.3368086899420185e-18,SHAP_content
-0.0449387802156028,0.5062104558819053,0.065609689459005,0.0,0.0,-2.6020852139652106e-18,0.0,144,0.6167589255565131,0.0,2.6020852139652106e-18,SHAP_content
-0.2673294857810626,-0.0744132088195707,-0.0751147249150865,0.0,0.0,0.0,0.0,2895,0.41685741951572,0.0,0.0,SHAP_content
-0.3288885604048794,-0.0696646064443798,-0.0483275830140731,0.0,0.0,-4.65661016690877e-12,-4.656613636355722e-12,2763,0.4468807498633325,0.0,9.313223803264492e-12,SHAP_content
0.4846807005642317,-0.067543862116501,0.0548883455328624,0.0,0.0,0.0,0.0,905,0.6071129082135953,0.0,0.0,SHAP_content
-0.3893862347643206,-0.0165594313424781,-0.0411469582545881,0.0,0.0,3.686287386450715e-18,0.0,3980,0.4470926243613869,0.0,3.686287386450715e-18,SHAP_content
0.3808505618644187,-0.2067594887203783,-0.116728190703822,0.0,0.0,6.938893903907228e-18,0.0,235,0.7043382412886191,0.0,6.938893903907228e-18,SHAP_content
