AE_safe_err,AE_risk_err,label_content,prob_safe_rel,prob_risk_rel,prob_safe_spat,prob_risk_spat,user_id,SHAP_content,SHAP_rel,SHAP_spat,dominant_perspective
-0.0034216552167707,0.1654338880510345,0.1018661993427832,0.0,0.0,-1.908195823574488e-17,0.0,2598,0.2707217426105885,0.0,1.908195823574488e-17,SHAP_content
-0.2390625160040941,-0.1403124233555127,-0.0549914925844253,0.0,0.0,1.734723475976807e-18,0.0,3140,0.4343664319440321,0.0,1.734723475976807e-18,SHAP_content
0.457568784858837,-0.0359659777222253,0.0449173505805966,0.0,0.0,-6.938893903907228e-18,0.0,989,0.538452113161659,0.0,6.938893903907228e-18,SHAP_content
0.1751785934468517,0.2194836381533564,0.0569481818543048,0.0,0.0,-1.7347234759768068e-17,0.0,923,0.451610413454513,0.0,1.7347234759768068e-17,SHAP_content
0.3316584950834895,-0.1570623270994918,-0.1067376237311449,0.0,0.0,-1.3877787807814457e-17,0.0,3272,0.5954584459141263,0.0,1.3877787807814457e-17,SHAP_content
-0.0021609990206486,0.3920794048113479,0.0517470322876844,0.0,0.0,0.0,0.0,2397,0.445987436119681,0.0,0.0,SHAP_content
0.4208106581832372,-0.0848358331664408,0.0826916840378447,0.0,0.0,0.0,0.0,2044,0.5883381753875228,0.0,0.0,SHAP_content
0.4930781191500698,-0.0616077214964899,0.038742208202819,0.0,0.0,-6.938893903907228e-18,0.0,1980,0.5934280488493788,0.0,6.938893903907228e-18,SHAP_content
0.4740997741430478,-0.0600390200467056,0.0531500426398784,0.0,0.0,0.0,0.0,249,0.5872888368296318,0.0,0.0,SHAP_content
0.3013908024397748,0.0903709628715174,0.0651932178262957,0.0,0.0,-1.7347234759768068e-17,0.0,1056,0.456954983137588,0.0,1.7347234759768068e-17,SHAP_content
0.2094944626922087,0.1756687211249396,0.0674383356706899,0.0,0.0,0.0,0.0,2683,0.4526015194878382,0.0,0.0,SHAP_content
0.4419652158978836,-0.0489433054934473,0.0706661326162692,0.0,0.0,-2.0816681711721685e-17,0.0,1346,0.5615746540076003,0.0,2.0816681711721685e-17,SHAP_content
-0.3630413503635126,-0.0399169461170873,-0.0406985574234635,0.0,0.0,0.0,0.0,4297,0.4436568539040635,0.0,0.0,SHAP_content
-0.4179332169616455,0.012065517821569,-0.0378232294159086,0.0,0.0,0.0,0.0,2366,0.4678219641991232,0.0,0.0,SHAP_content
-0.4036765843129092,-0.0016277120181063,-0.0383678688016032,0.0,0.0,-7.640134185027404e-14,-7.639743872245308e-14,3950,0.4436721651326189,0.0,1.527987805727271e-13,SHAP_content
-0.3991632610551658,-0.006055144770799,-0.0384725227205188,0.0,0.0,-6.7220534694101275e-18,0.0,2591,0.4436909285464837,0.0,6.7220534694101275e-18,SHAP_content
-0.3728782624092979,-0.0315161526852455,-0.0392965134482583,0.0,0.0,0.0,0.0,3653,0.4436909285428018,0.0,0.0,SHAP_content
0.1633013847884998,0.1805514677566513,0.0901471301918934,0.0,0.0,-6.938893903907228e-18,0.0,355,0.4339999827370446,0.0,6.938893903907228e-18,SHAP_content
0.3994198725839983,-0.004681894952535,0.066690214887228,0.0,0.0,1.3877787807814457e-17,0.0,744,0.4707919824237614,0.0,1.3877787807814457e-17,SHAP_content
-0.3950688608667639,-0.0093030870571841,-0.0392350474405467,0.0,0.0,3.469446951953614e-18,0.0,3097,0.4436069953644947,0.0,3.469446951953614e-18,SHAP_content
-0.3776879895486129,-0.0270913423954965,-0.0389114319081689,0.0,0.0,-2.1684043449710093e-19,0.0,2541,0.4436907638522784,0.0,2.1684043449710093e-19,SHAP_content
-0.4674608086785771,0.066854071263012,-0.0393394413224228,0.0,0.0,0.0,0.0,3012,0.5736543212640121,0.0,0.0,SHAP_content
0.4423498828781128,-0.0528994415536406,0.0722796487200066,0.0,0.0,-2.7755575615628914e-17,0.0,844,0.5675289731517601,0.0,2.7755575615628914e-17,SHAP_content
0.4554939291845693,-0.039241062401292,0.0497027157386184,0.0,0.0,-2.0816681711721685e-17,0.0,723,0.5444377073244798,0.0,2.0816681711721685e-17,SHAP_content
-0.3007397190855215,-0.0926728805151929,-0.047366051832311,0.0,0.0,-8.673617379884035e-19,0.0,2228,0.4407786514330255,0.0,8.673617379884035e-19,SHAP_content
0.0400871824312211,0.1469918555353008,0.1029964700543362,0.0,0.0,-6.938893903907228e-18,0.0,1976,0.2900755080208582,0.0,6.938893903907228e-18,SHAP_content
-0.3532537182043269,-0.0471703658126523,-0.0425197294205767,0.0,0.0,0.0,0.0,2955,0.442943813437556,0.0,0.0,SHAP_content
-0.0854980054811588,0.4938408450388066,0.0480507870354456,0.0,0.0,-8.673617379884035e-18,0.0,244,0.6273896375554111,0.0,8.673617379884035e-18,SHAP_content
-0.3483525000798306,-0.0541725544867308,-0.0411653774505067,0.0,0.0,2.1684043449710093e-19,0.0,2214,0.4436904320170682,0.0,2.1684043449710093e-19,SHAP_content
0.481562197522508,-0.0593110253863072,0.0461580355878736,0.0,0.0,0.0,0.0,1298,0.5870312584966889,0.0,0.0,SHAP_content
0.4596126712560592,-0.0493448645825461,0.0555829312782227,0.0,0.0,0.0,0.0,717,0.5645404671168281,0.0,0.0,SHAP_content
0.5023669413928302,-0.1139852672992352,0.0683474074402941,0.0,0.0,-1.3877787807814457e-17,0.0,3648,0.6846996161323597,0.0,1.3877787807814457e-17,SHAP_content
0.5262083871071347,-0.1294111325906854,0.055936825701369,0.0,0.0,-2.7755575615628914e-17,0.0,392,0.7115563453991891,0.0,2.7755575615628914e-17,SHAP_content
0.4182362447419646,-0.0204000043930116,0.0647340963729243,0.0,0.0,-1.3877787807814457e-17,0.0,1746,0.5033703455079005,0.0,1.3877787807814457e-17,SHAP_content
-0.3088472559599313,-0.0648876180730483,-0.0531182616645237,0.0,0.0,-1.9371509778209894e-10,-1.937150951800137e-10,3292,0.4268531356975034,0.0,3.874301929621126e-10,SHAP_content
-0.3915440158603342,-0.0135366369912748,-0.0386053708658423,0.0,0.0,3.2526065174565133e-18,0.0,4523,0.4436860237174514,0.0,3.2526065174565133e-18,SHAP_content
0.4861794283213742,-0.0574935798081942,0.0406720863417846,0.0,0.0,-6.938893903907228e-18,0.0,1258,0.5843450944713531,0.0,6.938893903907228e-18,SHAP_content
-0.3728672373072029,-0.0313813138550314,-0.0394423772259783,0.0,0.0,0.0,0.0,2988,0.4436909283882126,0.0,0.0,SHAP_content
-0.4052946452896373,-0.0001060392436086,-0.0382902439282316,0.0,0.0,-4.336808689942019e-19,0.0,3106,0.4436909284614776,0.0,4.336808689942019e-19,SHAP_content
0.0344427102699146,0.2282523617814965,0.0969709449072825,0.0,0.0,-5.204170427930421e-18,0.0,85,0.3596660169586938,0.0,5.204170427930421e-18,SHAP_content
0.4821588963022125,-0.0508471788233816,0.0385961894334762,0.0,0.0,0.0,0.0,746,0.5716022645590705,0.0,0.0,SHAP_content
0.1044588662941472,0.2894112883217923,0.0555702325362356,0.0,0.0,-3.469446951953614e-18,0.0,1180,0.4494403871521751,0.0,3.469446951953614e-18,SHAP_content
0.1521631010187746,-0.1555796191796672,-0.1178570319694942,0.0,0.0,6.938893903907228e-18,0.0,3964,0.4255997521679362,0.0,6.938893903907228e-18,SHAP_content
0.0648777116373319,0.2994104655281507,0.0787894737615643,0.0,0.0,-6.938893903907228e-18,0.0,1315,0.443077650927047,0.0,6.938893903907228e-18,SHAP_content
-0.3932935837524763,-0.0092986308169338,-0.0406321880826719,0.0,0.0,3.469446951953614e-18,0.0,2090,0.4432244026520821,0.0,3.469446951953614e-18,SHAP_content
0.3887261677102741,-0.0472739560185768,0.0847139921871624,0.0,0.0,-1.3877787807814457e-17,0.0,1101,0.5207141159160134,0.0,1.3877787807814457e-17,SHAP_content
0.3814993819017777,0.0274247062046638,0.0524993360406678,0.0,0.0,-2.0816681711721685e-17,0.0,912,0.4614234241471094,0.0,2.0816681711721685e-17,SHAP_content
0.4862216825534717,-0.092204152548139,0.0678755787426066,0.0,0.0,6.938893903907228e-18,0.0,3435,0.6463014138442174,0.0,6.938893903907228e-18,SHAP_content
0.3914473403513813,-0.0113529667051308,0.0781590370731244,0.0,0.0,0.0,0.0,962,0.4809593441296367,0.0,0.0,SHAP_content
0.4585026785320163,-0.0356632404001116,0.0438535730551521,0.0,0.0,-1.3877787807814457e-17,0.0,554,0.53801949198728,0.0,1.3877787807814457e-17,SHAP_content
0.3969519287589623,-0.0242200906124051,0.0791158613988065,0.0,0.0,0.0,0.0,265,0.500287880770174,0.0,0.0,SHAP_content
-0.3740764978579029,-0.0305744268418306,-0.0390399714727546,0.0,0.0,0.0,0.0,3029,0.4436908961724882,0.0,0.0,SHAP_content
-0.3435306790043983,-0.0561341521555326,-0.0430499804756982,0.0,0.0,0.0,0.0,2428,0.4427148116356292,0.0,0.0,SHAP_content
-0.3441469437020946,-0.0424052452746251,-0.0477737257787036,0.0,0.0,0.0,0.0,3051,0.4343259147554235,0.0,0.0,SHAP_content
-0.5180113279208824,0.1101610165348339,-0.0358406171699365,0.0,0.0,1.0842021724855044e-19,0.0,4588,0.6640129616256529,0.0,1.0842021724855044e-19,SHAP_content
-0.3628375135751857,-0.0411323090223837,-0.0397201868514507,0.0,0.0,3.638322282339957e-14,3.637953653601311e-14,3086,0.4436900094490201,0.0,7.276275935941269e-14,SHAP_content
-0.4059064851066539,0.00050540491118,-0.0382897490330317,0.0,0.0,0.0,0.0,2557,0.4447016390508656,0.0,0.0,SHAP_content
-0.3257704490868761,-0.0671419068976498,-0.0460762750664678,0.0,0.0,3.469446951953614e-18,0.0,3139,0.4389886310509938,0.0,3.469446951953614e-18,SHAP_content
-0.3608914439889931,-0.0427466924974482,-0.0400527890574265,0.0,0.0,0.0,0.0,2069,0.4436909255438679,0.0,0.0,SHAP_content
0.2406986972730563,0.1339770424418294,0.0787786030303984,0.0,0.0,3.469446951953614e-18,0.0,106,0.4534543427452842,0.0,3.469446951953614e-18,SHAP_content
-0.4033558180364414,0.0204056213956654,-0.0476829905842727,0.0,0.0,2.7939673144516952e-12,2.7939681818134332e-12,3602,0.4714444300163796,0.0,5.5879354962651284e-12,SHAP_content
0.3357755104110275,0.0703315456464281,0.0536631140575185,0.0,0.0,-6.938893903907228e-18,0.0,2007,0.4597701701149743,0.0,6.938893903907228e-18,SHAP_content
0.4720289493136681,-0.0495728237556936,0.0452293029645925,0.0,0.0,-6.938893903907228e-18,0.0,437,0.5668310760339543,0.0,6.938893903907228e-18,SHAP_content
0.1944445987689463,0.073981512725983,0.1015957356563304,0.0,0.0,3.469446951953614e-18,0.0,1800,0.3700218471512598,0.0,3.469446951953614e-18,SHAP_content
-0.1187247884340468,0.3052958671383474,0.0940318207502735,0.0,0.0,-2.168404344971009e-17,0.0,2235,0.5180524763226678,0.0,2.168404344971009e-17,SHAP_content
-0.329806482261579,-0.0693351252486465,-0.0440212349809105,0.0,0.0,-1.4901161034253096e-11,-1.4901161901614834e-11,3543,0.4431628424911361,0.0,2.980232293586793e-11,SHAP_content
0.0615809463743233,0.2566759014856086,0.0908034786194832,0.0,0.0,0.0,0.0,3062,0.4090603264794151,0.0,0.0,SHAP_content
0.0718196999052997,0.214069835174764,0.0958557112334885,0.0,0.0,-1.5612511283791264e-17,0.0,2212,0.3817452463135523,0.0,1.5612511283791264e-17,SHAP_content
-0.354485486400808,-0.0486152346462822,-0.0405901745667729,0.0,0.0,-2.1684043449710093e-19,0.0,2441,0.4436908956138631,0.0,2.1684043449710093e-19,SHAP_content
0.4683586054532853,-0.0570996303888055,0.0553201316464112,0.0,0.0,-6.938893903907228e-18,0.0,4572,0.5807783674885021,0.0,6.938893903907228e-18,SHAP_content
0.2550663323533753,0.1118694505867489,0.0865115860617212,0.0,0.0,-3.469446951953614e-18,0.0,170,0.4534473690018454,0.0,3.469446951953614e-18,SHAP_content
-0.0354937205802882,-0.1781357107017691,-0.101809363546854,0.0,0.0,0.0,0.0,4139,0.3154387948289114,0.0,0.0,SHAP_content
0.5226415485737377,-0.1436729348420091,0.0531356432782347,0.0,0.0,0.0,0.0,4431,0.7194501266939817,0.0,0.0,SHAP_content
0.4071456723587369,0.0054615137321067,0.0502896648751134,0.0,0.0,-2.7755575615628914e-17,0.0,1985,0.4628968509659571,0.0,2.7755575615628914e-17,SHAP_content
-0.1084135096861499,0.4730909024395271,0.0591173211238042,0.0,0.0,-1.9949319973733282e-17,0.0,1371,0.6406217332494812,0.0,1.9949319973733282e-17,SHAP_content
0.2086128565167573,0.1191070266105279,0.0938772074970273,0.0,0.0,-2.0816681711721685e-17,0.0,2122,0.4215970906243126,0.0,2.0816681711721685e-17,SHAP_content
-0.268555067005119,-0.1232175016567982,-0.0498681843297042,0.0,0.0,-8.673617379884035e-19,0.0,3401,0.4416407529916215,0.0,8.673617379884035e-19,SHAP_content
0.4786033652143435,-0.0525382043480897,0.0424392949609626,0.0,0.0,5.960465454535324e-11,5.960464760645934e-11,1676,0.573580864523396,0.0,1.1920930215181258e-10,SHAP_content
-0.3507060535273349,-0.0294991291605575,-0.0497147492751537,0.0,0.0,0.0,0.0,3730,0.4299199319630462,0.0,0.0,SHAP_content
0.2855115175663756,-0.2402946330762136,-0.1155021776892439,0.0,0.0,-2.0816681711721685e-17,0.0,4551,0.6413083283318333,0.0,2.0816681711721685e-17,SHAP_content
0.1619191041395701,0.1868775682844686,0.0891461575648978,0.0,0.0,0.0,0.0,1158,0.4379428299889367,0.0,0.0,SHAP_content
0.2473777272895926,0.2175004138294838,0.0387443582500481,0.0,0.0,6.938893903907228e-18,0.0,1127,0.5036224993691246,0.0,6.938893903907228e-18,SHAP_content
-0.0498435089411418,0.3027613129608691,0.0936418072039507,0.0,0.0,-2.0816681711721685e-17,0.0,2057,0.4462466291059617,0.0,2.0816681711721685e-17,SHAP_content
-0.3418790206279655,-0.0594470900665425,-0.0423586730278718,0.0,0.0,3.0357660829594124e-18,0.0,4507,0.4436847837223798,0.0,3.0357660829594124e-18,SHAP_content
-0.356082247702858,-0.0463507076869618,-0.0412346472391334,0.0,0.0,4.336808689942019e-19,0.0,4177,0.4436676026289533,0.0,4.336808689942019e-19,SHAP_content
-0.3552134408011586,-0.0458980729597293,-0.0422551805450954,0.0,0.0,0.0,0.0,2058,0.4433666943059834,0.0,0.0,SHAP_content
-0.3775670776174518,-0.0270719042790533,-0.0390465207746148,0.0,0.0,3.469446951953614e-18,0.0,2355,0.4436855026711199,0.0,3.469446951953614e-18,SHAP_content
-0.426128095625838,0.0203364936659953,-0.0378993265064329,0.0,0.0,-4.336808689942019e-19,0.0,3711,0.4843639157982662,0.0,4.336808689942019e-19,SHAP_content
0.0905060467186885,0.3027040082397946,0.0548780816176728,0.0,0.0,3.469446951953614e-18,0.0,2904,0.448088136576156,0.0,3.469446951953614e-18,SHAP_content
0.4617054234781363,-0.0755281777840826,0.0713190072227394,0.0,0.0,0.0,0.0,826,0.6085526084849585,0.0,0.0,SHAP_content
-0.3485623178203131,-0.0533890451533258,-0.0417297418017446,0.0,0.0,-3.469446951953614e-18,0.0,3838,0.4436811047753837,0.0,3.469446951953614e-18,SHAP_content
0.3080275785125248,-0.0709216717976345,0.0998066927518909,0.0,0.0,-1.3877787807814457e-17,0.0,3286,0.4787559430620502,0.0,1.3877787807814457e-17,SHAP_content
-0.2213563215466834,-0.1617329613369543,-0.0549950237028558,0.0,0.0,3.469446951953614e-18,0.0,4215,0.4380843065864936,0.0,3.469446951953614e-18,SHAP_content
0.2800305010672185,-0.158062796707329,-0.111847911280056,0.0,0.0,1.3877787807814457e-17,0.0,4652,0.5499412090546036,0.0,1.3877787807814457e-17,SHAP_content
-0.0553759418760341,0.4296000045054191,0.0582167818096251,0.0,0.0,-8.673617379884035e-19,0.0,284,0.5431927281910784,0.0,8.673617379884035e-19,SHAP_content
-0.096586593541912,0.4928058349150112,0.0460721050800704,0.0,0.0,-1.3010426069826053e-17,0.0,95,0.6354645335369937,0.0,1.3010426069826053e-17,SHAP_content
-0.0969265196814178,-0.0938110947992431,-0.0997603767012091,0.0,0.0,0.0,0.0,4487,0.2904979911818701,0.0,0.0,SHAP_content
-0.1334785764015923,-0.1800728235928102,-0.0784245121965311,0.0,0.0,-6.938893903907228e-18,0.0,2664,0.3919759121909337,0.0,6.938893903907228e-18,SHAP_content
-0.1679038618890809,-0.0921031768742152,-0.0865167480571351,0.0,0.0,3.469446951953614e-18,0.0,3442,0.3465237868204313,0.0,3.469446951953614e-18,SHAP_content
-0.3077956192469416,-0.0890197563072093,-0.0459179780154469,0.0,0.0,8.673617379884035e-19,0.0,3906,0.442733353569598,0.0,8.673617379884035e-19,SHAP_content
0.2228679744589901,-0.281649819744095,-0.1179612773893799,0.0,0.0,-6.938893903907228e-18,0.0,4615,0.6224790715924651,0.0,6.938893903907228e-18,SHAP_content
-0.3351993044002205,-0.0641541514790817,-0.0435229395827385,0.0,0.0,3.469446951953614e-18,0.0,2649,0.4428763954620408,0.0,3.469446951953614e-18,SHAP_content
-0.3649015815904292,-0.0385850225814046,-0.0402043243841459,0.0,0.0,2.1684043449710093e-19,0.0,3197,0.4436909285559798,0.0,2.1684043449710093e-19,SHAP_content
-0.3941804696854321,-0.0109321289693694,-0.0385783122018202,0.0,0.0,2.7647155398380363e-16,2.7690523485279783e-16,2931,0.4436909108566219,0.0,5.533767888366016e-16,SHAP_content
0.3456521719924669,-0.0373431010834848,0.0920153604135728,0.0,0.0,-1.3877787807814457e-17,0.0,1431,0.4750106334895246,0.0,1.3877787807814457e-17,SHAP_content
-0.3622262643923175,-0.0416653551474499,-0.0397992125773003,0.0,0.0,-3.469446951953614e-18,0.0,4008,0.4436908321170677,0.0,3.469446951953614e-18,SHAP_content
-0.3598583784991842,-0.0334198958797116,-0.0449089475430446,0.0,0.0,-6.0715321659188256e-18,0.0,3763,0.4381872219219405,0.0,6.0715321659188256e-18,SHAP_content
-0.2576409701657569,-0.132352398485009,-0.0510344895692348,0.0,0.0,-1.734723475976807e-18,0.0,2280,0.4410278582200008,0.0,1.734723475976807e-18,SHAP_content
-0.297928038941722,0.1236550694938549,0.0670153025248012,0.0,0.0,3.469446951953614e-18,0.0,3762,0.4885984109603782,0.0,3.469446951953614e-18,SHAP_content
-0.3981194368050637,0.0165470139478146,-0.0482594404491738,0.0,0.0,3.469446951953614e-18,0.0,1440,0.4629258912020522,0.0,3.469446951953614e-18,SHAP_content
-0.3636876472824717,-0.0403739574032364,-0.0396289024422928,0.0,0.0,2.1684043449710093e-19,0.0,2521,0.443690507128001,0.0,2.1684043449710093e-19,SHAP_content
-0.4644786967067076,0.057844828720343,-0.0370286642132644,0.0,0.0,2.1684043449710093e-19,0.0,3942,0.5593521896403152,0.0,2.1684043449710093e-19,SHAP_content
0.4674308269211107,-0.0636568747894419,0.0622694280319811,0.0,0.0,-1.3877787807814457e-17,0.0,3613,0.5933571297425337,0.0,1.3877787807814457e-17,SHAP_content
-0.3715446489921677,-0.0329469418843357,-0.039196083804616,0.0,0.0,-2.1684043449710093e-19,0.0,2187,0.4436876746811195,0.0,2.1684043449710093e-19,SHAP_content
0.2856744179477943,-0.0240888070427774,0.0997055266934778,0.0,0.0,-6.938893903907228e-18,0.0,3970,0.4094687516840497,0.0,6.938893903907228e-18,SHAP_content
0.2206927568920384,0.1703539173997305,0.0624356826365598,0.0,0.0,-6.938893903907228e-18,0.0,1284,0.4534823569283288,0.0,6.938893903907228e-18,SHAP_content
-0.1291498338103086,-0.0794812263190126,-0.0957943162635396,0.0,0.0,0.0,0.0,3545,0.3044253763928609,0.0,0.0,SHAP_content
0.2111865451107279,-0.197478682376194,-0.1179742705595467,0.0,0.0,-1.3877787807814457e-17,0.0,3237,0.5266394980464687,0.0,1.3877787807814457e-17,SHAP_content
-0.0603385690260897,0.1279114106287193,0.0990873751088719,0.0,0.0,-3.469446951953614e-18,0.0,2003,0.287337354763681,0.0,3.469446951953614e-18,SHAP_content
0.370367468246868,-0.0440943161892915,0.0881254856172124,0.0,0.0,-2.0816681711721685e-17,0.0,1250,0.502587270053372,0.0,2.0816681711721685e-17,SHAP_content
0.2095649798399962,0.1869435874019389,0.0576426134054184,0.0,0.0,-1.3877787807814457e-17,0.0,1954,0.4541511806473536,0.0,1.3877787807814457e-17,SHAP_content
-0.3570293151446754,-0.0335896011609082,-0.0458992004740018,0.0,0.0,0.0,0.0,2153,0.4365181167795854,0.0,0.0,SHAP_content
-0.3703328979713423,-0.0249262116493525,-0.0440887483798118,0.0,0.0,-8.673617379884035e-19,0.0,3764,0.4393478580005067,0.0,8.673617379884035e-19,SHAP_content
-0.3852795291706464,-0.0196460579260169,-0.0387649542562484,0.0,0.0,3.2526065174565133e-18,0.0,2239,0.4436905413529118,0.0,3.2526065174565133e-18,SHAP_content
-0.3224741257619326,-0.0758989910544287,-0.0444838531776259,0.0,0.0,-4.3368086899420185e-18,0.0,3378,0.4428569699939872,0.0,4.3368086899420185e-18,SHAP_content
0.3780882922160378,-0.1668519943288445,-0.1018461908291647,0.0,0.0,-6.938893903907228e-18,0.0,4156,0.6467864773740472,0.0,6.938893903907228e-18,SHAP_content
0.4187052506397293,-0.0355472947353679,0.0754049221306875,0.0,0.0,6.938893903907228e-18,0.0,1256,0.5296574675057848,0.0,6.938893903907228e-18,SHAP_content
0.2354564990694226,0.1584533727995708,0.0604156523643279,0.0,0.0,-1.7347234759768068e-17,0.0,55,0.4543255242333214,0.0,1.7347234759768068e-17,SHAP_content
0.2938029118660141,-0.0038861786528445,0.0969233989264936,0.0,0.0,6.938893903907228e-18,0.0,482,0.3946124894453524,0.0,6.938893903907228e-18,SHAP_content
0.038545155183821,0.3540982720292787,0.0543701568270453,0.0,0.0,1.734723475976807e-18,0.0,43,0.4470135840401451,0.0,1.734723475976807e-18,SHAP_content
-0.312991253139034,-0.0125019006722808,-0.0670686310595677,0.0,0.0,-4.3368086899420185e-18,0.0,3555,0.3925617848708826,0.0,4.3368086899420185e-18,SHAP_content
-0.3254521392755918,-0.0606085510352584,-0.0484844764050892,0.0,0.0,8.673617379884035e-19,0.0,4299,0.4345451667159394,0.0,8.673617379884035e-19,SHAP_content
-0.4054863454307164,0.0004244932654612,-0.038580844326002,0.0,0.0,4.336808689942019e-19,0.0,3767,0.4444916830221796,0.0,4.336808689942019e-19,SHAP_content
0.464736954167025,-0.0541157996356613,0.055640974678612,0.0,0.0,-2.0816681711721685e-17,0.0,1821,0.5744937284812984,0.0,2.0816681711721685e-17,SHAP_content
0.4713291196062459,-0.062612132108968,0.0579249425092064,0.0,0.0,0.0,0.0,1543,0.5918661942244204,0.0,0.0,SHAP_content
0.4686184192431586,-0.0466898427722655,0.0454504841775285,0.0,0.0,-1.3877787807814457e-17,0.0,320,0.5607587461929527,0.0,1.3877787807814457e-17,SHAP_content
0.4758683374768331,-0.0704074732923988,0.0613222692255228,0.0,0.0,-1.3877787807814457e-17,0.0,1341,0.6075980799947548,0.0,1.3877787807814457e-17,SHAP_content
-0.2039541606920744,-0.1523405742169102,-0.0633529484059545,0.0,0.0,5.204170427930421e-18,0.0,2134,0.4196476833149392,0.0,5.204170427930421e-18,SHAP_content
-0.3716544150244525,-0.0297276871771795,-0.0418355756320731,0.0,0.0,-4.336808689942019e-19,0.0,2802,0.4432176778337052,0.0,4.336808689942019e-19,SHAP_content
-0.371943908512048,0.0098455103671586,-0.0550401754941655,0.0,0.0,2.6020852139652106e-18,0.0,3089,0.4368295943733723,0.0,2.6020852139652106e-18,SHAP_content
0.5135350056938338,-0.1751347593661744,-0.0782110436389848,0.0,0.0,-2.7755575615628914e-17,0.0,4677,0.7668808086989931,0.0,2.7755575615628914e-17,SHAP_content
0.1671707125556963,0.0009824993443562,0.1071317611476609,0.0,0.0,3.469446951953614e-18,0.0,2478,0.2752849730477136,0.0,3.469446951953614e-18,SHAP_content
-0.3376396778645174,-0.0622728973735401,-0.0434869033545795,0.0,0.0,7.450584420254369e-12,7.450580950807417e-12,2257,0.4433994785926371,0.0,1.4901165371061786e-11,SHAP_content
-0.0261634559554777,0.049300539630154,0.0995791318390102,0.0,0.0,-1.734723475976807e-18,0.0,4326,0.175043127424642,0.0,1.734723475976807e-18,SHAP_content
0.4839267856313322,-0.0620389964155393,0.0466795496308708,0.0,0.0,-2.7755575615628914e-17,0.0,1437,0.5926453316777424,0.0,2.7755575615628914e-17,SHAP_content
0.5275065287238436,-0.1204510491376894,0.0599578470811348,0.0,0.0,-5.960465454535324e-11,-5.960464066756542e-11,4217,0.707915424942668,0.0,1.1920929521291868e-10,SHAP_content
-0.3178210758601271,-0.0747925406436856,-0.0465686006545244,0.0,0.0,8.673617379884035e-19,0.0,2442,0.4391822171583373,0.0,8.673617379884035e-19,SHAP_content
-0.3011813826521495,-0.0697119401865329,-0.0542958937079917,0.0,0.0,-1.734723475976807e-18,0.0,2255,0.4251892165466742,0.0,1.734723475976807e-18,SHAP_content
0.0217817338428814,0.1961158318643945,0.1003254013437334,0.0,0.0,-1.908195823574488e-17,0.0,237,0.3182229670510094,0.0,1.908195823574488e-17,SHAP_content
0.509046426880979,-0.1733256243855288,-0.0813971140851877,0.0,0.0,1.3877787807814457e-17,0.0,1797,0.7637691653516955,0.0,1.3877787807814457e-17,SHAP_content
0.4591434587917231,-0.0581304270817725,0.0642479182817329,0.0,0.0,0.0,0.0,1809,0.5815218041552286,0.0,0.0,SHAP_content
0.3776577336819853,0.0371469086200377,0.0495194418830804,0.0,0.0,-1.3877787807814457e-17,0.0,1003,0.4643240841851035,0.0,1.3877787807814457e-17,SHAP_content
-0.3288179297473274,-0.070342631484347,-0.0443563568134341,0.0,0.0,-9.124050473485744e-12,-9.124050473485744e-12,3859,0.4435169180451085,0.0,1.824810094697149e-11,SHAP_content
-0.0208926756337615,-0.0782842809664751,-0.109598551542731,0.0,0.0,0.0,0.0,4544,0.2087755081429678,0.0,0.0,SHAP_content
-0.3654057484323949,-0.0379652431757853,-0.0402959934884226,0.0,0.0,-8.673617379884035e-19,0.0,2393,0.4436669850966029,0.0,8.673617379884035e-19,SHAP_content
-0.3904488979143479,-0.0144367160014151,-0.0387910358789943,0.0,0.0,4.336808689942019e-19,0.0,3010,0.4436766497947574,0.0,4.336808689942019e-19,SHAP_content
-0.262220981853319,-0.1056121307928264,-0.0571246534769307,0.0,0.0,5.204170427930421e-18,0.0,4068,0.4249577661230762,0.0,5.204170427930421e-18,SHAP_content
0.4985449832113394,-0.0860950440351552,0.0565821370857933,0.0,0.0,-1.3877787807814457e-17,0.0,1076,0.641222164332288,0.0,1.3877787807814457e-17,SHAP_content
-0.3886893500001711,-0.0157084574598343,-0.0392931210959796,0.0,0.0,1.0842021724855044e-19,0.0,4108,0.4436909285559851,0.0,1.0842021724855044e-19,SHAP_content
-0.4217527047454391,0.0161974550133676,-0.0380598875163051,0.0,0.0,-3.0357660829594124e-18,0.0,3855,0.4760100472751118,0.0,3.0357660829594124e-18,SHAP_content
0.288070814443329,-0.1628437069796857,-0.1114601359723262,0.0,0.0,0.0,0.0,3412,0.562374657395341,0.0,0.0,SHAP_content
-0.2866721623820619,-0.1066829274716681,-0.0482889080985721,0.0,0.0,8.673617379884035e-19,0.0,3935,0.4416439979523021,0.0,8.673617379884035e-19,SHAP_content
-0.1943489978054858,-0.1636120798838226,-0.063424626775862,0.0,0.0,1.734723475976807e-18,0.0,2505,0.4213857044651706,0.0,1.734723475976807e-18,SHAP_content
0.4442057406422639,-0.0540013256821752,0.0719824850819485,0.0,0.0,-1.3877787807814457e-17,0.0,1199,0.5701895514063877,0.0,1.3877787807814457e-17,SHAP_content
0.3200295377857004,0.071828777662871,0.0658702763735559,0.0,0.0,6.938893903907228e-18,0.0,4411,0.4577285918221274,0.0,6.938893903907228e-18,SHAP_content
-0.3926360074033505,-0.0055439789256843,-0.0427705504640229,0.0,0.0,0.0,0.0,3904,0.4409505367930578,0.0,0.0,SHAP_content
0.1424488065844109,0.2534454448833967,0.0578483393396105,0.0,0.0,-1.3877787807814457e-17,0.0,300,0.4537425908074182,0.0,1.3877787807814457e-17,SHAP_content
-0.3999299881292148,0.0054852276978454,-0.0439664808913464,0.0,0.0,3.469446951953614e-18,0.0,2898,0.4493816967184066,0.0,3.469446951953614e-18,SHAP_content
-0.3752464132047893,-0.0292912331376214,-0.0391532821956518,0.0,0.0,3.469446951953614e-18,0.0,2507,0.4436909285380627,0.0,3.469446951953614e-18,SHAP_content
0.4562466961551567,-0.0528803693496302,0.0618170179386593,0.0,0.0,0.0,0.0,942,0.5709440834434463,0.0,0.0,SHAP_content
-0.2835058441186104,-0.0996646435166625,-0.0513850782285347,0.0,0.0,-3.469446951953614e-18,0.0,4071,0.4345555658638078,0.0,3.469446951953614e-18,SHAP_content
-0.3892553182472529,-0.0131316805104703,-0.0408481007744126,0.0,0.0,4.336808689942019e-19,0.0,2370,0.4432350995321358,0.0,4.336808689942019e-19,SHAP_content
0.4386533303844583,-0.0703062305544604,0.0763985274764438,0.0,0.0,-2.7755575615628914e-17,0.0,1259,0.5853580884153626,0.0,2.7755575615628914e-17,SHAP_content
0.4657526203328315,-0.1881514335379308,-0.0925979386769965,0.0,0.0,-1.3877787807814457e-17,0.0,4075,0.7465019925477588,0.0,1.3877787807814457e-17,SHAP_content
0.4979509604270297,-0.1750973525933253,-0.0867291248220015,0.0,0.0,6.938893903907228e-18,0.0,2522,0.7597774378423565,0.0,6.938893903907228e-18,SHAP_content
-0.0519695006157925,-0.2097123830451177,-0.0939985997771243,0.0,0.0,5.960463372867153e-11,5.960464413701239e-11,3956,0.3556804834380346,0.0,1.1920927786568392e-10,SHAP_content
-0.3549987758200971,-0.0481501390054417,-0.0405407895691084,0.0,0.0,-2.1684043449710093e-19,0.0,4042,0.4436897043946474,0.0,2.1684043449710093e-19,SHAP_content
-0.3348670364267042,0.0173315189801539,-0.0684895420572236,0.0,0.0,2.707044215524701e-10,2.7070442935872574e-10,3156,0.4206880974640818,0.0,5.414088509111957e-10,SHAP_content
-0.1065559685437355,0.1734834001697515,0.0961106108224849,0.0,0.0,-6.938893903907228e-18,0.0,463,0.376149979535972,0.0,6.938893903907228e-18,SHAP_content
-0.1441682206621927,0.3720921819675445,0.0912368252265538,0.0,0.0,-6.938893903907228e-18,0.0,5,0.6074972278562911,0.0,6.938893903907228e-18,SHAP_content
0.1419884696170796,0.1859935966765483,0.0923297097707482,0.0,0.0,0.0,0.0,841,0.4203117760643762,0.0,0.0,SHAP_content
0.3625010709854558,-0.0457350230067767,0.0898415473682289,0.0,0.0,0.0,0.0,1868,0.4980776413604615,0.0,0.0,SHAP_content
0.0120912008185016,0.3162458568382736,0.0869687031068503,0.0,0.0,-6.938893903907228e-18,0.0,326,0.4153057607636256,0.0,6.938893903907228e-18,SHAP_content
-0.3254909603770454,-0.0744067696898955,-0.0437917183000593,0.0,0.0,3.903127820947816e-18,0.0,4049,0.4436894483670004,0.0,3.903127820947816e-18,SHAP_content
-0.1193362282455975,-0.0683615886642934,-0.0984654413818498,0.0,0.0,0.0,0.0,4207,0.2861632582917409,0.0,0.0,SHAP_content
-0.2065317510569644,-0.1443542036958317,-0.064714111245897,0.0,0.0,3.469446951953614e-18,0.0,3208,0.4156000659986931,0.0,3.469446951953614e-18,SHAP_content
-0.4275378511595202,0.0215993036723546,-0.0377523810688195,0.0,0.0,0.0,0.0,4387,0.4868895359006944,0.0,0.0,SHAP_content
0.4648848575507052,-0.0850022964270671,0.0722287101609225,0.0,0.0,-1.3877787807814457e-17,0.0,1464,0.622115864138695,0.0,1.3877787807814457e-17,SHAP_content
-0.5131736862576741,0.2533000095974262,0.0519304132711171,0.0,0.0,-8.673617379884035e-18,0.0,892,0.8184041091262175,0.0,8.673617379884035e-18,SHAP_content
-0.3758444537694639,-0.028099841424512,-0.039746633362009,0.0,0.0,-3.2526065174565133e-18,0.0,3131,0.443690928555985,0.0,3.2526065174565133e-18,SHAP_content
-0.2972654866434273,-0.0808503977838241,-0.0521664335314805,0.0,0.0,0.0,0.0,2061,0.430282317958732,0.0,0.0,SHAP_content
-0.3797984147854111,-0.0240905712722016,-0.0397584892171217,0.0,0.0,-4.336808689942019e-19,0.0,3201,0.4436474752747345,0.0,4.336808689942019e-19,SHAP_content
0.3793839205023627,-0.0552758664433484,0.0877136960082,0.0,0.0,-1.3877787807814457e-17,0.0,694,0.5223734829539112,0.0,1.3877787807814457e-17,SHAP_content
0.4694172875940941,-0.0623286613153858,0.059305229196221,0.0,0.0,0.0,0.0,387,0.5910511781057011,0.0,0.0,SHAP_content
0.0032734196698761,-0.175521607275443,-0.1081731317375428,0.0,0.0,-3.469446951953614e-18,0.0,2571,0.2869681586828621,0.0,3.469446951953614e-18,SHAP_content
-0.3516389723769401,-0.0501746296675057,-0.0418496114103706,0.0,0.0,3.469446951953614e-18,0.0,3103,0.4436632134548164,0.0,3.469446951953614e-18,SHAP_content
-0.3396317772225491,-0.0619740199466248,-0.0420851153458467,0.0,0.0,-3.903127820947816e-18,0.0,4232,0.4436909125150208,0.0,3.903127820947816e-18,SHAP_content
-0.3498610190343825,-0.0528172838801896,-0.041012029800454,0.0,0.0,-2.1684043449710093e-19,0.0,4658,0.4436903327150263,0.0,2.1684043449710093e-19,SHAP_content
-0.315147299616999,-0.0676505499256552,-0.0499243323958944,0.0,0.0,-8.673617379884035e-19,0.0,3333,0.4327221819385488,0.0,8.673617379884035e-19,SHAP_content
0.2287767502262729,0.2905487194254535,0.0249878094033725,0.0,0.0,-2.7755575615628914e-17,0.0,603,0.544313279055099,0.0,2.7755575615628914e-17,SHAP_content
0.0541906798286505,0.2662491117999163,0.0901573214070921,0.0,0.0,1.734723475976807e-18,0.0,842,0.410597113035659,0.0,1.734723475976807e-18,SHAP_content
0.3327077374711527,-0.047527264211579,0.0951386723230824,0.0,0.0,-6.938893903907228e-18,0.0,322,0.4753736740058141,0.0,6.938893903907228e-18,SHAP_content
0.490018671257493,-0.1732201472548078,-0.0883673317610361,0.0,0.0,2.9802313394888807e-11,2.980232727267662e-11,2747,0.751606150273337,0.0,5.960464066756542e-11,SHAP_content
0.485441639270384,-0.058050898981461,0.0417834930508437,0.0,0.0,-1.3877787807814457e-17,0.0,1867,0.5852760313026888,0.0,1.3877787807814457e-17,SHAP_content
0.0534545373003088,0.3398179198676968,0.0546011622916036,0.0,0.0,-1.3877787807814457e-17,0.0,865,0.4478736194596093,0.0,1.3877787807814457e-17,SHAP_content
-0.3642323646207336,-0.0393390035371202,-0.0401195603078945,0.0,0.0,0.0,0.0,3061,0.4436909284657484,0.0,0.0,SHAP_content
-0.3908819442144144,-0.0134034860626186,-0.0393395017781721,0.0,0.0,-3.903127820947816e-18,0.0,4089,0.4436249320552052,0.0,3.903127820947816e-18,SHAP_content
0.1753988011133425,-0.2540340980870976,-0.1183399518174822,0.0,0.0,0.0,0.0,4319,0.5477728510179224,0.0,0.0,SHAP_content
-0.3858812818511434,-0.0188999838621688,-0.0389096628424081,0.0,0.0,0.0,0.0,2613,0.4436909285557205,0.0,0.0,SHAP_content
0.4291796396939147,-0.0077747071583222,0.044675700531042,0.0,0.0,-2.7755575615628914e-17,0.0,4260,0.4816300473832791,0.0,2.7755575615628914e-17,SHAP_content
0.2973616084718833,0.049479030403947,0.0892413341032188,0.0,0.0,-3.469446951953614e-18,0.0,4438,0.4360819729790492,0.0,3.469446951953614e-18,SHAP_content
-0.4543098123180921,0.0481105403353957,-0.0374916565732857,0.0,0.0,0.0,0.0,2563,0.5399120092267735,0.0,0.0,SHAP_content
0.0422008218033756,-0.1703188870682216,-0.1130082959636396,0.0,0.0,0.0,0.0,3367,0.325528004835237,0.0,0.0,SHAP_content
0.1171276501048626,-0.1796710679972464,-0.1176849969783749,0.0,0.0,0.0,0.0,2602,0.414483715080484,0.0,0.0,SHAP_content
0.4744170664748494,-0.0831113824040631,0.0692689103300767,0.0,0.0,-1.3877787807814457e-17,0.0,1280,0.6267973592089893,0.0,1.3877787807814457e-17,SHAP_content
-0.3408085637877727,-0.0587749736872452,-0.0431746951547999,0.0,0.0,0.0,0.0,3632,0.442758232629818,0.0,0.0,SHAP_content
0.4040419538307133,-0.0257542358439516,0.077548783991616,0.0,0.0,-1.3877787807814457e-17,0.0,830,0.5073449736662811,0.0,1.3877787807814457e-17,SHAP_content
-0.3701098432728045,-0.0343651318541546,-0.0392145505352672,0.0,0.0,3.469446951953614e-18,0.0,3149,0.4436895256622265,0.0,3.469446951953614e-18,SHAP_content
-0.0278684946158038,-0.1075869106600174,-0.1082323165502749,0.0,0.0,0.0,0.0,3799,0.2436877218260962,0.0,0.0,SHAP_content
0.3049125628900785,0.0951346241626814,0.0575856797098584,0.0,0.0,-2.7755575615628914e-17,0.0,1904,0.4576328667626184,0.0,2.7755575615628914e-17,SHAP_content
0.4171916444628227,-0.0480297544230458,0.078032176864748,0.0,0.0,0.0,0.0,455,0.5432535757506166,0.0,0.0,SHAP_content
0.098940996107429,0.2943601396467666,0.0550011007059935,0.0,0.0,1.734723475976807e-18,0.0,307,0.4483022364601892,0.0,1.734723475976807e-18,SHAP_content
-0.372664209505265,-0.031614617674991,-0.0394009803437261,0.0,0.0,3.469446951953614e-18,0.0,2120,0.4436798075239823,0.0,3.469446951953614e-18,SHAP_content
-0.3513764061288922,-0.0513477453641617,-0.0409667734344858,0.0,0.0,3.2526065174565133e-18,0.0,2305,0.4436909249275398,0.0,3.2526065174565133e-18,SHAP_content
-0.4185728268252748,0.0129269720488632,-0.0380355453591953,0.0,0.0,0.0,0.0,2262,0.4695353442333335,0.0,0.0,SHAP_content
-0.374403289933647,-0.0267797989927496,-0.0418877687846998,0.0,0.0,3.469446951953614e-18,0.0,2050,0.4430708577110965,0.0,3.469446951953614e-18,SHAP_content
0.1493072236166737,0.0484800736228776,0.1063653973657793,0.0,0.0,-2.0816681711721685e-17,0.0,1302,0.3041526946053307,0.0,2.0816681711721685e-17,SHAP_content
0.2546108720213368,0.0738166818368406,0.0933606292572851,0.0,0.0,0.0,0.0,328,0.4217881831154626,0.0,0.0,SHAP_content
0.1504097011675632,-0.098464162797856,-0.115427944844317,0.0,0.0,-6.938893903907228e-18,0.0,4682,0.3643018088097363,0.0,6.938893903907228e-18,SHAP_content
0.4352754792038945,-0.0347848912001889,0.0631727190894181,0.0,0.0,0.0,0.0,1704,0.5332330894935016,0.0,0.0,SHAP_content
0.3051849839887837,0.0808891458887923,0.0707165232543661,0.0,0.0,-2.4286128663675302e-17,0.0,4017,0.4567906531319421,0.0,2.4286128663675302e-17,SHAP_content
-0.3414357248275961,-0.054686532241025,-0.0442388698813496,0.0,0.0,0.0,0.0,4649,0.4403611269499707,0.0,0.0,SHAP_content
-0.3679852039463371,-0.0358264513300563,-0.0398638612370339,0.0,0.0,-4.336808689942019e-19,0.0,4531,0.4436755165134274,0.0,4.336808689942019e-19,SHAP_content
0.4540366963653265,-0.0593828842898991,0.069902611015011,0.0,0.0,-6.938893903907228e-18,0.0,1718,0.5833221916702367,0.0,6.938893903907228e-18,SHAP_content
-0.3660020995828172,-0.0372968310617004,-0.0403622352375917,0.0,0.0,0.0,0.0,2977,0.4436611658821094,0.0,0.0,SHAP_content
-0.3919355483042641,-0.0043678276608616,-0.0434815354215031,0.0,0.0,-6.938893903907228e-18,0.0,2612,0.4397849113866288,0.0,6.938893903907228e-18,SHAP_content
-0.365409425555496,-0.0386746416782482,-0.0396068562812804,0.0,0.0,5.473052566706826e-16,5.470884162361855e-16,4214,0.4436909235150247,0.0,1.0943936729068682e-15,SHAP_content
0.3113493754666006,0.0433203326508438,0.0873527021784993,0.0,0.0,-2.4286128663675302e-17,0.0,479,0.4420224102959438,0.0,2.4286128663675302e-17,SHAP_content
-0.0414666995249334,0.127168937788878,0.1004517371259933,0.0,0.0,-2.0816681711721685e-17,0.0,3629,0.2690873744398048,0.0,2.0816681711721685e-17,SHAP_content
0.365670843378356,-0.0184684772728037,0.0855871656246031,0.0,0.0,-5.960464760645934e-11,-5.960464760645934e-11,1175,0.4697264862757629,0.0,1.1920929521291868e-10,SHAP_content
0.0104765122246539,-0.1741500485247104,-0.1092304750463033,0.0,0.0,-3.469446951953614e-18,0.0,4302,0.2938570357956677,0.0,3.469446951953614e-18,SHAP_content
-0.3261382125257426,-0.072671059523412,-0.0447975368470982,0.0,0.0,0.0,0.0,2957,0.443606808896253,0.0,0.0,SHAP_content
-0.2677915535331125,-0.1248765471988914,-0.0498351473020011,0.0,0.0,-2.6020852139652106e-18,0.0,3657,0.4425032480340052,0.0,2.6020852139652106e-18,SHAP_content
0.020266467339621,0.3722708074527809,0.0546319965798966,0.0,0.0,-2.2551405187698492e-17,0.0,117,0.4471692713722986,0.0,2.2551405187698492e-17,SHAP_content
0.3368828076480759,0.0689136132085247,0.0536837726615415,0.0,0.0,6.938893903907228e-18,0.0,1971,0.4594801935181421,0.0,6.938893903907228e-18,SHAP_content
0.429710064149141,-0.0502764521902968,0.0751856439639304,0.0,0.0,0.0,0.0,1557,0.5551721603033684,0.0,0.0,SHAP_content
-0.4346460961009866,0.0302765270562167,-0.0385015281813516,0.0,0.0,-4.336808689942019e-19,0.0,2862,0.503424151338555,0.0,4.336808689942019e-19,SHAP_content
-0.0747840746030363,-0.0261719036598603,-0.105770083774114,0.0,0.0,-3.469446951953614e-18,0.0,3754,0.2067260620370107,0.0,3.469446951953614e-18,SHAP_content
0.4730152389000978,-0.0506555400532727,0.0453930829243384,0.0,0.0,-1.3877787807814457e-17,0.0,879,0.5690638618777091,0.0,1.3877787807814457e-17,SHAP_content
0.1828010209811872,0.2121822456823501,0.0571991129622402,0.0,0.0,0.0,0.0,1029,0.4521823796257776,0.0,0.0,SHAP_content
-0.2364053747807644,-0.118190909879124,-0.0621561980299884,0.0,0.0,1.734723475976807e-18,0.0,3282,0.4167524826898771,0.0,1.734723475976807e-18,SHAP_content
0.2536603019045908,0.1172325249688545,0.0829552641552252,0.0,0.0,-1.0408340855860844e-17,0.0,466,0.4538480910286706,0.0,1.0408340855860844e-17,SHAP_content
-0.397397737130448,-0.0076172766560932,-0.0386759141801172,0.0,0.0,-3.686287386450715e-18,0.0,2265,0.4436909279666585,0.0,3.686287386450715e-18,SHAP_content
-0.2471210272661951,-0.0278634095760671,-0.0807475448896488,0.0,0.0,-5.204170427930421e-18,0.0,4236,0.355731981731911,0.0,5.204170427930421e-18,SHAP_content
-0.3446923206949794,-0.0542176375697989,-0.0431743282554392,0.0,0.0,0.0,0.0,4045,0.4420842865202177,0.0,0.0,SHAP_content
-0.2759954310747278,-0.1027441940452537,-0.0531585822091923,0.0,0.0,-3.469446951953614e-18,0.0,4521,0.4318982073291739,0.0,3.469446951953614e-18,SHAP_content
0.3837802115599626,-0.0526158154762412,0.0864862114053678,0.0,0.0,-1.3877787807814457e-17,0.0,2493,0.5228822384415719,0.0,1.3877787807814457e-17,SHAP_content
0.0826893051750422,0.2979411620288321,0.0645369821736425,0.0,0.0,-1.908195823574488e-17,0.0,1160,0.4451674493775169,0.0,1.908195823574488e-17,SHAP_content
-0.4486633009393705,0.1383325895033545,0.0487313021165954,0.0,0.0,-6.938893903907228e-18,0.0,3083,0.6357271925593205,0.0,6.938893903907228e-18,SHAP_content
0.1216690597112269,0.2735896183239618,0.0570393346014527,0.0,0.0,-3.469446951953614e-18,0.0,1969,0.4522980126366415,0.0,3.469446951953614e-18,SHAP_content
-0.0387383521724977,0.2955795893349348,0.0938703740116497,0.0,0.0,-8.673617379884035e-18,0.0,1198,0.4281883155190823,0.0,8.673617379884035e-18,SHAP_content
0.4758091692993044,-0.0659185721411797,0.0571677308967606,0.0,0.0,1.3877787807814457e-17,0.0,1356,0.5988954723372448,0.0,1.3877787807814457e-17,SHAP_content
0.4033616668969358,-0.0409642917700082,0.0803333766483171,0.0,0.0,5.960462678977763e-11,5.960464066756542e-11,1901,0.5246593353152613,0.0,1.1920926745734306e-10,SHAP_content
0.1251828750133578,0.2703102888271053,0.0572785865128536,0.0,0.0,-3.469446951953614e-18,0.0,1975,0.4527717503533167,0.0,3.469446951953614e-18,SHAP_content
0.4265928644209533,-0.0316889904086818,0.0679693139097097,0.0,0.0,0.0,0.0,776,0.5262511687393449,0.0,0.0,SHAP_content
-0.395031193126072,-0.0101776587921047,-0.0384818054455023,0.0,0.0,-2.1684043449710093e-19,0.0,2652,0.4436906573636791,0.0,2.1684043449710093e-19,SHAP_content
0.4810375657624541,-0.0701635104225857,0.0566499042000021,0.0,0.0,-2.7755575615628914e-17,0.0,568,0.607850980385042,0.0,2.7755575615628914e-17,SHAP_content
0.2750696973786732,0.1827743648441851,0.0381986932841142,0.0,0.0,0.0,0.0,1786,0.4960427555069725,0.0,0.0,SHAP_content
0.4733361772658794,-0.0705271805072187,0.0636219924099636,0.0,0.0,0.0,0.0,4205,0.6074853501830618,0.0,0.0,SHAP_content
-0.390409432195121,-0.014554458389747,-0.0387270379517225,0.0,0.0,0.0,0.0,4091,0.4436909285365906,0.0,0.0,SHAP_content
0.1112759219277214,0.2672227926293467,0.0684147336798541,0.0,0.0,-2.6020852139652106e-17,0.0,25,0.4469134482369223,0.0,2.6020852139652106e-17,SHAP_content
0.2964591242896154,-0.2716242014459493,-0.1153366810390859,0.0,0.0,0.0,0.0,3126,0.6834200067746508,0.0,0.0,SHAP_content
-0.0820196955029872,0.4696668712946323,0.046460870084421,0.0,0.0,4.0978186122142546e-11,4.097819306103645e-11,1092,0.5981474368820406,0.0,8.1956379183179e-11,SHAP_content
-0.001813685646197,0.2418612905087868,0.0974423251934855,0.0,0.0,0.0,0.0,1257,0.3411173013484694,0.0,0.0,SHAP_content
0.504896722782195,-0.1050555133531875,0.0657782028963549,0.0,0.0,-1.3877787807814457e-17,0.0,1998,0.6757304390317375,0.0,1.3877787807814457e-17,SHAP_content
0.0665288519357696,0.3254724861274857,0.0535958011984475,0.0,0.0,-6.938893903907228e-18,0.0,84,0.4455971392617028,0.0,6.938893903907228e-18,SHAP_content
0.4041892578236813,-0.0645573975830231,0.0836184844157895,0.0,0.0,-2.0816681711721685e-17,0.0,1665,0.552365139822494,0.0,2.0816681711721685e-17,SHAP_content
-0.0269159226749523,-0.2464895952480639,-0.0934077942870863,0.0,0.0,0.0,0.0,3487,0.3668133122101026,0.0,0.0,SHAP_content
-0.3860791471704374,-0.0187538474780941,-0.0388509757113719,0.0,0.0,-3.686287386450715e-18,0.0,4455,0.4436839703599035,0.0,3.686287386450715e-18,SHAP_content
-0.3739819341329329,0.0028263079868902,-0.052205987194593,0.0,0.0,3.469446951953614e-18,0.0,2685,0.4290142293144162,0.0,3.469446951953614e-18,SHAP_content
-0.3317501928539042,-0.0689571410419291,-0.0429827334527973,0.0,0.0,0.0,0.0,2789,0.4436900673486307,0.0,0.0,SHAP_content
0.5087262825286918,-0.1842001702943931,-0.0788542168271184,0.0,0.0,1.3877787807814457e-17,0.0,3259,0.7717806696502034,0.0,1.3877787807814457e-17,SHAP_content
0.147225242404097,0.2481718964199274,0.0574084669675247,0.0,0.0,-1.3877787807814457e-17,0.0,755,0.4528056057915492,0.0,1.3877787807814457e-17,SHAP_content
-0.3006664327983488,-0.0938300582187126,-0.0470969731395113,0.0,0.0,3.469446951953614e-18,0.0,2143,0.4415934641565729,0.0,3.469446951953614e-18,SHAP_content
0.212801886859908,0.1787368229056727,0.0616177289651163,0.0,0.0,-3.122502256758253e-17,0.0,2199,0.453156438730697,0.0,3.122502256758253e-17,SHAP_content
-0.3714463133139957,-0.0116120292305675,-0.0482995114268185,0.0,0.0,-6.938893903907228e-18,0.0,3903,0.4313578539713817,0.0,6.938893903907228e-18,SHAP_content
0.3342925478744832,0.0696513475251578,0.0551456492766429,0.0,0.0,-6.938893903907228e-18,0.0,511,0.4590895446762841,0.0,6.938893903907228e-18,SHAP_content
0.0732972989855865,-0.2884437975274909,-0.1068651314343879,0.0,0.0,-6.938893903907228e-18,0.0,2125,0.4686062279474653,0.0,6.938893903907228e-18,SHAP_content
0.1659611458694143,0.197541135299157,0.0858128766249307,0.0,0.0,-1.7347234759768068e-17,0.0,2436,0.4493151577935022,0.0,1.7347234759768068e-17,SHAP_content
-0.4009752332806639,-0.0044128369375015,-0.0383014409687706,0.0,0.0,-3.686287386450715e-18,0.0,3209,0.4436895111869362,0.0,3.686287386450715e-18,SHAP_content
0.403206096537639,-0.0137099133765742,0.0718701993409945,0.0,0.0,0.0,0.0,731,0.4887862092552077,0.0,0.0,SHAP_content
-0.2377505285541572,-0.1471372340797069,-0.0535814619010246,0.0,0.0,0.0,0.0,2220,0.4384692245348888,0.0,0.0,SHAP_content
0.4805464882390474,-0.067693868340215,0.0547676011423503,0.0,0.0,-1.3877787807814457e-17,0.0,686,0.6030079577216128,0.0,1.3877787807814457e-17,SHAP_content
0.2294373457625048,0.2881028025343554,0.0255294203595646,0.0,0.0,-5.960465454535324e-11,-5.960464066756542e-11,530,0.5430695686564249,0.0,1.1920929521291868e-10,SHAP_content
-0.4287066772929491,0.0227515023755987,-0.0376472013854967,0.0,0.0,4.0956821267812415e-15,4.092429520263785e-15,4578,0.4891053810540445,0.0,8.188111647045027e-15,SHAP_content
0.4814882680887635,-0.050466057653203,0.038710160797883,0.0,0.0,-6.938893903907228e-18,0.0,765,0.5706644865398497,0.0,6.938893903907228e-18,SHAP_content
0.4653207296532424,-0.0603047745326374,0.0609430844706878,0.0,0.0,0.0,0.0,1479,0.5865685886565677,0.0,0.0,SHAP_content
0.2577500005086971,-0.2759486312182754,-0.1173558942857684,0.0,0.0,-6.938893903907228e-18,0.0,2783,0.6510545260127409,0.0,6.938893903907228e-18,SHAP_content
0.3053424377025984,-0.0044972756176277,0.09519464895255,0.0,0.0,1.3877787807814457e-17,0.0,2002,0.4050343622727763,0.0,1.3877787807814457e-17,SHAP_content
0.0650554065874965,0.3152306116323852,0.063635336453961,0.0,0.0,-6.938893903907228e-18,0.0,1361,0.4439213546738428,0.0,6.938893903907228e-18,SHAP_content
0.4951091393426386,-0.0878379445138221,0.0611243634316048,0.0,0.0,0.0,0.0,4560,0.6440714472880655,0.0,0.0,SHAP_content
-0.3191726662135857,-0.0708890017571051,-0.047349375282065,0.0,0.0,-1.734723475976807e-18,0.0,3666,0.4374110432527559,0.0,1.734723475976807e-18,SHAP_content
-0.3692599161996377,-0.0348833140645893,-0.0395476982851905,0.0,0.0,3.469446951953614e-18,0.0,4282,0.4436909285494175,0.0,3.469446951953614e-18,SHAP_content
0.285805905933243,0.0867738028754176,0.0827238084361355,0.0,0.0,-2.0816681711721685e-17,0.0,179,0.4553035172447962,0.0,2.0816681711721685e-17,SHAP_content
0.04996340656745,0.1382535516862236,0.1034399205977203,0.0,0.0,-2.0816681711721685e-17,0.0,374,0.291656878851394,0.0,2.0816681711721685e-17,SHAP_content
-0.5083964411858511,0.1260366866408126,0.0374271658709504,0.0,0.0,0.0,0.0,1633,0.6718602936976141,0.0,0.0,SHAP_content
-0.0807982776742823,-0.1557125496148442,-0.0959693452630018,0.0,0.0,0.0,0.0,4102,0.3324801725521283,0.0,0.0,SHAP_content
-0.3642265884405926,-0.0304076505996096,-0.0443796452880633,0.0,0.0,0.0,0.0,2757,0.4390138843282657,0.0,0.0,SHAP_content
-0.4253102248737465,0.0194983245334387,-0.0378156919941759,0.0,0.0,3.2526065174565133e-18,0.0,2985,0.4826242414013612,0.0,3.2526065174565133e-18,SHAP_content
-0.3773634681764071,-0.0271402941079937,-0.039187166071272,0.0,0.0,0.0,0.0,2859,0.443690928355673,0.0,0.0,SHAP_content
0.4192638636356656,-0.0471501322930787,0.0773509149000119,0.0,0.0,0.0,0.0,1184,0.5437649108287562,0.0,0.0,SHAP_content
0.4212947663821397,-0.0511865434829167,0.0775266203534161,0.0,0.0,0.0,0.0,1714,0.5500079302184726,0.0,0.0,SHAP_content
0.0828858731455451,0.2805757670381755,0.0808528667270605,0.0,0.0,-2.2551405187698492e-17,0.0,3122,0.4443145069107812,0.0,2.2551405187698492e-17,SHAP_content
-0.2461534320490423,-0.0871598367621461,-0.067352024561939,0.0,0.0,0.0,0.0,3184,0.4006652933731275,0.0,0.0,SHAP_content
-0.3700944765015139,-0.0343181609594913,-0.0392782769067381,0.0,0.0,3.2526065174565133e-18,0.0,2055,0.4436909143677434,0.0,3.2526065174565133e-18,SHAP_content
-0.35117185567385,-0.0501522035051001,-0.0422887341342327,0.0,0.0,-4.336808689942019e-19,0.0,4069,0.4436127933131828,0.0,4.336808689942019e-19,SHAP_content
-0.4130507923548573,0.0083781099824727,-0.0388537714009504,0.0,0.0,0.0,0.0,2718,0.4602826737382805,0.0,0.0,SHAP_content
-0.374787086379876,-0.0294343169137532,-0.0394695252623553,0.0,0.0,-7.15573433840433e-18,0.0,2080,0.4436909285559847,0.0,7.15573433840433e-18,SHAP_content
0.362644732765946,-0.0454534541950191,0.0897820508763228,0.0,0.0,0.0,0.0,1793,0.4978802378372879,0.0,0.0,SHAP_content
0.0774002083783266,0.3148142643588124,0.0539433078133211,0.0,0.0,-2.0816681711721685e-17,0.0,238,0.4461577805504602,0.0,2.0816681711721685e-17,SHAP_content
0.1743644287359899,0.2213776351739197,0.0577731351776903,0.0,0.0,-1.7347234759768068e-17,0.0,127,0.4535151990876001,0.0,1.7347234759768068e-17,SHAP_content
0.2007497284350553,0.1541377792115731,0.0888859679035264,0.0,0.0,0.0,0.0,354,0.443773475550155,0.0,0.0,SHAP_content
0.1435194860242042,0.25318586114675,0.058367798121785,0.0,0.0,-1.3877787807814457e-17,0.0,164,0.4550731452927393,0.0,1.3877787807814457e-17,SHAP_content
0.4948779074670877,-0.076457248647011,0.0507622767978274,0.0,0.0,-2.7755575615628914e-17,0.0,4458,0.6220974329119262,0.0,2.7755575615628914e-17,SHAP_content
0.4519014404714737,-0.0812140912031363,0.0749257044335204,0.0,0.0,-1.3877787807814457e-17,0.0,1510,0.6080412361081305,0.0,1.3877787807814457e-17,SHAP_content
-0.348896646378161,-0.0536164704449825,-0.0411777992399352,0.0,0.0,0.0,0.0,4147,0.4436909160630787,0.0,0.0,SHAP_content
-0.3856135203084971,-0.0191877057904749,-0.0388897023504133,0.0,0.0,0.0,0.0,2319,0.4436909284493854,0.0,0.0,SHAP_content
0.1189306095891593,0.3030960207384384,0.0559119295845872,0.0,0.0,3.122502256758253e-17,0.0,3199,0.477938559912185,0.0,3.122502256758253e-17,SHAP_content
0.3801941341537883,0.033366323162746,0.0497834880898828,0.0,0.0,-6.938893903907228e-18,0.0,1890,0.4633439454064171,0.0,6.938893903907228e-18,SHAP_content
0.0195272402752446,0.1233491403810397,0.1034916373972276,0.0,0.0,-5.204170427930421e-18,0.0,1319,0.246368018053512,0.0,5.204170427930421e-18,SHAP_content
-0.3452458947689871,-0.0564301409109502,-0.0420148928386829,0.0,0.0,2.1684043449710093e-19,0.0,4266,0.4436909285186203,0.0,2.1684043449710093e-19,SHAP_content
-0.3488141894773415,-0.0537236335623197,-0.0411521204941125,0.0,0.0,2.1684043449710093e-19,0.0,3546,0.4436899435337738,0.0,2.1684043449710093e-19,SHAP_content
-0.3034275897644123,-0.0622053442020527,-0.0559076978716379,0.0,0.0,0.0,0.0,2540,0.421540631838103,0.0,0.0,SHAP_content
0.2195430276411422,0.1543953605150875,0.078526279067204,0.0,0.0,-1.3877787807814457e-17,0.0,472,0.4524646672234338,0.0,1.3877787807814457e-17,SHAP_content
-0.3619564098491546,-0.0416443085431938,-0.0400831476742313,0.0,0.0,-1.0095440108881527e-13,-1.0095396740794629e-13,3021,0.4436838660665799,0.0,2.0190836849676153e-13,SHAP_content
0.2909632104723434,0.0824802386393761,0.0821192291285599,0.0,0.0,-3.469446951953614e-18,0.0,1997,0.4555626782402796,0.0,3.469446951953614e-18,SHAP_content
0.1602393457919662,0.2177392485277957,0.0717360338030247,0.0,0.0,0.0,0.0,18,0.4497146281227867,0.0,0.0,SHAP_content
0.4514244121912319,-0.1736687874079036,-0.0926989709037055,0.0,0.0,1.3877787807814457e-17,0.0,3952,0.717792170502841,0.0,1.3877787807814457e-17,SHAP_content
0.2560723529845509,0.1364973142070468,0.0625440092595889,0.0,0.0,-1.7347234759768068e-17,0.0,2956,0.4551136764511866,0.0,1.7347234759768068e-17,SHAP_content
0.013108044173891,0.1364397623374318,0.1030267239933609,0.0,0.0,-1.5612511283791264e-17,0.0,2042,0.2525745305046837,0.0,1.5612511283791264e-17,SHAP_content
-0.2125758536658649,-0.1701271230994533,-0.0555517981739103,0.0,0.0,0.0,0.0,2137,0.4382547749392287,0.0,0.0,SHAP_content
0.4661826083327396,-0.093435959583291,0.0733943828958297,0.0,0.0,-6.938893903907228e-18,0.0,1025,0.6330129508118604,0.0,6.938893903907228e-18,SHAP_content
0.4545506192001501,-0.0664766866118656,0.0715306557638991,0.0,0.0,2.980232033378272e-11,2.980232033378272e-11,97,0.592557961575915,0.0,5.960464066756542e-11,SHAP_content
-0.2287754549404901,-0.063730067648475,-0.0777017675016153,0.0,0.0,-6.938893903907228e-18,0.0,4216,0.3702072900905805,0.0,6.938893903907228e-18,SHAP_content
-0.1401781648074298,0.2659432001928694,0.0943155461827817,0.0,0.0,-6.938893903907228e-18,0.0,3114,0.500436911183081,0.0,6.938893903907228e-18,SHAP_content
-0.4326658197847925,0.0271899009851944,-0.0382150097563869,0.0,0.0,3.3610267347050637e-18,0.0,2835,0.4980707305263739,0.0,3.3610267347050637e-18,SHAP_content
-0.3557321649481266,-0.0449849551288544,-0.0423511091959408,0.0,0.0,-6.519259090898011e-12,-6.519258223536273e-12,3161,0.4430682292729218,0.0,1.3038517314434284e-11,SHAP_content
0.3874426241635503,-0.2239714544904076,-0.1044875186087665,0.0,0.0,-6.938893903907228e-18,0.0,449,0.7159015972627245,0.0,6.938893903907228e-18,SHAP_content
0.4619399860207457,-0.0515072794543166,0.0556047131327434,0.0,0.0,-2.7755575615628914e-17,0.0,550,0.5690519786078058,0.0,2.7755575615628914e-17,SHAP_content
0.3671332600904006,-0.2524483134794312,-0.1081506709375996,0.0,0.0,-1.3877787807814457e-17,0.0,3744,0.7277322445074315,0.0,1.3877787807814457e-17,SHAP_content
0.1728198625210133,0.2227548730836354,0.0576540035601607,0.0,0.0,0.0,0.0,178,0.4532287391648095,0.0,0.0,SHAP_content
0.5083881828445278,-0.1849739885896925,-0.078801115757445,0.0,0.0,0.0,0.0,3654,0.7721632871916654,0.0,0.0,SHAP_content
0.4520686756453747,-0.057142951992611,0.0695104768691626,0.0,0.0,0.0,0.0,1340,0.5787221045071482,0.0,0.0,SHAP_content
0.2060637049086326,0.1017449641665346,0.0968969420569579,0.0,0.0,3.469446951953614e-18,0.0,4563,0.4047056111321253,0.0,3.469446951953614e-18,SHAP_content
0.0916866395057122,-0.0788805138146861,-0.1147275973836077,0.0,0.0,0.0,0.0,3548,0.2852947507040061,0.0,0.0,SHAP_content
-0.3318534492622353,-0.0670478043511157,-0.0437479675926928,0.0,0.0,-8.673617379884035e-19,0.0,3520,0.4426492212060439,0.0,8.673617379884035e-19,SHAP_content
0.2142211503222652,0.0603969984928928,0.1008351119866144,0.0,0.0,6.938893903907228e-18,0.0,1591,0.3754532608017725,0.0,6.938893903907228e-18,SHAP_content
0.0559775673103921,0.3368462811160833,0.054000192843284,0.0,0.0,1.734723475976807e-18,0.0,1516,0.4468240412697594,0.0,1.734723475976807e-18,SHAP_content
0.2293975701525346,0.2791363048150676,0.0284760469631679,0.0,0.0,0.0,0.0,741,0.5370099219307702,0.0,0.0,SHAP_content
0.4392490898076286,-0.0701423872923974,0.0762220966356928,0.0,0.0,-2.0816681711721685e-17,0.0,1769,0.5856135737357189,0.0,2.0816681711721685e-17,SHAP_content
-0.2504914251796507,-0.0870358611464339,-0.0660663385413742,0.0,0.0,-1.734723475976807e-18,0.0,4358,0.4035936248674589,0.0,1.734723475976807e-18,SHAP_content
0.46769175350238,-0.062846041651265,0.0612814128384445,0.0,0.0,0.0,0.0,483,0.5918192079920896,0.0,0.0,SHAP_content
0.1297488343340359,-0.1968246154541434,-0.1180150018574932,0.0,0.0,1.3877787807814457e-17,0.0,4671,0.4445884516456725,0.0,1.3877787807814457e-17,SHAP_content
-0.2089986383380246,0.1043534583433717,0.0797298695149921,0.0,0.0,-1.734723475976807e-18,0.0,2810,0.3930819661963884,0.0,1.734723475976807e-18,SHAP_content
0.2628500278775086,0.2021446265944487,0.037317734685795,0.0,0.0,5.960464066756542e-11,5.960464066756542e-11,2021,0.5023123891577524,0.0,1.1920928133513087e-10,SHAP_content
-0.4562775077691093,0.0497884233211211,-0.0372018432755553,0.0,0.0,3.469446951953614e-18,0.0,4647,0.5432677743657858,0.0,3.469446951953614e-18,SHAP_content
-0.033111653644946,0.4199321251525057,0.049188068549126,0.0,0.0,-9.54097911787244e-18,0.0,1910,0.5022318473465779,0.0,9.54097911787244e-18,SHAP_content
0.2023517913658739,0.1662265052323835,0.0828185534140252,0.0,0.0,-1.3877787807814457e-17,0.0,2485,0.4513968500122827,0.0,1.3877787807814457e-17,SHAP_content
0.4820660951019108,-0.0636877126783042,0.0497607566549906,0.0,0.0,6.938893903907228e-18,0.0,780,0.5955145644352058,0.0,6.938893903907228e-18,SHAP_content
-0.0931623541886892,0.4491766440384709,0.0702059158372444,0.0,0.0,0.0,0.0,77,0.6125449140644047,0.0,0.0,SHAP_content
0.4721880948340363,-0.0488114729827179,0.0443982136384117,0.0,0.0,-1.3877787807814457e-17,0.0,1889,0.565397781455166,0.0,1.3877787807814457e-17,SHAP_content
-0.37916022320691,-0.0256220145569042,-0.0389086118009785,0.0,0.0,3.469446951953614e-18,0.0,4340,0.4436908495647927,0.0,3.469446951953614e-18,SHAP_content
0.358015217754928,0.0008894533706322,0.0842350282366981,0.0,0.0,-2.7755575615628914e-17,0.0,673,0.4431396993622584,0.0,2.7755575615628914e-17,SHAP_content
0.2121762821351173,-0.2278147593427505,-0.1185336074591154,0.0,0.0,0.0,0.0,2203,0.5585246489369833,0.0,0.0,SHAP_content
0.0130433770786487,0.2624495454978511,0.0945833436154399,0.0,0.0,-6.938893903907228e-18,0.0,458,0.3700762661919398,0.0,6.938893903907228e-18,SHAP_content
-0.3317199971781773,-0.06252591750578,-0.0453262737790646,0.0,0.0,8.673617379884035e-19,0.0,2865,0.439572188463022,0.0,8.673617379884035e-19,SHAP_content
0.2836953755002187,0.0937490350298275,0.0779997140717751,0.0,0.0,-1.3877787807814457e-17,0.0,752,0.4554441246018214,0.0,1.3877787807814457e-17,SHAP_content
-0.0452064419842537,0.4349106240134347,0.0506508479338157,0.0,0.0,-1.734723475976807e-18,0.0,121,0.5307679139315042,0.0,1.734723475976807e-18,SHAP_content
-0.3650285556076756,-0.0385430822127594,-0.0401192907355128,0.0,0.0,0.0,0.0,3637,0.443690928555948,0.0,0.0,SHAP_content
0.4397117272768782,-0.0385569775855162,0.0628167730198955,0.0,0.0,1.3877787807814457e-17,0.0,699,0.54108547788229,0.0,1.3877787807814457e-17,SHAP_content
-0.4180561968569278,0.0196855961100741,-0.0418147183452311,0.0,0.0,-6.5052130349130266e-18,0.0,2924,0.4795565113122331,0.0,6.5052130349130266e-18,SHAP_content
-0.0410216298692645,0.0825240162194062,0.0995124551095895,0.0,0.0,0.0,0.0,4167,0.2230581011982604,0.0,0.0,SHAP_content
0.4530372434466124,-0.1773992737557511,-0.0929019630509235,0.0,0.0,0.0,0.0,1492,0.7233384802532872,0.0,0.0,SHAP_content
-0.0618181495118339,-0.0921816452291319,-0.1049206093132186,0.0,0.0,6.938893903907228e-18,0.0,4633,0.2589204040541845,0.0,6.938893903907228e-18,SHAP_content
0.4723650802564223,-0.0705596404960802,0.0644932270968808,0.0,0.0,-3.4694469519536136e-17,0.0,1948,0.6074179478493833,0.0,3.4694469519536136e-17,SHAP_content
-0.3670333894546213,-0.0202329941387652,-0.0468598108985558,0.0,0.0,-2.6020852139652106e-18,0.0,2086,0.4341261944919424,0.0,2.6020852139652106e-18,SHAP_content
-0.3832428727868787,-0.0211136588805485,-0.0393343968885575,0.0,0.0,-6.938893903907228e-18,0.0,3365,0.4436909285559849,0.0,6.938893903907228e-18,SHAP_content
0.3820442828775869,-0.0334485425932077,0.0841971887913191,0.0,0.0,-1.3877787807814457e-17,0.0,31,0.4996900142621137,0.0,1.3877787807814457e-17,SHAP_content
-0.3080940363355983,-0.0891662231557386,-0.0457564177140739,0.0,0.0,-3.469446951953614e-18,0.0,2154,0.4430166772054109,0.0,3.469446951953614e-18,SHAP_content
-0.4347256881101422,0.0285298199104086,-0.0374950579026346,0.0,0.0,-3.903127820947816e-18,0.0,2758,0.5007505659231856,0.0,3.903127820947816e-18,SHAP_content
-0.3384244309073025,0.1599189734751642,0.0654110652740873,0.0,0.0,-1.1275702593849246e-17,0.0,69,0.5637544696565542,0.0,1.1275702593849246e-17,SHAP_content
-0.0115971795820046,0.2504111307144494,0.0970404870756386,0.0,0.0,-1.0408340855860844e-17,0.0,1449,0.3590487973720927,0.0,1.0408340855860844e-17,SHAP_content
-0.220511430133854,-0.1542224145028516,-0.0573066203530955,0.0,0.0,-5.204170427930421e-18,0.0,3175,0.4320404649898012,0.0,5.204170427930421e-18,SHAP_content
0.2227343067017236,-0.1493617372541546,-0.1154843861890549,0.0,0.0,6.938893903907228e-18,0.0,3627,0.4875804301449333,0.0,6.938893903907228e-18,SHAP_content
-0.4386729724874887,0.0324319566935613,-0.0373562180512447,0.0,0.0,3.686287386450715e-18,0.0,3877,0.5084611472322947,0.0,3.686287386450715e-18,SHAP_content
-0.3732883632004616,-0.0300119088745215,-0.0403296532734817,0.0,0.0,-3.469446951953614e-18,0.0,3959,0.4436299253484649,0.0,3.469446951953614e-18,SHAP_content
-0.3276014907246464,-0.0227317002517907,-0.0598385254230137,0.0,0.0,8.673617379884035e-19,0.0,4465,0.4101717163994509,0.0,8.673617379884035e-19,SHAP_content
-0.1887307295312583,0.0877137266811002,0.0815875846663348,0.0,0.0,-8.673617379884035e-18,0.0,3221,0.3580320408786934,0.0,8.673617379884035e-18,SHAP_content
-0.3898642829726049,-0.0151185153845638,-0.0387017467347194,0.0,0.0,3.469446951953614e-18,0.0,3146,0.4436845450918881,0.0,3.469446951953614e-18,SHAP_content
0.1086864417939266,0.2189780831542221,0.0911044444908612,0.0,0.0,-1.0408340855860844e-17,0.0,1531,0.41876896943901,0.0,1.0408340855860844e-17,SHAP_content
-0.2830435824750862,-0.0373222097145209,-0.0694474250702963,0.0,0.0,-3.469446951953614e-18,0.0,2432,0.3898132172599036,0.0,3.469446951953614e-18,SHAP_content
-0.4232067255557967,0.0201462769637138,-0.0395226685017682,0.0,0.0,4.336808689942019e-19,0.0,3574,0.4828756710212788,0.0,4.336808689942019e-19,SHAP_content
-0.1532284598066341,-0.1773846604109539,-0.073063522744172,0.0,0.0,-6.938893903907228e-18,0.0,3182,0.4036766429617601,0.0,6.938893903907228e-18,SHAP_content
0.4396376010434305,-0.0537683603339719,0.0731882366679364,0.0,0.0,0.0,0.0,1912,0.566594198045339,0.0,0.0,SHAP_content
0.3558453140417059,0.0244742578884792,0.0783405212804921,0.0,0.0,0.0,0.0,504,0.4586600932106773,0.0,0.0,SHAP_content
0.0968341267426148,0.0385490425405911,0.1069370973436093,0.0,0.0,-6.938893903907228e-18,0.0,339,0.2423202666268153,0.0,6.938893903907228e-18,SHAP_content
-0.3864618412865368,-0.0179540307854701,-0.0392443376489075,0.0,0.0,-1.6006683825620096e-13,-1.6007074138402189e-13,3580,0.4436602097209144,0.0,3.201375796402228e-13,SHAP_content
-0.2736962261044936,-0.1096917719866202,-0.0518968864808752,0.0,0.0,0.0,0.0,4408,0.4352848845719891,0.0,0.0,SHAP_content
0.2813407804474283,-0.0066326020961205,0.0989412074809822,0.0,0.0,3.469446951953614e-18,0.0,798,0.386914590024531,0.0,3.469446951953614e-18,SHAP_content
-0.289442521983195,-0.1056284845238488,-0.0477581982580644,0.0,0.0,-1.734723475976807e-18,0.0,4413,0.4428292047651083,0.0,1.734723475976807e-18,SHAP_content
-0.2518457395577642,-0.119820400654815,-0.0565341670150519,0.0,0.0,0.0,0.0,4517,0.4282003072276312,0.0,0.0,SHAP_content
0.1656636536050373,0.1909579853782239,0.0877013913917228,0.0,0.0,-6.938893903907228e-18,0.0,61,0.4443230303749841,0.0,6.938893903907228e-18,SHAP_content
0.2582770332386289,0.094488597242479,0.0892055198203287,0.0,0.0,-2.4286128663675302e-17,0.0,1775,0.4419711503014367,0.0,2.4286128663675302e-17,SHAP_content
0.4264412457640747,-0.0926621781748979,0.0825289452763467,0.0,0.0,-1.3877787807814457e-17,0.0,2845,0.6016323692153194,0.0,1.3877787807814457e-17,SHAP_content
0.5253133040307589,-0.1348485382787796,0.0553071939328499,0.0,0.0,-1.3877787807814457e-17,0.0,4632,0.7154690362423884,0.0,1.3877787807814457e-17,SHAP_content
-0.3400906543301012,-0.0213359858721209,-0.0561394403009035,0.0,0.0,8.673617379884035e-19,0.0,2460,0.4175660805031257,0.0,8.673617379884035e-19,SHAP_content
0.4542624188140606,-0.0707953825357818,0.0724335406932323,0.0,0.0,0.0,0.0,1567,0.5974913420430749,0.0,0.0,SHAP_content
-0.3973463363519974,-0.0077179902611541,-0.0386266019426038,0.0,0.0,3.686287386450715e-18,0.0,2848,0.4436909285557554,0.0,3.686287386450715e-18,SHAP_content
0.4958046378470527,-0.0710181468302112,0.045006915372852,0.0,0.0,-2.7755575615628914e-17,0.0,1689,0.611829700050116,0.0,2.7755575615628914e-17,SHAP_content
-0.3592294347948001,-0.0443134319653527,-0.0401480465853327,0.0,0.0,3.2526065174565133e-18,0.0,4153,0.4436909133454855,0.0,3.2526065174565133e-18,SHAP_content
-0.2864742062446336,-0.0809060338265419,-0.0560259016643977,0.0,0.0,1.734723475976807e-18,0.0,2986,0.4234061417355733,0.0,1.734723475976807e-18,SHAP_content
-0.3442550017920118,-0.0571024243034498,-0.0423220682258301,0.0,0.0,0.0,0.0,2419,0.4436794943212917,0.0,0.0,SHAP_content
0.4783085673718244,-0.0640284991067145,0.0532660641430124,0.0,0.0,2.9802313394888807e-11,2.980232033378272e-11,1568,0.5956031306215515,0.0,5.960463372867153e-11,SHAP_content
-0.3692102730172835,-0.0349002697277956,-0.0395803857597514,0.0,0.0,3.469446951953614e-18,0.0,3965,0.4436909285048307,0.0,3.469446951953614e-18,SHAP_content
-0.3111039906089409,-0.0863383040804988,-0.0461555195872182,0.0,0.0,3.259626076002054e-12,3.259629545449006e-12,2339,0.443597814276658,0.0,6.519255621451059e-12,SHAP_content
0.0232933519311617,-0.1750292359069501,-0.110756835056042,0.0,0.0,-3.469446951953614e-18,0.0,2094,0.3090794228941538,0.0,3.469446951953614e-18,SHAP_content
0.2897173625713,0.1143016296370179,0.0558051797148231,0.0,0.0,-1.0408340855860844e-17,0.0,2041,0.459824171923141,0.0,1.0408340855860844e-17,SHAP_content
-0.0640784294105123,-0.1980283913256252,-0.0931832670605703,0.0,0.0,-3.469446951953614e-18,0.0,2200,0.3552900877967078,0.0,3.469446951953614e-18,SHAP_content
-0.3242460273069584,-0.0744295787662433,-0.0443325257237181,0.0,0.0,8.673617379884035e-19,0.0,2272,0.4430081317969198,0.0,8.673617379884035e-19,SHAP_content
0.2287795338128541,0.28615976677284,0.0264999617076245,0.0,0.0,-3.4694469519536136e-17,0.0,381,0.5414392622933186,0.0,3.4694469519536136e-17,SHAP_content
-0.3810785422758367,-0.0233795548523395,-0.0392170493700645,0.0,0.0,0.0,0.0,3864,0.4436751464982408,0.0,0.0,SHAP_content
-0.4072948893250575,0.0050332245748977,-0.0405682497409581,0.0,0.0,-3.0357660829594124e-18,0.0,2412,0.4528963636409134,0.0,3.0357660829594124e-18,SHAP_content
-0.3338696087786522,-0.0639544029764545,-0.0439068625280925,0.0,0.0,6.938893903907228e-18,0.0,3912,0.4417308742831993,0.0,6.938893903907228e-18,SHAP_content
0.4711144827054372,-0.0727804903631369,0.0676715984765621,0.0,0.0,-6.938893903907228e-18,0.0,1390,0.6115665715451364,0.0,6.938893903907228e-18,SHAP_content
0.0083273665336025,-0.2146481786160482,-0.1053141186250286,0.0,0.0,-3.469446951953614e-18,0.0,4238,0.3282896637746794,0.0,3.469446951953614e-18,SHAP_content
-0.3361245235329199,-0.0651305548460319,-0.042435807661499,0.0,0.0,-2.1684043449710093e-19,0.0,3914,0.443690886040451,0.0,2.1684043449710093e-19,SHAP_content
0.3076868930838717,0.0983251471551688,0.0547711108138915,0.0,0.0,-2.7755575615628914e-17,0.0,1952,0.4607831510529321,0.0,2.7755575615628914e-17,SHAP_content
-0.0700847448262275,-0.0919194084951519,-0.1038555128845231,0.0,0.0,-1.0408340855860844e-17,0.0,4162,0.2658596662059027,0.0,1.0408340855860844e-17,SHAP_content
-0.4009944632047946,-0.0043878441619203,-0.0383078099811596,0.0,0.0,2.1684043449710093e-19,0.0,2915,0.4436901173478745,0.0,2.1684043449710093e-19,SHAP_content
-0.4037383656965261,-0.0016810407750897,-0.0382711689942537,0.0,0.0,3.2526065174565133e-18,0.0,2342,0.4436905754658697,0.0,3.2526065174565133e-18,SHAP_content
0.4402978904278508,-0.03822683880412,0.0619872554503194,0.0,0.0,0.0,0.0,245,0.5405119846822903,0.0,0.0,SHAP_content
0.444590321792378,-0.0477714290083916,0.0672252879892523,0.0,0.0,-6.938893903907228e-18,0.0,1439,0.5595870387900219,0.0,6.938893903907228e-18,SHAP_content
0.2887501143084257,0.0994825684243124,0.0679925607388645,0.0,0.0,-1.3877787807814457e-17,0.0,1022,0.4562252434716027,0.0,1.3877787807814457e-17,SHAP_content
-0.37040671885054,-0.0337986394611788,-0.0394855702019613,0.0,0.0,3.686287386450715e-18,0.0,3233,0.4436909285136801,0.0,3.686287386450715e-18,SHAP_content
-0.1641723939572208,0.1913530527108712,0.0910471481945148,0.0,0.0,-1.1275702593849246e-17,0.0,411,0.4465725948626069,0.0,1.1275702593849246e-17,SHAP_content
-0.4059834170881401,0.00076977985747,-0.0384772901849081,0.0,0.0,-3.469446951953614e-18,0.0,2261,0.4452304871305183,0.0,3.469446951953614e-18,SHAP_content
0.3098368501961671,0.003382267033305,0.0935374897293742,0.0,0.0,0.0,0.0,1062,0.4067566069588465,0.0,0.0,SHAP_content
0.5016346314046336,-0.1761257496823587,-0.0849383094428413,0.0,0.0,6.938893903907228e-18,0.0,4609,0.7626986905298336,0.0,6.938893903907228e-18,SHAP_content
-0.3928318028546955,-0.0116285585488328,-0.0392305671524567,0.0,0.0,-1.0842021724855044e-19,0.0,3561,0.4436909285559851,0.0,1.0842021724855044e-19,SHAP_content
0.162033692694179,0.2317264512317459,0.0570433418476185,0.0,0.0,-1.0408340855860844e-17,0.0,665,0.4508034857735434,0.0,1.0408340855860844e-17,SHAP_content
-0.4113629245412605,0.0319709573605372,-0.0487411916892779,0.0,0.0,0.0,0.0,4631,0.4920750735910757,0.0,0.0,SHAP_content
0.4663985469255242,-0.0561752002828649,0.0561395740216314,0.0,0.0,0.0,0.0,4379,0.5787133212300206,0.0,0.0,SHAP_content
-0.3458141831619449,-0.0527884162222636,-0.0432313833674561,0.0,0.0,3.469446951953614e-18,0.0,4188,0.4418339827516647,0.0,3.469446951953614e-18,SHAP_content
-0.2986587928105222,-0.0380950587954826,-0.0646006502746604,0.0,0.0,-6.938893903907228e-18,0.0,4641,0.4013545018806654,0.0,6.938893903907228e-18,SHAP_content
0.1026406782521362,0.1390565892307045,0.1021178478721543,0.0,0.0,6.938893903907228e-18,0.0,114,0.3438151153549951,0.0,6.938893903907228e-18,SHAP_content
0.2570551839493477,-0.1323781991491121,-0.1121037155298352,0.0,0.0,-6.938893903907228e-18,0.0,3989,0.501537098628295,0.0,6.938893903907228e-18,SHAP_content
-0.192371775908048,-0.1754884101204195,-0.0607663325935331,0.0,0.0,0.0,0.0,2302,0.4286265186220007,0.0,0.0,SHAP_content
-0.3717249728013151,-0.0325654723508249,-0.0394004834016209,0.0,0.0,3.686287386450715e-18,0.0,2477,0.443690928553761,0.0,3.686287386450715e-18,SHAP_content
-0.3939483256259992,-0.0067685111610333,-0.0416798093875294,0.0,0.0,-3.0357660829594124e-18,0.0,3250,0.442396646174562,0.0,3.0357660829594124e-18,SHAP_content
0.1627271115680158,0.0444050162151584,0.1059990528832525,0.0,0.0,-3.469446951953614e-18,0.0,118,0.3131311806664268,0.0,3.469446951953614e-18,SHAP_content
0.2741207390759016,0.0767090866033097,0.0892301016875026,0.0,0.0,-2.4286128663675302e-17,0.0,1981,0.440059927366714,0.0,2.4286128663675302e-17,SHAP_content
-0.1507106398223904,-0.1939985183018117,-0.0695940057990811,0.0,0.0,3.469446951953614e-18,0.0,2180,0.4143031639232833,0.0,3.469446951953614e-18,SHAP_content
-0.1616847582262803,0.3900001557191658,0.0908781119890017,0.0,0.0,-8.673617379884035e-19,0.0,162,0.6425630259344479,0.0,8.673617379884035e-19,SHAP_content
-0.1717315561342402,-0.0500071129075743,-0.0920464694236095,0.0,0.0,1.734723475976807e-18,0.0,263,0.3137851384654241,0.0,1.734723475976807e-18,SHAP_content
0.3410310142664176,0.0408204181290322,0.0762281115751153,0.0,0.0,-6.938893903907228e-18,0.0,775,0.4580795439705653,0.0,6.938893903907228e-18,SHAP_content
-0.3387175440354143,-0.0574491946157728,-0.0443087433022447,0.0,0.0,0.0,0.0,4264,0.4404754819534319,0.0,0.0,SHAP_content
0.2094880364913985,0.1899100987901342,0.0586447518324954,0.0,0.0,-1.0408340855860844e-17,0.0,651,0.4580428871140282,0.0,1.0408340855860844e-17,SHAP_content
-0.3118492033399456,-0.0850142352450016,-0.0456283532500675,0.0,0.0,2.6020852139652106e-18,0.0,3723,0.4424917918350147,0.0,2.6020852139652106e-18,SHAP_content
-0.3562647026725513,-0.0447291057207954,-0.042253605376909,0.0,0.0,-3.903127820947816e-18,0.0,4243,0.4432474137702558,0.0,3.903127820947816e-18,SHAP_content
0.4327030189435615,-0.2065841485243321,-0.0978817746832223,0.0,0.0,6.938893903907228e-18,0.0,1170,0.7371689421511161,0.0,6.938893903907228e-18,SHAP_content
-0.1297945816954996,-0.1770684803808329,-0.0801645023076708,0.0,0.0,3.469446951953614e-18,0.0,4332,0.3870275643840034,0.0,3.469446951953614e-18,SHAP_content
-0.3102393885532993,-0.0867616421053816,-0.0457025662815431,0.0,0.0,-2.6020852139652106e-18,0.0,3011,0.4427035969402241,0.0,2.6020852139652106e-18,SHAP_content
0.4914864094441201,-0.182526370440939,-0.0884375485985948,0.0,0.0,1.3877787807814457e-17,0.0,4651,0.762450328483654,0.0,1.3877787807814457e-17,SHAP_content
-0.0629891743714331,-0.1497761864257293,-0.1001219678051712,0.0,0.0,-3.469446951953614e-18,0.0,3874,0.3128873286023336,0.0,3.469446951953614e-18,SHAP_content
-0.3982950900283847,-0.0045908307872013,-0.0403565011238773,0.0,0.0,0.0,0.0,4645,0.4432424219394635,0.0,0.0,SHAP_content
0.4633605178351661,-0.0422716584110188,0.0458245101346441,0.0,0.0,0.0,0.0,1368,0.5514566863808291,0.0,0.0,SHAP_content
0.4958149922769089,-0.0652396796390421,0.0397761720408586,0.0,0.0,6.938893903907228e-18,0.0,897,0.6008308439568097,0.0,6.938893903907228e-18,SHAP_content
0.4735601473431058,-0.058639498573812,0.0523091618486102,0.0,0.0,1.3877787807814457e-17,0.0,928,0.584508807765528,0.0,1.3877787807814457e-17,SHAP_content
0.0665411371092979,0.3250221772470213,0.0532976479377629,0.0,0.0,0.0,0.0,14,0.4448609622940822,0.0,0.0,SHAP_content
-0.3628417493042724,-0.0365504170966816,-0.0427873097847078,0.0,0.0,-8.673617379884035e-19,0.0,2548,0.4421794761856619,0.0,8.673617379884035e-19,SHAP_content
0.3822954386029704,-0.0374156930668281,0.0847304147178395,0.0,0.0,-2.0816681711721685e-17,0.0,967,0.5044415463876382,0.0,2.0816681711721685e-17,SHAP_content
0.4870557257025462,-0.0734114044899734,0.0545464950930448,0.0,0.0,-6.938893903907228e-18,0.0,1106,0.6150136252855644,0.0,6.938893903907228e-18,SHAP_content
-0.307702245715086,-0.0886865038943425,-0.0460735789046157,0.0,0.0,0.0,0.0,4315,0.4424623285140444,0.0,0.0,SHAP_content
0.3616687853858383,-0.0580883327616205,0.0913254992557406,0.0,0.0,-6.938893903907228e-18,0.0,3968,0.5110826174031994,0.0,6.938893903907228e-18,SHAP_content
0.487145078839587,-0.0554412723098375,0.0382763412120255,0.0,0.0,-6.938893903907228e-18,0.0,1254,0.58086269236145,0.0,6.938893903907228e-18,SHAP_content
-0.3194128470825311,0.0043732475730981,-0.0695549219012901,0.0,0.0,-2.6020852139652106e-18,0.0,2648,0.3933410165569193,0.0,2.6020852139652106e-18,SHAP_content
-0.375081835273706,-0.0289806374196171,-0.0396060009550681,0.0,0.0,3.469446951953614e-18,0.0,2923,0.4436684736483913,0.0,3.469446951953614e-18,SHAP_content
-0.26544558319974,-0.1203947655419874,-0.0516408556971874,0.0,0.0,-1.734723475976807e-18,0.0,4654,0.4374812044389148,0.0,1.734723475976807e-18,SHAP_content
0.4760296677742119,-0.0659897677871962,0.0570450117394392,0.0,0.0,0.0,0.0,1639,0.5990644473008473,0.0,0.0,SHAP_content
0.3902438908982175,-0.0027752210246625,0.0731370977565254,0.0,0.0,1.3877787807814457e-17,0.0,1133,0.4661562096794056,0.0,1.3877787807814457e-17,SHAP_content
-0.295016905856627,-0.0466603964466687,-0.0633597347190759,0.0,0.0,5.204170427930421e-18,0.0,4398,0.4050370370223716,0.0,5.204170427930421e-18,SHAP_content
0.0895774819446231,0.2199250533147466,0.0932612161506179,0.0,0.0,-5.204170427930421e-18,0.0,3519,0.4027637514099876,0.0,5.204170427930421e-18,SHAP_content
0.3404188017544983,-0.1857627876818999,-0.1078956961285682,0.0,0.0,0.0,0.0,1878,0.6340772855649666,0.0,0.0,SHAP_content
0.2115031637786287,0.1689846547819611,0.0719406686434652,0.0,0.0,1.3877787807814457e-17,0.0,271,0.4524284872040551,0.0,1.3877787807814457e-17,SHAP_content
0.3879048798302323,-0.006229902947684,0.0781047895802349,0.0,0.0,-6.938893903907228e-18,0.0,1473,0.4722395723581513,0.0,6.938893903907228e-18,SHAP_content
0.3556765647275471,0.0524463696520315,0.0524169701180249,0.0,0.0,-1.3877787807814457e-17,0.0,1547,0.4605399044976037,0.0,1.3877787807814457e-17,SHAP_content
-0.3042212745154052,-0.0855680566939736,-0.0482053965809367,0.0,0.0,-3.469446951953614e-18,0.0,4383,0.4379947277903156,0.0,3.469446951953614e-18,SHAP_content
0.2200060210491768,0.1767814870572286,0.0575384929640741,0.0,0.0,-2.4286128663675302e-17,0.0,838,0.4543260010704797,0.0,2.4286128663675302e-17,SHAP_content
-0.3741601157762469,-0.0300427320025615,-0.0394880807771754,0.0,0.0,0.0,0.0,2195,0.4436909285559839,0.0,0.0,SHAP_content
0.4211762228246702,-0.0109397472604909,0.0532118375752396,0.0,0.0,-1.3877787807814457e-17,0.0,1835,0.4853278076604009,0.0,1.3877787807814457e-17,SHAP_content
0.2189437779381413,0.2859828693761962,0.0309155600206382,0.0,0.0,-2.7755575615628914e-17,0.0,412,0.5358422073349758,0.0,2.7755575615628914e-17,SHAP_content
0.4474689792173153,-0.0650987853497732,0.0732024979530596,0.0,0.0,0.0,0.0,1712,0.5857702625201482,0.0,0.0,SHAP_content
-0.3544304439916236,-0.0462333509761436,-0.0423962749429089,0.0,0.0,-8.673617379884035e-19,0.0,2795,0.4430600699106763,0.0,8.673617379884035e-19,SHAP_content
-0.3747181823014516,-0.029756675117785,-0.0392160711345207,0.0,0.0,0.0,0.0,2221,0.4436909285537574,0.0,0.0,SHAP_content
-0.026405056080522,0.3862714732297019,0.0750657822321519,0.0,0.0,8.673617379884035e-19,0.0,377,0.4877423115423758,0.0,8.673617379884035e-19,SHAP_content
0.3620150384069531,0.0521647887421176,0.0504094381602433,0.0,0.0,-2.980232727267662e-11,-2.980232033378272e-11,1491,0.464589265309314,0.0,5.960464760645934e-11,SHAP_content
-0.0797295748141387,0.4525443890236234,0.0562960379352137,0.0,0.0,5.204170427930421e-18,0.0,738,0.5885700017729759,0.0,5.204170427930421e-18,SHAP_content
-0.3280805966309703,-0.0205777339385864,-0.0603124192928953,0.0,0.0,0.0,0.0,3377,0.4089707498624521,0.0,0.0,SHAP_content
-0.3604965610305905,-0.0421391581067698,-0.0410552094186248,0.0,0.0,0.0,0.0,3615,0.4436909285559852,0.0,0.0,SHAP_content
0.0505375168971551,-0.1709938260023022,-0.1137571203234499,0.0,0.0,1.0408340855860844e-17,0.0,4331,0.3352884632229073,0.0,1.0408340855860844e-17,SHAP_content
-0.0134859866197244,0.3987900119065248,0.05247596481261,0.0,0.0,-6.938893903907228e-18,0.0,52,0.4647519633388593,0.0,6.938893903907228e-18,SHAP_content
-0.3512254498772813,-0.0516044181372948,-0.0408609249685902,0.0,0.0,-3.469446951953614e-18,0.0,4114,0.4436907929831664,0.0,3.469446951953614e-18,SHAP_content
-0.2773595598738737,0.1016836431265749,0.0681413266446065,0.0,0.0,8.673617379884035e-19,0.0,2269,0.4471845296450551,0.0,8.673617379884035e-19,SHAP_content
-0.3756221379513051,-0.0264631569693576,-0.0413217376144757,0.0,0.0,-6.938893903907228e-18,0.0,3094,0.4434070325351386,0.0,6.938893903907228e-18,SHAP_content
0.2147302887066314,0.1817090694899771,0.0575350350743409,0.0,0.0,0.0,0.0,1389,0.4539743932709495,0.0,0.0,SHAP_content
-0.2763120139461836,-0.1135242969853452,-0.0498190083158261,0.0,0.0,-3.469446951953614e-18,0.0,3188,0.439655319247355,0.0,3.469446951953614e-18,SHAP_content
-0.3914630445892866,-0.0135019842057389,-0.0387134606783208,0.0,0.0,0.0,0.0,3478,0.4436784894733463,0.0,0.0,SHAP_content
-0.2939650090520085,-0.0911554851461025,-0.0501874908990188,0.0,0.0,1.734723475976807e-18,0.0,3433,0.43530798509713,0.0,1.734723475976807e-18,SHAP_content
-0.3671383626858625,-0.0368040014291527,-0.0397485644155248,0.0,0.0,3.469446951953614e-18,0.0,4191,0.44369092853054,0.0,3.469446951953614e-18,SHAP_content
-0.3545251711532344,-0.0459339363724135,-0.0424765206342151,0.0,0.0,0.0,0.0,2309,0.4429356281598631,0.0,0.0,SHAP_content
0.1445657241563862,-0.1733204368149748,-0.1182337415416987,0.0,0.0,-6.938893903907228e-18,0.0,3222,0.4361199025130597,0.0,6.938893903907228e-18,SHAP_content
-0.3873554759551404,-0.0175641039501293,-0.0387713005005771,0.0,0.0,0.0,0.0,2590,0.4436908804058468,0.0,0.0,SHAP_content
0.4668218559477119,-0.0643495775142946,0.0634486737898637,0.0,0.0,6.938893903907228e-18,0.0,1632,0.5946201072518703,0.0,6.938893903907228e-18,SHAP_content
-0.3465532781148994,-0.0524372636405504,-0.0431083862033787,0.0,0.0,3.469446951953614e-18,0.0,4275,0.4420989279588286,0.0,3.469446951953614e-18,SHAP_content
-0.3371312446111824,-0.062833662874254,-0.0436825782703151,0.0,0.0,-3.0357660829594124e-18,0.0,3174,0.4436474857557515,0.0,3.0357660829594124e-18,SHAP_content
-0.3534454614385789,-0.0494404644280519,-0.0408022383527404,0.0,0.0,-4.336808689942019e-19,0.0,2976,0.4436881642193714,0.0,4.336808689942019e-19,SHAP_content
-0.3406955069332851,-0.0610667395851355,-0.0419285397698699,0.0,0.0,-4.336808689942019e-19,0.0,4280,0.4436907862882905,0.0,4.336808689942019e-19,SHAP_content
-0.0698838038133656,0.3798225139988524,0.0855718712110731,0.0,0.0,8.673617379884035e-19,0.0,467,0.5352781890232912,0.0,8.673617379884035e-19,SHAP_content
-0.372596266296836,-0.0314819019227854,-0.039612760336363,0.0,0.0,2.1684043449710093e-19,0.0,4488,0.4436909285559845,0.0,2.1684043449710093e-19,SHAP_content
0.3808242172963764,-0.0382128482835368,0.0851667828793258,0.0,0.0,6.938893903907228e-18,0.0,903,0.504203848459239,0.0,6.938893903907228e-18,SHAP_content
0.3993582311690612,-0.1884801471561707,-0.1006264514192784,0.0,0.0,0.0,0.0,4469,0.6884648297445104,0.0,0.0,SHAP_content
-0.1650072244033691,0.4752393938791873,0.0801605783063924,0.0,0.0,-2.8189256484623115e-17,0.0,71,0.7204071965889489,0.0,2.8189256484623115e-17,SHAP_content
-0.418452874231653,0.0133057250111184,-0.0385437793354504,0.0,0.0,0.0,0.0,3217,0.4703023785782219,0.0,0.0,SHAP_content
0.1554035799619146,0.2423090289857558,0.0590394799791019,0.0,0.0,0.0,0.0,1898,0.4567520889267724,0.0,0.0,SHAP_content
-0.3867416354511426,-0.0180711036526314,-0.0388692830598158,0.0,0.0,2.1684043449710093e-19,0.0,3995,0.4436820221635899,0.0,2.1684043449710093e-19,SHAP_content
0.2521352069164274,0.0189079395831746,0.1003717804093482,0.0,0.0,0.0,0.0,1207,0.3714149269089503,0.0,0.0,SHAP_content
-0.1870034301241342,-0.1733097526751168,-0.0631720468493586,0.0,0.0,3.469446951953614e-18,0.0,2077,0.4234852296486098,0.0,3.469446951953614e-18,SHAP_content
-0.0915268472120225,0.4430109251747333,0.0748134349485892,0.0,0.0,-2.0816681711721685e-17,0.0,1590,0.6093512073353452,0.0,2.0816681711721685e-17,SHAP_content
0.1986571769376086,0.1038409443958179,0.0976170380813219,0.0,0.0,3.469446951953614e-18,0.0,2844,0.4001151594147485,0.0,3.469446951953614e-18,SHAP_content
-0.3632398729165199,-0.0407182451511096,-0.0397327757911647,0.0,0.0,-4.336808689942019e-19,0.0,2205,0.4436908938587942,0.0,4.336808689942019e-19,SHAP_content
-0.5236313429637451,0.115295633510508,-0.0353548097203959,0.0,0.0,0.0,0.0,2980,0.6742817861946491,0.0,0.0,SHAP_content
0.4233681965108592,-0.0848123047453189,0.082143314489876,0.0,0.0,6.938893903907228e-18,0.0,658,0.5903238157460541,0.0,6.938893903907228e-18,SHAP_content
0.3077027021310101,0.0604486360725363,0.0850345452216695,0.0,0.0,1.3877787807814457e-17,0.0,63,0.453185883425216,0.0,1.3877787807814457e-17,SHAP_content
0.4808303706989635,-0.0630071712248729,0.0501775376193384,0.0,0.0,-2.0816681711721685e-17,0.0,1838,0.5940150795431749,0.0,2.0816681711721685e-17,SHAP_content
-0.2839564132614503,0.1316358375372174,0.0701117309657025,0.0,0.0,-6.938893903907228e-18,0.0,4000,0.4857039817643703,0.0,6.938893903907228e-18,SHAP_content
-0.3048472551950977,-0.0914010142741502,-0.0462966957625031,0.0,0.0,0.0,0.0,3036,0.4425449652317512,0.0,0.0,SHAP_content
0.3650771324110254,-0.0849489160666658,0.0931060828609238,0.0,0.0,-5.960466148424715e-11,-5.960464760645934e-11,454,0.5431321313386153,0.0,1.1920930909070648e-10,SHAP_content
-0.320473524820755,0.2222709819834566,0.0761862234655782,0.0,0.0,8.673617379884035e-19,0.0,402,0.61893073026979,0.0,8.673617379884035e-19,SHAP_content
0.3512512908222009,-0.0425029566049,0.0915754414541615,0.0,0.0,0.0,0.0,1472,0.4853296888812626,0.0,0.0,SHAP_content
0.43316976090196,-0.0337077231486355,0.0640212037079327,0.0,0.0,6.938893903907228e-18,0.0,677,0.5308986877585283,0.0,6.938893903907228e-18,SHAP_content
0.2910925819317408,-0.2166286187350394,-0.1142406487698221,0.0,0.0,6.938893903907228e-18,0.0,3356,0.6219618494366023,0.0,6.938893903907228e-18,SHAP_content
0.0469619895506271,0.2693059017707407,0.0905228690989346,0.0,0.0,0.0,0.0,1616,0.4067907604203026,0.0,0.0,SHAP_content
0.459306510046809,-0.0618850199891382,0.0676557584188147,0.0,0.0,-6.938893903907228e-18,0.0,1251,0.5888472884547621,0.0,6.938893903907228e-18,SHAP_content
0.216185217410178,0.119463658371853,0.0925655225052457,0.0,0.0,1.0408340855860844e-17,0.0,1983,0.4282143982872767,0.0,1.0408340855860844e-17,SHAP_content
-0.3780011894384986,-0.0229329642090472,-0.0418959061881014,0.0,0.0,0.0,0.0,3425,0.4428300598356473,0.0,0.0,SHAP_content
-0.3684847857674765,-0.0333346596190197,-0.0416117583746018,0.0,0.0,-3.469446951953614e-18,0.0,3843,0.4434312037610981,0.0,3.469446951953614e-18,SHAP_content
0.4486398178605612,-0.0622364776170169,0.0723525972359318,0.0,0.0,-1.3877787807814457e-17,0.0,1033,0.5832288927135101,0.0,1.3877787807814457e-17,SHAP_content
-0.0269611881628693,0.2957368385612232,0.0932587571204899,0.0,0.0,-6.938893903907228e-18,0.0,174,0.4159567838445826,0.0,6.938893903907228e-18,SHAP_content
-0.1323626098004085,0.5201077732354523,0.0438736733478688,0.0,0.0,-1.214306433183765e-17,0.0,939,0.6963440563837298,0.0,1.214306433183765e-17,SHAP_content
-0.381939108313754,-0.022425025996922,-0.0393267913368307,0.0,0.0,-3.686287386450715e-18,0.0,3102,0.4436909256475068,0.0,3.686287386450715e-18,SHAP_content
-0.3401415555917437,-0.0609612093252873,-0.0425816546755022,0.0,0.0,0.0,0.0,2587,0.4436844195925333,0.0,0.0,SHAP_content
0.1847353996200422,0.2107429079954456,0.0574755945322624,0.0,0.0,-1.3877787807814457e-17,0.0,334,0.4529539021477503,0.0,1.3877787807814457e-17,SHAP_content
0.276332344485903,0.0329514550765822,0.0954874362835376,0.0,0.0,0.0,0.0,873,0.4047712358460229,0.0,0.0,SHAP_content
-0.2011246074918261,0.3423221322803998,0.092439656396652,0.0,0.0,0.0,0.0,2853,0.635886396168878,0.0,0.0,SHAP_content
0.3810537924896394,-0.0517611412258513,0.086942226702596,0.0,0.0,-1.3877787807814457e-17,0.0,1486,0.519757160418087,0.0,1.3877787807814457e-17,SHAP_content
-0.3198482523122554,-0.0785635440349257,-0.0448070564081596,0.0,0.0,0.0,0.0,4293,0.4432188527553408,0.0,0.0,SHAP_content
0.0751632661013987,0.2541208337073129,0.0895217053007695,0.0,0.0,6.938893903907228e-18,0.0,296,0.4188058051094813,0.0,6.938893903907228e-18,SHAP_content
0.2927653024682569,-0.0086662200121941,0.0975270737772283,0.0,0.0,-1.3877787807814457e-17,0.0,4561,0.3989585962576794,0.0,1.3877787807814457e-17,SHAP_content
0.3363575772724833,-0.1776945711882968,-0.1077800136749769,0.0,0.0,6.938893903907228e-18,0.0,4501,0.621832162135757,0.0,6.938893903907228e-18,SHAP_content
-0.2917831638560407,-0.1024979064324082,-0.0477356290535681,0.0,0.0,1.490116155467014e-10,1.4901161207725444e-10,3845,0.4420166993420171,0.0,2.9802322762395583e-10,SHAP_content
0.186818458531383,0.000952763869019,0.1065167842853119,0.0,0.0,6.938893903907228e-18,0.0,4218,0.2942880066857141,0.0,6.938893903907228e-18,SHAP_content
-0.4261347346982416,0.0208219710476958,-0.0381285245586764,0.0,0.0,-1.2728967185848816e-14,-1.2732870313669764e-14,3760,0.4850852303046139,0.0,2.5461837499518583e-14,SHAP_content
0.4738002191395863,-0.0678587293941047,0.0607129572364054,0.0,0.0,-1.3877787807814457e-17,0.0,378,0.6023719057700966,0.0,1.3877787807814457e-17,SHAP_content
-0.3501074340280097,-0.0520227268034749,-0.04155112225943,0.0,0.0,-4.336808689942019e-19,0.0,3110,0.4436812830909147,0.0,4.336808689942019e-19,SHAP_content
-0.3586195436046982,-0.0449408482939977,-0.0401303178205715,0.0,0.0,-2.1684043449710093e-19,0.0,2770,0.4436907097192675,0.0,2.1684043449710093e-19,SHAP_content
0.2129791532892019,-0.2419188163863759,-0.1185588578507789,0.0,0.0,-1.3877787807814457e-17,0.0,3918,0.5734568275263568,0.0,1.3877787807814457e-17,SHAP_content
0.3766128020896736,0.0050571303727363,0.0780053470580819,0.0,0.0,-6.938893903907228e-18,0.0,4138,0.459675279520492,0.0,6.938893903907228e-18,SHAP_content
0.5080794818053888,-0.1747361424359455,-0.0817948432199228,0.0,0.0,0.0,0.0,2210,0.7646104674612572,0.0,0.0,SHAP_content
0.2606717157826452,-0.152985781445618,-0.1131403580998449,0.0,0.0,0.0,0.0,2172,0.5267978553281082,0.0,0.0,SHAP_content
-0.3300149554888923,-0.0643878438420686,-0.045347938570776,0.0,0.0,8.673617379884035e-19,0.0,2599,0.439750737901737,0.0,8.673617379884035e-19,SHAP_content
-0.3811366118862918,-0.023656858089081,-0.0388974116732665,0.0,0.0,-2.1684043449710093e-19,0.0,2052,0.4436908816486393,0.0,2.1684043449710093e-19,SHAP_content
0.487191697569334,-0.0559992002686803,0.0385012501229754,0.0,0.0,6.938893903907228e-18,0.0,915,0.5816921479609898,0.0,6.938893903907228e-18,SHAP_content
0.1881144067452176,-0.2962869970732694,-0.1168904830462392,0.0,0.0,0.0,0.0,4661,0.6012918868647263,0.0,0.0,SHAP_content
-0.3790673163595733,0.0039192694471637,-0.0508611879555404,0.0,0.0,-1.4901156697444407e-11,-1.4901161034253096e-11,4498,0.4338477737622775,0.0,2.9802317731697497e-11,SHAP_content
-0.5147950107470668,0.1069126422769317,-0.035803576653332,0.0,0.0,0.0,0.0,2335,0.6575112296773307,0.0,0.0,SHAP_content
-0.424690864754225,0.0191999776644253,-0.0382000414661722,0.0,0.0,6.938893903907228e-18,0.0,3820,0.4820908838848226,0.0,6.938893903907228e-18,SHAP_content
0.4800046983362839,-0.0533590023556382,0.0420219574831751,0.0,0.0,0.0,0.0,956,0.5753856581750973,0.0,0.0,SHAP_content
0.3619597046635855,-0.0235175695243598,0.087128856756907,0.0,0.0,-6.938893903907228e-18,0.0,1887,0.4726061309448524,0.0,6.938893903907228e-18,SHAP_content
0.451598500233262,-0.0576363569309308,0.0703934121352138,0.0,0.0,0.0,0.0,4695,0.5796282692994067,0.0,0.0,SHAP_content
-0.525713705770527,0.1176022141082359,-0.0355772723945294,0.0,0.0,-2.1684043449710093e-19,0.0,3717,0.6788931922732924,0.0,2.1684043449710093e-19,SHAP_content
0.1113599914334557,0.3213861403585091,0.0544443206869012,0.0,0.0,-6.938893903907228e-18,0.0,4027,0.487190452478866,0.0,6.938893903907228e-18,SHAP_content
0.5267978060962226,-0.1259284896742893,0.0582964625950186,0.0,0.0,0.0,0.0,1182,0.7110227583655306,0.0,0.0,SHAP_content
-0.1912618512781396,-0.1790063892123704,-0.0601600008145033,0.0,0.0,1.734723475976807e-18,0.0,4689,0.4304282413050133,0.0,1.734723475976807e-18,SHAP_content
0.2594350828201108,0.1318786950832792,0.0638618873783629,0.0,0.0,-2.0816681711721685e-17,0.0,1423,0.4551756652817529,0.0,2.0816681711721685e-17,SHAP_content
-0.4222763972677216,0.016557862961804,-0.0379323476703973,0.0,0.0,-3.469446951953614e-18,0.0,4679,0.4767666078999231,0.0,3.469446951953614e-18,SHAP_content
-0.4536999575082041,0.0474879966827006,-0.0374789677304761,0.0,0.0,6.938893903907228e-18,0.0,2400,0.5386669219213808,0.0,6.938893903907228e-18,SHAP_content
-0.3638917286059396,-0.0388619057649086,-0.040884095424412,0.0,0.0,4.336808689942019e-19,0.0,2892,0.4436377297952603,0.0,4.336808689942019e-19,SHAP_content
-0.3612245510254995,-0.0421423872075677,-0.0403239887799918,0.0,0.0,0.0,0.0,3596,0.443690927013059,0.0,0.0,SHAP_content
0.4596184178257825,-0.0570219243890955,0.0627897455183142,0.0,0.0,-2.0816681711721685e-17,0.0,1722,0.5794300877331923,0.0,2.0816681711721685e-17,SHAP_content
0.4739934534168246,-0.0595418676596358,0.0527785824885839,0.0,0.0,0.0,0.0,1667,0.5863139035650444,0.0,0.0,SHAP_content
-0.3566937019626667,-0.0466522907386831,-0.0403442633176365,0.0,0.0,-4.336808689942019e-19,0.0,2884,0.4436902560189865,0.0,4.336808689942019e-19,SHAP_content
-0.3680906594143598,-0.0362650674724114,-0.0393339648330444,0.0,0.0,-4.336808689942019e-19,0.0,2994,0.4436896917198156,0.0,4.336808689942019e-19,SHAP_content
0.3359461928778412,0.0266381154172446,0.0848013876019967,0.0,0.0,-2.9802313394888807e-11,-2.980232033378272e-11,886,0.4473856958970825,0.0,5.960463372867153e-11,SHAP_content
-0.453237075539881,0.0521635719737629,-0.039663095160204,0.0,0.0,3.469446951953614e-18,0.0,4056,0.545063742673848,0.0,3.469446951953614e-18,SHAP_content
-0.4177755310858191,0.0127705215145836,-0.0385315406121849,0.0,0.0,1.3095991305278612e-13,1.30967285627559e-13,4494,0.4690775932125877,0.0,2.619271986803451e-13,SHAP_content
0.277746370391051,0.0778716946527504,0.0882795073767757,0.0,0.0,-2.0816681711721685e-17,0.0,333,0.4438975724205772,0.0,2.0816681711721685e-17,SHAP_content
0.1655059621893126,0.2291972997069173,0.0568996413730412,0.0,0.0,-6.938893903907228e-18,0.0,153,0.4516029032692713,0.0,6.938893903907228e-18,SHAP_content
0.4735338804517575,-0.0660343415486298,0.0592315000472958,0.0,0.0,-1.3877787807814457e-17,0.0,721,0.5987997220476833,0.0,1.3877787807814457e-17,SHAP_content
0.2557021101093683,0.0944846222882162,0.0897219779853341,0.0,0.0,3.469446951953614e-18,0.0,373,0.4399087103829187,0.0,3.469446951953614e-18,SHAP_content
-0.0850445862794282,0.4600391176139036,0.0534430267428401,0.0,0.0,-6.938893903907228e-18,0.0,312,0.598526730636172,0.0,6.938893903907228e-18,SHAP_content
0.2052153678210047,0.1723637688687378,0.0743976665162046,0.0,0.0,-1.3877787807814457e-17,0.0,1849,0.4519768032059471,0.0,1.3877787807814457e-17,SHAP_content
0.4714740896630929,-0.0655556977628166,0.0605580756123114,0.0,0.0,0.0,0.0,1622,0.597587863038221,0.0,0.0,SHAP_content
-0.1095741157378887,0.5037074006740638,0.0451058268673368,0.0,0.0,-6.938893903907228e-18,0.0,42,0.6583873432792893,0.0,6.938893903907228e-18,SHAP_content
-0.3423574847745667,-0.0588403794416637,-0.0424833111495845,0.0,0.0,4.336808689942019e-19,0.0,2693,0.443681175365815,0.0,4.336808689942019e-19,SHAP_content
-0.1720796506819196,0.3487945913500053,0.0925889446949966,0.0,0.0,-6.938893903907228e-18,0.0,417,0.6134631867269216,0.0,6.938893903907228e-18,SHAP_content
-0.2937258381400209,-0.0912823290407732,-0.0502355641092678,0.0,0.0,1.734723475976807e-18,0.0,4602,0.435243731290062,0.0,1.734723475976807e-18,SHAP_content
0.2382357688323184,-0.205918943335775,-0.1171374265798416,0.0,0.0,6.938893903907228e-18,0.0,4522,0.5612921387479352,0.0,6.938893903907228e-18,SHAP_content
-0.0442327404942216,0.4334021179372246,0.0505062787788438,0.0,0.0,2.862293735361732e-17,0.0,704,0.5281411372102901,0.0,2.862293735361732e-17,SHAP_content
0.466142820618292,-0.0583020377549109,0.0583517877261416,0.0,0.0,-6.938893903907228e-18,0.0,732,0.5827966460993447,0.0,6.938893903907228e-18,SHAP_content
0.4889773755958737,-0.0613249139052353,0.0418326694762768,0.0,0.0,6.938893903907228e-18,0.0,944,0.5921349589773859,0.0,6.938893903907228e-18,SHAP_content
-0.359322664502178,-0.0443015048463958,-0.0400665879469157,0.0,0.0,3.686287386450715e-18,0.0,3614,0.4436907572954897,0.0,3.686287386450715e-18,SHAP_content
0.4973426097968336,-0.0641096284325207,0.0375483720125326,0.0,0.0,-1.3877787807814457e-17,0.0,1806,0.5990006102418871,0.0,1.3877787807814457e-17,SHAP_content
0.3508156752112563,0.0596473361324502,0.0520009310872467,0.0,0.0,-6.938893903907228e-18,0.0,1018,0.4624639424309533,0.0,6.938893903907228e-18,SHAP_content
0.470075757072748,-0.0562997532443439,0.0531046427804056,0.0,0.0,-1.3877787807814457e-17,0.0,907,0.5794801530974977,0.0,1.3877787807814457e-17,SHAP_content
0.4334081473370417,-0.0666562141385172,0.0771034987381967,0.0,0.0,0.0,0.0,1693,0.5771678602137557,0.0,0.0,SHAP_content
-0.1140540502196834,-0.1627301494087316,-0.0872694696826511,0.0,0.0,-3.469446951953614e-18,0.0,2791,0.3640536693110662,0.0,3.469446951953614e-18,SHAP_content
-0.1691591262647965,-0.1466213262666835,-0.075617786343452,0.0,0.0,-3.469446951953614e-18,0.0,4368,0.391398238874932,0.0,3.469446951953614e-18,SHAP_content
-0.1536516177403976,0.3490389534886264,0.0924218844280014,0.0,0.0,2.0489082652730417e-11,2.0489096530518225e-11,519,0.5951124556570254,0.0,4.0978179183248635e-11,SHAP_content
0.1207002573275919,0.2736513617879629,0.0562749600722953,0.0,0.0,-3.469446951953614e-18,0.0,814,0.4506265791878502,0.0,3.469446951953614e-18,SHAP_content
0.0640994001073275,0.202598102936599,0.0978380345789825,0.0,0.0,-1.734723475976807e-18,0.0,818,0.364535537622909,0.0,1.734723475976807e-18,SHAP_content
0.0992955420183182,0.2761809607401302,0.070510033647572,0.0,0.0,-1.7347234759768068e-17,0.0,3449,0.4459865364060205,0.0,1.7347234759768068e-17,SHAP_content
0.051827399139469,0.3414519911088547,0.0547334656614808,0.0,0.0,-1.734723475976807e-18,0.0,1522,0.4480128559098046,0.0,1.734723475976807e-18,SHAP_content
0.487841411721521,-0.0555551040598589,0.0380967674787944,0.0,0.0,-6.938893903907228e-18,0.0,1638,0.5814932832601745,0.0,6.938893903907228e-18,SHAP_content
0.4556758641951282,-0.1934210936898217,-0.0942061231984068,0.0,0.0,-1.3877787807814457e-17,0.0,3557,0.7433030810833567,0.0,1.3877787807814457e-17,SHAP_content
0.0052912742694417,-0.1864841777130149,-0.1075923780729985,0.0,0.0,3.469446951953614e-18,0.0,4428,0.2993678300554552,0.0,3.469446951953614e-18,SHAP_content
-0.1987421262691435,0.1058797715166126,0.0814339660601321,0.0,0.0,-6.938893903907228e-18,0.0,1700,0.3860558638458883,0.0,6.938893903907228e-18,SHAP_content
-0.3784270941885673,-0.0262804504269986,-0.0389833839271137,0.0,0.0,2.1684043449710093e-19,0.0,3526,0.4436909285426796,0.0,2.1684043449710093e-19,SHAP_content
-0.3477654496596437,-0.0545665126104957,-0.0413589640795724,0.0,0.0,4.336808689942019e-19,0.0,3734,0.4436909263497119,0.0,4.336808689942019e-19,SHAP_content
-0.3834701469126802,-0.0199927423018237,-0.0401246607458131,0.0,0.0,0.0,0.0,3046,0.4435875499603171,0.0,0.0,SHAP_content
0.4447649056175886,-0.0631162001914969,0.0735630206657502,0.0,0.0,-1.3877787807814457e-17,0.0,1883,0.5814441264748358,0.0,1.3877787807814457e-17,SHAP_content
-0.3445194882660828,0.0187296114388899,-0.0660478531707001,0.0,0.0,6.938893903907228e-18,0.0,2592,0.4292969528756728,0.0,6.938893903907228e-18,SHAP_content
0.4694342487987677,-0.0489644001194103,0.0468556869980559,0.0,0.0,0.0,0.0,379,0.5652543359162341,0.0,0.0,SHAP_content
-0.2774175778379325,-0.0435332595416206,-0.0694955823735412,0.0,0.0,-1.734723475976807e-18,0.0,3775,0.3904464197530943,0.0,1.734723475976807e-18,SHAP_content
-0.3731037439851342,-0.0315438482692637,-0.0390421104941777,0.0,0.0,2.1684043449710093e-19,0.0,4003,0.4436897027485757,0.0,2.1684043449710093e-19,SHAP_content
-0.344511429992616,-0.0501058420072548,-0.0447600255728806,0.0,0.0,0.0,0.0,2251,0.4393772975727515,0.0,0.0,SHAP_content
-0.3949751876766721,-0.0096959909924176,-0.0390197498868952,0.0,0.0,0.0,0.0,2148,0.443690928555985,0.0,0.0,SHAP_content
0.4734985084952529,-0.069580486882665,0.0625912284546265,0.0,0.0,-6.938893903907228e-18,0.0,3726,0.6056702238325444,0.0,6.938893903907228e-18,SHAP_content
-0.3392666813555159,-0.0623525347119356,-0.0420714259132899,0.0,0.0,2.1684043449710093e-19,0.0,2144,0.4436906419807415,0.0,2.1684043449710093e-19,SHAP_content
-0.2654461235804585,-0.0559982115756217,-0.069769319309853,0.0,0.0,-3.469446951953614e-18,0.0,2566,0.3912136544659333,0.0,3.469446951953614e-18,SHAP_content
0.0747849082141276,0.3125770027707358,0.0577004554039145,0.0,0.0,-1.3877787807814457e-17,0.0,1803,0.4450623663887779,0.0,1.3877787807814457e-17,SHAP_content
-0.3929859445143351,-0.0118645876696438,-0.0388403963719888,0.0,0.0,0.0,0.0,3621,0.4436909285559678,0.0,0.0,SHAP_content
0.2389150983263726,0.1585722640490656,0.0573347877581519,0.0,0.0,-6.938893903907228e-18,0.0,3967,0.4548221501335902,0.0,6.938893903907228e-18,SHAP_content
0.4214439315338195,-0.065242846586709,0.0797707982530384,0.0,0.0,0.0,0.0,1594,0.566457576373567,0.0,0.0,SHAP_content
0.3590652845977293,-0.1608568187216144,-0.103862749973329,0.0,0.0,-1.3877787807814457e-17,0.0,4328,0.6237848532926727,0.0,1.3877787807814457e-17,SHAP_content
0.2762509864309514,0.0882222449170987,0.086636324276415,0.0,0.0,-1.7347234759768068e-17,0.0,1706,0.4511095556244651,0.0,1.7347234759768068e-17,SHAP_content
0.4583064073360713,-0.1908987262538451,-0.0936772806167573,0.0,0.0,-1.3877787807814457e-17,0.0,4617,0.7428824142066738,0.0,1.3877787807814457e-17,SHAP_content
-0.3525655767606829,-0.0491569192301024,-0.0419684325651996,0.0,0.0,-2.1684043449710093e-19,0.0,3790,0.443690928555985,0.0,2.1684043449710093e-19,SHAP_content
0.3098142735820779,0.0646289491930318,0.0819631592119653,0.0,0.0,-3.122502256758253e-17,0.0,1820,0.4564063819870751,0.0,3.122502256758253e-17,SHAP_content
-0.2675057522959607,0.2432001710141051,0.0831643009958815,0.0,0.0,7.450577481360465e-12,7.450580950807417e-12,2562,0.5938702243059475,0.0,1.4901158432167882e-11,SHAP_content
0.1016652001314081,-0.2047871877790505,-0.1165455242699682,0.0,0.0,-6.938893903907228e-18,0.0,2559,0.4229979121804269,0.0,6.938893903907228e-18,SHAP_content
-0.3668644699683905,-0.0365523409481014,-0.0402464671670178,0.0,0.0,0.0,0.0,4208,0.4436632780835098,0.0,0.0,SHAP_content
-0.0375868063554563,0.4299177004482201,0.0515728772108699,0.0,0.0,-8.673617379884035e-18,0.0,1582,0.5190773840145464,0.0,8.673617379884035e-18,SHAP_content
-0.4140173490156899,0.0086991099241677,-0.038332255058062,0.0,0.0,2.1684043449710093e-19,0.0,2547,0.4610487139979197,0.0,2.1684043449710093e-19,SHAP_content
0.0927751717842194,0.2270623174505847,0.0917549617639591,0.0,0.0,-1.908195823574488e-17,0.0,319,0.4115924509987634,0.0,1.908195823574488e-17,SHAP_content
-0.3537999438005011,-0.0434041671707833,-0.0436486152981888,0.0,0.0,2.6020852139652106e-18,0.0,4321,0.4408527262694733,0.0,2.6020852139652106e-18,SHAP_content
-0.3746990412985242,-0.0295796968417462,-0.0393985103345692,0.0,0.0,-1.3096034673365509e-13,-1.30967285627559e-13,3364,0.4436772484748397,0.0,2.6192763236121413e-13,SHAP_content
0.3133330488651083,0.0900155408643527,0.0550612235778045,0.0,0.0,1.0408340855860844e-17,0.0,1763,0.4584098133072655,0.0,1.0408340855860844e-17,SHAP_content
0.046108495873868,-0.1930764758145497,-0.112321034137955,0.0,0.0,3.469446951953614e-18,0.0,2843,0.3515060058263728,0.0,3.469446951953614e-18,SHAP_content
-0.4069392512865821,0.0015693812177322,-0.0383210584858921,0.0,0.0,0.0,0.0,4445,0.4468296909902065,0.0,0.0,SHAP_content
-0.3860135026355383,-0.018311597474367,-0.0393305493248587,0.0,0.0,0.0,0.0,2141,0.4436556494347642,0.0,0.0,SHAP_content
0.0082361112562162,0.3825378550611699,0.0525971778805348,0.0,0.0,-3.122502256758253e-17,0.0,213,0.443371144197921,0.0,3.122502256758253e-17,SHAP_content
-0.2388904747048915,-0.1462046278233046,-0.0534604425708434,0.0,0.0,0.0,0.0,3497,0.4385555450990396,0.0,0.0,SHAP_content
0.3863391589233749,-0.0385235823244336,0.083994889116924,0.0,0.0,-2.0816681711721685e-17,0.0,803,0.5088576303647325,0.0,2.0816681711721685e-17,SHAP_content
-0.3560775119257841,-0.0466302829447943,-0.0409702550294267,0.0,0.0,-3.469446951953614e-18,0.0,4132,0.4436780499000053,0.0,3.469446951953614e-18,SHAP_content
0.0792938131742102,0.0947731863997235,0.1054715993435309,0.0,0.0,-6.938893903907228e-18,0.0,105,0.2795385989174647,0.0,6.938893903907228e-18,SHAP_content
-0.3187890251371357,-0.0791454263031782,-0.0448257897030514,0.0,0.0,-8.673617379884035e-19,0.0,3805,0.4427602411433653,0.0,8.673617379884035e-19,SHAP_content
-0.2626195554683579,-0.0941889781448229,-0.0602286078216275,0.0,0.0,3.469446951953614e-18,0.0,2806,0.4170371414348084,0.0,3.469446951953614e-18,SHAP_content
-0.0201604008375586,0.4079594707626157,0.0498227294471194,0.0,0.0,-2.0816681711721685e-17,0.0,1465,0.4779426010472938,0.0,2.0816681711721685e-17,SHAP_content
-0.3448247451488129,-0.0568755569187055,-0.0419906264868673,0.0,0.0,3.469446951953614e-18,0.0,2953,0.4436909285543857,0.0,3.469446951953614e-18,SHAP_content
0.234541242579076,0.2684734831844308,0.0295965521967736,0.0,0.0,0.0,0.0,565,0.5326112779602805,0.0,0.0,SHAP_content
-0.3960277822864257,-0.0092047323623134,-0.0384582023573428,0.0,0.0,3.686287386450715e-18,0.0,4686,0.443690717006082,0.0,3.686287386450715e-18,SHAP_content
-0.3852765957520505,-0.0193591605832835,-0.0390551722206498,0.0,0.0,3.2526065174565133e-18,0.0,4345,0.4436909285559839,0.0,3.2526065174565133e-18,SHAP_content
-0.1379858820578159,-0.1568965057575948,-0.0821282732873806,0.0,0.0,0.0,0.0,2524,0.3770106611027914,0.0,0.0,SHAP_content
0.5263181237960184,-0.1288624087993374,0.0565133138562388,0.0,0.0,-1.3877787807814457e-17,0.0,1474,0.7116938464515946,0.0,1.3877787807814457e-17,SHAP_content
-0.3717754318425337,-0.0301261625910226,-0.0415081420802623,0.0,0.0,0.0,0.0,3236,0.4434097365138186,0.0,0.0,SHAP_content
-0.363559028001865,-0.039834374294661,-0.0402975260064194,0.0,0.0,7.37257477290143e-18,1.1058862159352145e-17,2829,0.4436909283029454,0.0,1.843143693225358e-17,SHAP_content
-0.4399592411625771,0.0335624501051019,-0.0372941374218566,0.0,0.0,-3.903127820947816e-18,0.0,2502,0.5108158286895357,0.0,3.903127820947816e-18,SHAP_content
0.486962760792222,-0.0545292584057466,0.0380969154358659,0.0,0.0,-2.7755575615628914e-17,0.0,317,0.5795889346338345,0.0,2.7755575615628914e-17,SHAP_content
0.0891681891529398,0.2857751778782275,0.0703485368446407,0.0,0.0,-3.469446951953614e-18,0.0,1200,0.4452919038758081,0.0,3.469446951953614e-18,SHAP_content
-0.3731400940734189,-0.0311630030411372,-0.0393878313159677,0.0,0.0,2.1684043449710093e-19,0.0,2278,0.4436909284305238,0.0,2.1684043449710093e-19,SHAP_content
0.4827665262985409,-0.0506735280368982,0.0383476549656669,0.0,0.0,-1.3877787807814457e-17,0.0,652,0.5717877093011061,0.0,1.3877787807814457e-17,SHAP_content
0.0502700299890138,0.2713621926972446,0.0898082366471417,0.0,0.0,-8.940698702220029e-11,-8.940696447079509e-11,70,0.4114404593334002,0.0,1.788139514929954e-10,SHAP_content
-0.3523946193140136,-0.0489962611567861,-0.0422051625547692,0.0,0.0,-4.336808689942019e-19,0.0,2658,0.443596043025569,0.0,4.336808689942019e-19,SHAP_content
0.2435105784480044,0.1571032444480287,0.0575799235739217,0.0,0.0,-2.4286128663675302e-17,0.0,1174,0.458193746469955,0.0,2.4286128663675302e-17,SHAP_content
0.252567558621961,-0.006587801437718,0.1022595129292055,0.0,0.0,-1.7347234759768068e-17,0.0,1088,0.3614148729888846,0.0,1.7347234759768068e-17,SHAP_content
-0.182683916491204,-0.0754464857573027,-0.086103336866751,0.0,0.0,-1.734723475976807e-18,0.0,4667,0.3442337391152578,0.0,1.734723475976807e-18,SHAP_content
0.0546520388154475,0.3389959414891008,0.0553019202257703,0.0,0.0,-8.673617379884035e-18,0.0,410,0.4489499005303186,0.0,8.673617379884035e-18,SHAP_content
-0.3339236604348571,-0.0626144400068729,-0.0443702662979801,0.0,0.0,0.0,0.0,4064,0.4409083667397101,0.0,0.0,SHAP_content
-0.3603633054577787,-0.0432821577437103,-0.0400454516342204,0.0,0.0,0.0,0.0,4601,0.4436909148357095,0.0,0.0,SHAP_content
-0.2257311030437851,-0.0673522352198523,-0.0776677101000678,0.0,0.0,1.734723475976807e-18,0.0,2386,0.3707510483637053,0.0,1.734723475976807e-18,SHAP_content
-0.3581978265419591,0.015408857487302,-0.0610202830658576,0.0,0.0,-5.204170427930421e-18,0.0,2091,0.4346269670951188,0.0,5.204170427930421e-18,SHAP_content
0.2277445348197757,0.2871089646810826,0.0266526392038988,0.0,0.0,0.0,0.0,601,0.5415061387047573,0.0,0.0,SHAP_content
-0.3566461158531261,-0.0466112483409469,-0.0404313605562052,0.0,0.0,3.903127820947816e-18,0.0,3013,0.4436887247502783,0.0,3.903127820947816e-18,SHAP_content
-0.4233541993396063,0.0174883287475439,-0.0378220696389886,0.0,0.0,-5.684255149907003e-15,-5.6844719903415005e-15,2219,0.4786645977261389,0.0,1.1368727140248502e-14,SHAP_content
-0.4210710163200419,0.0159895479806958,-0.038609460216639,0.0,0.0,-1.0842021724855044e-19,0.0,2465,0.4756700245173768,0.0,1.0842021724855044e-19,SHAP_content
0.1038988376963121,0.2954198499820233,0.0611372934794243,0.0,0.0,-1.0408340855860844e-17,0.0,837,0.4604559811577599,0.0,1.0408340855860844e-17,SHAP_content
-0.3538324531351243,-0.0491134987972742,-0.0407425079932587,0.0,0.0,3.0357660829594124e-18,0.0,3325,0.4436884599256573,0.0,3.0357660829594124e-18,SHAP_content
0.4947072220830346,-0.0612191134706594,0.0375630153867237,0.0,0.0,6.938893903907228e-18,0.0,624,0.5934893509404179,0.0,6.938893903907228e-18,SHAP_content
0.3704619506331774,-0.0426438861046325,0.0879235253976781,0.0,0.0,0.0,0.0,1627,0.5010293621354881,0.0,0.0,SHAP_content
0.4596559758736257,-0.0670822662538312,0.0702346880533157,0.0,0.0,0.0,0.0,806,0.5969729301807727,0.0,0.0,SHAP_content
0.1429060549689793,-0.2414226289473525,-0.1176736476665246,0.0,0.0,0.0,0.0,3115,0.5020023315828566,0.0,0.0,SHAP_content
0.055010608041914,0.1072450715316501,0.1048081440295692,0.0,0.0,-1.3877787807814457e-17,0.0,637,0.2670638236031334,0.0,1.3877787807814457e-17,SHAP_content
0.4563737800892222,-0.0557308782536861,0.0643961400636485,0.0,0.0,-1.3877787807814457e-17,0.0,423,0.576500798406557,0.0,1.3877787807814457e-17,SHAP_content
0.0228149198990375,0.0648271320015304,0.1039066206787008,0.0,0.0,6.938893903907228e-18,0.0,1996,0.1915486725792688,0.0,6.938893903907228e-18,SHAP_content
0.3387979722125104,-0.0652454219986398,0.0956147451452444,0.0,0.0,-6.938893903907228e-18,0.0,4472,0.4996581393563948,0.0,6.938893903907228e-18,SHAP_content
-0.2688778231780467,-0.1003533610406711,-0.0563614849925701,0.0,0.0,1.734723475976807e-18,0.0,2486,0.4255926692112881,0.0,1.734723475976807e-18,SHAP_content
0.0191202596129618,0.3665003803546794,0.0550759842145633,0.0,0.0,-1.3877787807814457e-17,0.0,150,0.4406966241822045,0.0,1.3877787807814457e-17,SHAP_content
-0.3108919205998447,-0.0866993485435831,-0.0458915047425944,0.0,0.0,0.0,0.0,3109,0.4434827738860222,0.0,0.0,SHAP_content
0.1611508425854778,0.0693360791401555,0.1046751489287391,0.0,0.0,3.469446951953614e-18,0.0,1580,0.3351620706543726,0.0,3.469446951953614e-18,SHAP_content
0.36929080550811,-0.0354992599183518,0.0872249361897974,0.0,0.0,-6.938893903907228e-18,0.0,626,0.4920150016162593,0.0,6.938893903907228e-18,SHAP_content
-0.3536890980977356,-0.0025715627605156,-0.0573260626854123,0.0,0.0,3.469446951953614e-18,0.0,3002,0.4135867235436635,0.0,3.469446951953614e-18,SHAP_content
0.0816345536858447,-0.0757536770239248,-0.1144520213395784,0.0,0.0,-1.3877787807814457e-17,0.0,3796,0.271840252049348,0.0,1.3877787807814457e-17,SHAP_content
0.4886265046288951,-0.0552718159515721,0.0378124259605089,0.0,0.0,-1.3877787807814457e-17,0.0,3481,0.5817107465409762,0.0,1.3877787807814457e-17,SHAP_content
-0.2115592872524025,0.5556713500802507,0.0433815746371324,0.0,0.0,-6.5052130349130266e-18,0.0,143,0.8106122119697857,0.0,6.5052130349130266e-18,SHAP_content
-0.4100021285694994,0.0216345031002898,-0.0457114776429713,0.0,0.0,7.450574011913513e-12,7.450581384488286e-12,2574,0.4773481093127606,0.0,1.49011553964018e-11,SHAP_content
-0.3322927604451334,-0.0672043044206144,-0.0439742643900566,0.0,0.0,-8.673617379884035e-19,0.0,4014,0.4434713292558045,0.0,8.673617379884035e-19,SHAP_content
0.1399443939241746,0.2418589530701017,0.0670116682249153,0.0,0.0,-3.469446951953614e-18,0.0,1880,0.4488150152191917,0.0,3.469446951953614e-18,SHAP_content
-0.0464477576828092,-0.0407249743698156,-0.1078721309105943,0.0,0.0,0.0,0.0,3452,0.1950448629632192,0.0,0.0,SHAP_content
-0.3617738067835527,-0.0387523445958446,-0.0423629429262528,0.0,0.0,-1.5366824132612145e-11,-1.5366823265250407e-11,3605,0.4428890943056502,0.0,3.073364739786255e-11,SHAP_content
-0.3841937693665043,-0.0205188318040379,-0.0389783273854073,0.0,0.0,-2.1684043449710093e-19,0.0,3342,0.4436909285559496,0.0,2.1684043449710093e-19,SHAP_content
-0.3525702468969218,-0.05009177058891,-0.0410289096403626,0.0,0.0,3.2526065174565133e-18,0.0,4508,0.4436909271261944,0.0,3.2526065174565133e-18,SHAP_content
-0.3598616523987752,-0.0414464026886836,-0.0420437923359744,0.0,0.0,-3.903127820947816e-18,0.0,2171,0.4433518474234333,0.0,3.903127820947816e-18,SHAP_content
-0.2553308872801031,0.0052793930003831,-0.0847878673655214,0.0,0.0,-6.938893903907228e-18,0.0,2780,0.3453981476460077,0.0,6.938893903907228e-18,SHAP_content
-0.0614898818731593,0.2147383686572122,0.0988341861919444,0.0,0.0,-2.0816681711721685e-17,0.0,2832,0.3750624367223161,0.0,2.0816681711721685e-17,SHAP_content
-0.3729305340210159,-0.031059411555202,-0.0397009829797671,0.0,0.0,3.469446951953614e-18,0.0,4681,0.4436909285559851,0.0,3.469446951953614e-18,SHAP_content
-0.3654304532214414,-0.0382094144537797,-0.0400368578756283,0.0,0.0,3.201423501297818e-13,3.2014191644891277e-13,2230,0.4436767255508495,0.0,6.402842665786945e-13,SHAP_content
-0.0443478206744617,0.4388232130220353,0.0505630129740047,0.0,0.0,-1.908195823574488e-17,0.0,617,0.5337340466705018,0.0,1.908195823574488e-17,SHAP_content
-0.1321918339253116,0.551211851422586,0.0418956942856381,0.0,0.0,-1.3877787807814457e-17,0.0,1324,0.7252993796335357,0.0,1.3877787807814457e-17,SHAP_content
0.3824774665844407,-0.0318443809136113,0.0838557743626631,0.0,0.0,0.0,0.0,690,0.4981776218607152,0.0,0.0,SHAP_content
-0.4461572308637249,0.0397514575922302,-0.0372781577063787,0.0,0.0,3.686287386450715e-18,0.0,2288,0.5231868461623339,0.0,3.686287386450715e-18,SHAP_content
-0.3486477380700332,-0.0538730441033024,-0.0411691703365822,0.0,0.0,-3.0357660829594124e-18,0.0,3302,0.4436899525099179,0.0,3.0357660829594124e-18,SHAP_content
0.1842740458134408,0.2136934490900472,0.0588745374322502,0.0,0.0,-1.0408340855860844e-17,0.0,1350,0.4568420323357384,0.0,1.0408340855860844e-17,SHAP_content
0.2507222171576143,-0.1443646067301151,-0.1133707253343067,0.0,0.0,-5.960465454535324e-11,-5.960464760645934e-11,2729,0.5084575492220362,0.0,1.1920930215181258e-10,SHAP_content
0.4215222392489511,-0.0461056198672174,0.0765830124031624,0.0,0.0,1.3877787807814457e-17,0.0,1187,0.5442108715193311,0.0,1.3877787807814457e-17,SHAP_content
0.4211327328980189,-0.0841406134638557,0.0825309083659003,0.0,0.0,0.0,0.0,1191,0.5878042547277751,0.0,0.0,SHAP_content
-0.024695740102665,0.384562775731561,0.07524308361709,0.0,0.0,0.0,0.0,145,0.4845015994513161,0.0,0.0,SHAP_content
-0.3361461569599098,-0.063646110072455,-0.0436261164332094,0.0,0.0,0.0,0.0,3572,0.4434183834655742,0.0,0.0,SHAP_content
-0.3199287843525447,-0.0504898728694503,-0.0539383704501961,0.0,0.0,-8.673617379884035e-19,0.0,4420,0.4243570276721912,0.0,8.673617379884035e-19,SHAP_content
-0.5131376934169946,0.1048843025679895,-0.0354375354049287,0.0,0.0,6.938893903907228e-18,0.0,3742,0.6534595313899128,0.0,6.938893903907228e-18,SHAP_content
0.4136543304891995,-0.0232764301568091,0.0715727865024019,0.0,0.0,0.0,0.0,1762,0.5085035471484105,0.0,0.0,SHAP_content
0.1181394831698184,0.2722794174382537,0.0576567188138669,0.0,0.0,8.940696447079509e-11,8.940696794024204e-11,3800,0.4480756194219391,0.0,1.7881393241103716e-10,SHAP_content
0.1434613220417097,0.2542361288330131,0.0591520320416126,0.0,0.0,-2.0816681711721685e-17,0.0,1834,0.4568494829163355,0.0,2.0816681711721685e-17,SHAP_content
0.3776769279192025,-0.1640857905411007,-0.1016882773102771,0.0,0.0,-1.3877787807814457e-17,0.0,4603,0.6434509957705804,0.0,1.3877787807814457e-17,SHAP_content
0.4703065233903432,-0.0704558283509295,0.0661799297302542,0.0,0.0,0.0,0.0,1111,0.6069422814715271,0.0,0.0,SHAP_content
-0.3924239879462384,-0.0121963191758996,-0.0390706168896788,0.0,0.0,3.686287386450715e-18,0.0,2127,0.4436909240118169,0.0,3.686287386450715e-18,SHAP_content
-0.2851502403886956,-0.0974757786238936,-0.0514624699535974,0.0,0.0,0.0,0.0,2277,0.4340884889661865,0.0,0.0,SHAP_content
0.4544307068416308,-0.0465458375321271,0.0574356853269551,0.0,0.0,-1.3877787807814457e-17,0.0,3795,0.558412229700713,0.0,1.3877787807814457e-17,SHAP_content
-0.0405066465262645,0.3750025846201185,0.0831128865392479,0.0,0.0,-2.6020852139652106e-18,0.0,2499,0.4986221176856311,0.0,2.6020852139652106e-18,SHAP_content
0.4849088657459046,-0.0679223487509692,0.0512744539775828,0.0,0.0,1.3877787807814457e-17,0.0,1824,0.6041056684744568,0.0,1.3877787807814457e-17,SHAP_content
-0.3348237591830083,-0.0380515082898703,-0.0527174017384096,0.0,0.0,0.0,0.0,2788,0.4255926692112882,0.0,0.0,SHAP_content
-0.3292525034785737,-0.0689388885919467,-0.044054838523322,0.0,0.0,-4.3368086899420185e-18,0.0,4196,0.4422462305938425,0.0,4.3368086899420185e-18,SHAP_content
-0.0566409025644194,-0.1686614633589089,-0.0990255974064833,0.0,0.0,0.0,0.0,4386,0.3243279633298118,0.0,0.0,SHAP_content
-0.3338440659481643,-0.0647125444494168,-0.043680293117092,0.0,0.0,4.3368086899420185e-18,0.0,3827,0.4422369035146732,0.0,4.3368086899420185e-18,SHAP_content
-0.3483702016084218,-0.052044443038364,-0.0426953096949546,0.0,0.0,0.0,0.0,2492,0.4431099543417405,0.0,0.0,SHAP_content
0.1506196786054407,0.3019095649815743,0.0496195309400379,0.0,0.0,-6.938893903907228e-18,0.0,878,0.502148774527053,0.0,6.938893903907228e-18,SHAP_content
0.2170452182978206,0.178666904932592,0.0579309278202304,0.0,0.0,-1.3877787807814457e-17,0.0,1455,0.4536430510506432,0.0,1.3877787807814457e-17,SHAP_content
-0.1243150232448371,0.2181038235829358,0.095364361567647,0.0,0.0,5.204170427930421e-18,0.0,391,0.43778320839542,0.0,5.204170427930421e-18,SHAP_content
-0.2174732532349529,-0.0708747443502797,-0.0789743084889293,0.0,0.0,0.0,0.0,4182,0.3673223060741621,0.0,0.0,SHAP_content
-0.3530252286202242,-0.0499585404593182,-0.0407071106713938,0.0,0.0,3.2526065174565133e-18,0.0,2283,0.4436908797509363,0.0,3.2526065174565133e-18,SHAP_content
-0.2832647906526314,-0.106632688881303,-0.049390292793687,0.0,0.0,1.734723475976807e-18,0.0,2714,0.4392877723276215,0.0,1.734723475976807e-18,SHAP_content
-0.3773646971226726,-0.0258312981962104,-0.0404029040293667,0.0,0.0,0.0,0.0,2958,0.4435988993482498,0.0,0.0,SHAP_content
0.0432417621604733,0.3547286456848975,0.0577432492581478,0.0,0.0,-1.490116155467014e-10,-1.4901161034253096e-10,475,0.4557136571035187,0.0,2.9802322588923236e-10,SHAP_content
0.3602528690010982,0.0408836427810893,0.0588376254272082,0.0,0.0,-6.938893903907228e-18,0.0,1694,0.4599741372093958,0.0,6.938893903907228e-18,SHAP_content
0.2542517363723877,0.11818776403154,0.081506461451464,0.0,0.0,-6.938893903907228e-18,0.0,1295,0.4539459618553917,0.0,6.938893903907228e-18,SHAP_content
-0.3684632530314437,-0.0355489096486813,-0.0396684580958296,0.0,0.0,-6.5052130349130266e-18,0.0,2092,0.4436806207759546,0.0,6.5052130349130266e-18,SHAP_content
-0.3838702351084766,-0.0189193522850791,-0.0406666637788695,0.0,0.0,-3.0357660829594124e-18,0.0,3050,0.4434562511724253,0.0,3.0357660829594124e-18,SHAP_content
-0.0271647262272483,0.1485398320665045,0.1013523391895059,0.0,0.0,0.0,0.0,1137,0.2770568974832589,0.0,0.0,SHAP_content
-0.357787528932063,-0.0453617861911501,-0.0405349296266944,0.0,0.0,0.0,0.0,2072,0.4436842447499076,0.0,0.0,SHAP_content
0.1617153021775345,0.2263133655348093,0.0623600889428527,0.0,0.0,-6.938893903907228e-18,0.0,832,0.4503887566551966,0.0,6.938893903907228e-18,SHAP_content
0.2035330818371357,0.1330843827794409,0.0923434818465117,0.0,0.0,-2.0816681711721685e-17,0.0,591,0.4289609464630883,0.0,2.0816681711721685e-17,SHAP_content
-0.3542805590957456,-0.0488272248647119,-0.0405830647870051,0.0,0.0,0.0,0.0,3592,0.4436908487474627,0.0,0.0,SHAP_content
0.0784277271691418,0.1792188651911444,0.0994474841763495,0.0,0.0,-6.938893903907228e-18,0.0,109,0.3570940765366358,0.0,6.938893903907228e-18,SHAP_content
0.2534709007043826,-0.2690840733025234,-0.1175435469448591,0.0,0.0,6.938893903907228e-18,0.0,4318,0.6400985209517651,0.0,6.938893903907228e-18,SHAP_content
0.4374002252758093,-0.0286280369039264,0.0554994437258185,0.0,0.0,-2.7755575615628914e-17,0.0,1052,0.5215277059055543,0.0,2.7755575615628914e-17,SHAP_content
-0.0002676842138397,0.3988149950028023,0.0541510066419906,0.0,0.0,-1.5612511283791264e-17,0.0,1311,0.4532336858586327,0.0,1.5612511283791264e-17,SHAP_content
0.1761736324051231,0.2186442633301463,0.0570575199699146,0.0,0.0,0.0,0.0,668,0.4518754157051841,0.0,0.0,SHAP_content
0.186499116382023,0.1824633620966648,0.0816693459179025,0.0,0.0,-1.0408340855860844e-17,0.0,253,0.4506318243965905,0.0,1.0408340855860844e-17,SHAP_content
-0.3863565712526822,-0.0181237274555277,-0.0392106286946691,0.0,0.0,2.1684043449710093e-19,0.0,2690,0.4436909274028791,0.0,2.1684043449710093e-19,SHAP_content
0.4675685400297208,-0.042371553468096,0.0423820476700182,0.0,0.0,-1.3877787807814457e-17,0.0,843,0.5523221411678352,0.0,1.3877787807814457e-17,SHAP_content
-0.2674149550639866,-0.0813430873062916,-0.0623154438758502,0.0,0.0,1.734723475976807e-18,0.0,4159,0.4110734862461285,0.0,1.734723475976807e-18,SHAP_content
0.2907032603604006,-0.2728206574990421,-0.1157224080843662,0.0,0.0,-6.938893903907228e-18,0.0,4509,0.6792463259438088,0.0,6.938893903907228e-18,SHAP_content
-0.3478600109129373,-0.0545139474489046,-0.0413169651062072,0.0,0.0,-3.2526065174565133e-18,0.0,3374,0.4436909234680492,0.0,3.2526065174565133e-18,SHAP_content
-0.375294503045388,-0.0292453568433127,-0.0391510686553692,0.0,0.0,0.0,0.0,3394,0.44369092854407,0.0,0.0,SHAP_content
-0.1009245710557518,0.4977918516207252,0.0468397954109021,0.0,0.0,-5.204170427930421e-18,0.0,884,0.6455562180873792,0.0,5.204170427930421e-18,SHAP_content
-0.4217085764488165,0.0159597216380441,-0.0379414360993867,0.0,0.0,0.0,0.0,4547,0.4756097341862474,0.0,0.0,SHAP_content
0.5099672383881882,-0.1818117784016167,-0.0787385451435087,0.0,0.0,-6.938893903907228e-18,0.0,3996,0.7705175619333137,0.0,6.938893903907228e-18,SHAP_content
-0.0165510516720867,0.4191350376202864,0.0523952820290183,0.0,0.0,6.938893903907228e-18,0.0,1879,0.4880813713213915,0.0,6.938893903907228e-18,SHAP_content
0.4607733022856338,-0.0589352065484915,0.0635914161899658,0.0,0.0,6.938893903907228e-18,0.0,1485,0.5832999250240913,0.0,6.938893903907228e-18,SHAP_content
-0.3952496476479672,-0.0096679466124166,-0.038773334295576,0.0,0.0,4.336808689942019e-19,0.0,2417,0.4436909285559599,0.0,4.336808689942019e-19,SHAP_content
0.0669617313507451,-0.2319207468431762,-0.1120649285054485,0.0,0.0,6.938893903907228e-18,0.0,2737,0.4109474066993699,0.0,6.938893903907228e-18,SHAP_content
-0.4072371173191672,0.0085253940129829,-0.042172373865723,0.0,0.0,4.336808689942019e-19,0.0,2267,0.4579348851978733,0.0,4.336808689942019e-19,SHAP_content
0.152379352169259,0.1995417103560093,0.0882339342498623,0.0,0.0,1.0408340855860844e-17,0.0,4173,0.4401549967751307,0.0,1.0408340855860844e-17,SHAP_content
-0.358529682215937,-0.045010159095074,-0.0401509552889882,0.0,0.0,3.686287386450715e-18,0.0,3368,0.4436907965999993,0.0,3.686287386450715e-18,SHAP_content
-0.3589694705544999,-0.0437176103725503,-0.0409758578512712,0.0,0.0,0.0,0.0,2808,0.4436629387783214,0.0,0.0,SHAP_content
0.089692546356654,0.2803953498577124,0.0749947953582799,0.0,0.0,-3.469446951953614e-18,0.0,869,0.4450826915726464,0.0,3.469446951953614e-18,SHAP_content
-0.4023268586488713,-0.0028250814631884,-0.0385075167985822,0.0,0.0,-3.0357660829594124e-18,0.0,2468,0.4436594569106419,0.0,3.0357660829594124e-18,SHAP_content
0.5009872038653453,-0.1695617918948683,-0.0861139458502536,0.0,0.0,1.3877787807814457e-17,0.0,3893,0.7566629416104673,0.0,1.3877787807814457e-17,SHAP_content
0.4674990352877674,-0.0655348730984139,0.0639774728456648,0.0,0.0,0.0,0.0,450,0.5970113812318463,0.0,0.0,SHAP_content
0.4822526813744499,-0.0644865713236511,0.0503411405428438,0.0,0.0,0.0,0.0,1979,0.5970803932409448,0.0,0.0,SHAP_content
-0.0827712469987034,0.477301742344518,0.0452906558139291,0.0,0.0,-6.0715321659188256e-18,0.0,696,0.6053636451571506,0.0,6.0715321659188256e-18,SHAP_content
0.4821127356895024,-0.1697653649190408,-0.0889027030511171,0.0,0.0,-1.3877787807814457e-17,0.0,1741,0.7407808036596604,0.0,1.3877787807814457e-17,SHAP_content
-0.3512200703601877,-0.0498454143745839,-0.0424448413400902,0.0,0.0,-4.336808689942019e-19,0.0,3718,0.4435103260748619,0.0,4.336808689942019e-19,SHAP_content
0.1756148378505763,0.1972173695304978,0.0774307834736463,0.0,0.0,-6.938893903907228e-18,0.0,811,0.4502629908547205,0.0,6.938893903907228e-18,SHAP_content
-0.0935780769638111,-0.2316369827179079,-0.0782522033388159,0.0,0.0,0.0,0.0,3284,0.403467263020535,0.0,0.0,SHAP_content
-0.336368986341607,-0.0646128002108157,-0.0427061512837126,0.0,0.0,3.469446951953614e-18,0.0,2189,0.4436879378361354,0.0,3.469446951953614e-18,SHAP_content
0.4382522941700456,-0.0733378322034904,0.0769994678758971,0.0,0.0,0.0,0.0,505,0.5885895942494332,0.0,0.0,SHAP_content
-0.2780121520756717,-0.1155397679673164,-0.0489019262178772,0.0,0.0,0.0,0.0,3303,0.4424538462608654,0.0,0.0,SHAP_content
0.1257368186676175,0.2548214671696489,0.0673603351291484,0.0,0.0,-1.7347234759768068e-17,0.0,405,0.4479186209664149,0.0,1.7347234759768068e-17,SHAP_content
0.0050101128832342,0.3666148027280088,0.0669633134713215,0.0,0.0,-8.673617379884035e-18,0.0,3640,0.4385882290825647,0.0,8.673617379884035e-18,SHAP_content
0.0124956466067604,-0.0889746406163874,-0.112052854517824,0.0,0.0,-6.938893903907228e-18,0.0,183,0.2135231417409719,0.0,6.938893903907228e-18,SHAP_content
-0.3318436772093138,0.2008053609300265,0.0721859390061848,0.0,0.0,-9.54097911787244e-18,0.0,4608,0.6048349771455251,0.0,9.54097911787244e-18,SHAP_content
0.2341831193308226,0.0826722983100479,0.0954488916304454,0.0,0.0,-3.469446951953614e-18,0.0,1876,0.4123043092713159,0.0,3.469446951953614e-18,SHAP_content
0.047506331610723,0.2000370278019664,0.0990867045011129,0.0,0.0,-1.214306433183765e-17,0.0,609,0.3466300639138023,0.0,1.214306433183765e-17,SHAP_content
0.4798413140249322,-0.1819755945166531,-0.0904207861906374,0.0,0.0,6.938893903907228e-18,0.0,2674,0.7522376947322229,0.0,6.938893903907228e-18,SHAP_content
0.2252943071175844,0.1712973188472384,0.0574841548068895,0.0,0.0,-1.7347234759768068e-17,0.0,2033,0.4540757807717125,0.0,1.7347234759768068e-17,SHAP_content
-0.1972723285577917,-0.0899544887710392,-0.0800803566161388,0.0,0.0,0.0,0.0,3981,0.3673071739449697,0.0,0.0,SHAP_content
-0.0613173951586903,0.2968361331005659,0.094540519468631,0.0,0.0,-2.2551405187698492e-17,0.0,1968,0.4526940477278873,0.0,2.2551405187698492e-17,SHAP_content
0.4200573524738203,-0.0152823786762686,0.0582794122445466,0.0,0.0,-6.938893903907228e-18,0.0,20,0.4936191433946357,0.0,6.938893903907228e-18,SHAP_content
-0.3730953232394214,-0.0315557926440775,-0.0390387347322032,0.0,0.0,3.469446951953614e-18,0.0,2218,0.4436898506157023,0.0,3.469446951953614e-18,SHAP_content
0.1390741927345571,0.2377248115492101,0.071690033133148,0.0,0.0,-1.3877787807814457e-17,0.0,2224,0.4484890374169152,0.0,1.3877787807814457e-17,SHAP_content
0.4209525315709472,-0.0678889742084919,0.0802895361648421,0.0,0.0,0.0,0.0,327,0.5691310419442813,0.0,0.0,SHAP_content
0.1134399546714101,0.013660088903681,0.1072504263941617,0.0,0.0,6.938893903907228e-18,0.0,3270,0.2343504699692528,0.0,6.938893903907228e-18,SHAP_content
0.3728205972270875,-0.2231363515462345,-0.1062619964605013,0.0,0.0,6.938893903907228e-18,0.0,2518,0.7022189452338234,0.0,6.938893903907228e-18,SHAP_content
0.0864363889426328,0.306017771489097,0.0542176505752733,0.0,0.0,-5.204170427930421e-18,0.0,1874,0.4466718110070031,0.0,5.204170427930421e-18,SHAP_content
-0.2496731529019119,-0.1333787473627631,-0.0533757632068349,0.0,0.0,3.469446951953614e-18,0.0,4362,0.4364276634715099,0.0,3.469446951953614e-18,SHAP_content
0.4022279250434468,0.0055729205736941,0.0545216549917604,0.0,0.0,0.0,0.0,1756,0.4623225006089013,0.0,0.0,SHAP_content
-0.157102092577849,-0.0115133555934615,-0.0983260570596127,0.0,0.0,-8.940696967496553e-11,-8.940696794024204e-11,2178,0.2669415052309233,0.0,1.7881393761520759e-10,SHAP_content
-0.3122088285686206,-0.0855365531146105,-0.0457061406842695,0.0,0.0,-8.673617379884035e-19,0.0,3410,0.4434515223675007,0.0,8.673617379884035e-19,SHAP_content
-0.4031157670283699,-0.0021057986819485,-0.0384428647284444,0.0,0.0,-3.469446951953614e-18,0.0,4605,0.4436644304387629,0.0,3.469446951953614e-18,SHAP_content
0.4550587746211354,-0.0754302290501783,0.0730836001375841,0.0,0.0,-1.3877787807814457e-17,0.0,489,0.603572603808898,0.0,1.3877787807814457e-17,SHAP_content
0.4880506125925206,-0.0637858488310231,0.0448355598187478,0.0,0.0,-1.3877787807814457e-17,0.0,606,0.5966720212422916,0.0,1.3877787807814457e-17,SHAP_content
0.1935224127834907,0.1897582001589569,0.0684447182671922,0.0,0.0,6.938893903907228e-18,0.0,3212,0.4517253312096398,0.0,6.938893903907228e-18,SHAP_content
-0.3504806362675958,-0.0314793657997417,-0.049126837034831,0.0,0.0,0.0,0.0,2464,0.4310868391021686,0.0,0.0,SHAP_content
0.4972920082862721,-0.0647857198031715,0.038176121183418,0.0,0.0,-2.7755575615628914e-17,0.0,1738,0.6002538492728617,0.0,2.7755575615628914e-17,SHAP_content
0.1003117244849695,0.2936657275785471,0.0556079531893971,0.0,0.0,-3.469446951953614e-18,0.0,152,0.4495854052529137,0.0,3.469446951953614e-18,SHAP_content
0.3718158293004548,-0.0219832397543566,0.0847416243387124,0.0,0.0,-2.7755575615628914e-17,0.0,889,0.4785406933935239,0.0,2.7755575615628914e-17,SHAP_content
-0.4349646157497487,0.0293881724470331,-0.0381144852532695,0.0,0.0,-3.3610267347050637e-18,0.0,4648,0.5024672734500514,0.0,3.3610267347050637e-18,SHAP_content
-0.2553534454520333,-0.116323477921864,-0.0563473378100995,0.0,0.0,0.0,0.0,3082,0.4280242611839969,0.0,0.0,SHAP_content
0.1541686997693966,0.2198898854384494,0.0751246079021234,0.0,0.0,-3.469446951953614e-18,0.0,269,0.4491831931099694,0.0,3.469446951953614e-18,SHAP_content
0.1045602234520423,0.2698231840593523,0.0718858337247954,0.0,0.0,8.673617379884035e-18,0.0,96,0.4462692412361901,0.0,8.673617379884035e-18,SHAP_content
-0.3426140168282703,-0.058792970804715,-0.0422776130881464,0.0,0.0,-4.336808689942019e-19,0.0,3824,0.4436846007211317,0.0,4.336808689942019e-19,SHAP_content
-0.2902549597188572,-0.1054469858783747,-0.0475264873823956,0.0,0.0,0.0,0.0,3885,0.4432284329796276,0.0,0.0,SHAP_content
0.4509973464632928,-0.0533159325080375,0.0668260141171773,0.0,0.0,0.0,0.0,1799,0.5711392930885077,0.0,0.0,SHAP_content
0.4742275384370169,-0.0623395600971991,0.0551829858997599,0.0,0.0,6.938893903907228e-18,0.0,1572,0.5917500844339759,0.0,6.938893903907228e-18,SHAP_content
0.1398902492242228,0.2560087661500465,0.0578365420850653,0.0,0.0,-6.938893903907228e-18,0.0,1067,0.4537355574593347,0.0,6.938893903907228e-18,SHAP_content
-0.2901318435375262,-0.1019197977252397,-0.0483879400680598,0.0,0.0,2.6020852139652106e-18,0.0,2760,0.4404395813308258,0.0,2.6020852139652106e-18,SHAP_content
0.162399133303358,0.2117755780889046,0.0754564702278385,0.0,0.0,-6.938893903907228e-18,0.0,715,0.4496311816201013,0.0,6.938893903907228e-18,SHAP_content
-0.4161341180887818,0.0198985220748923,-0.0427162422074715,0.0,0.0,-4.336808689942019e-19,0.0,4059,0.4787488823711457,0.0,4.336808689942019e-19,SHAP_content
0.0722277976383035,0.3027448791503189,0.0691564000722626,0.0,0.0,-5.204170427930421e-18,0.0,4665,0.4441290768608851,0.0,5.204170427930421e-18,SHAP_content
-0.3945487211197003,-0.0102024270171041,-0.0388996881392206,0.0,0.0,-4.336808689942019e-19,0.0,4565,0.4436508362760251,0.0,4.336808689942019e-19,SHAP_content
0.4921320065858705,-0.0618132476839016,0.0396934561386951,0.0,0.0,6.938893903907228e-18,0.0,1798,0.5936387104084674,0.0,6.938893903907228e-18,SHAP_content
-0.1527651502012875,0.5121122327476655,0.0527238149359977,0.0,0.0,-1.3444106938820257e-17,0.0,461,0.7176011978849508,0.0,1.3444106938820257e-17,SHAP_content
0.4239203577974065,-0.209091080921353,-0.0990770296393445,0.0,0.0,0.0,0.0,2944,0.732088468358104,0.0,0.0,SHAP_content
0.4666980744347996,-0.0502794380712372,0.0503906634854514,0.0,0.0,1.3877787807814457e-17,0.0,1795,0.5673681759914883,0.0,1.3877787807814457e-17,SHAP_content
0.4358800762506847,-0.0538050605070613,0.0742052428151071,0.0,0.0,-1.3877787807814457e-17,0.0,1869,0.5638903795728532,0.0,1.3877787807814457e-17,SHAP_content
0.433678583691213,-0.0701306037637303,0.0776037258367911,0.0,0.0,-5.960464760645934e-11,-5.960464066756542e-11,1345,0.5814129132917345,0.0,1.1920928827402475e-10,SHAP_content
0.0983180852730562,0.2949683493407875,0.0549820656174024,0.0,0.0,-1.3877787807814457e-17,0.0,1214,0.4482685002312462,0.0,1.3877787807814457e-17,SHAP_content
0.4748756281132985,-0.0555111943172939,0.048293218962097,0.0,0.0,-6.938893903907228e-18,0.0,1372,0.5786800413926895,0.0,6.938893903907228e-18,SHAP_content
-0.0864919943674571,0.1172042624638011,0.0964569508238671,0.0,0.0,-1.734723475976807e-18,0.0,243,0.3001532076551254,0.0,1.734723475976807e-18,SHAP_content
-0.3480100717650672,-0.0531133620293081,-0.0425181480929348,0.0,0.0,-3.469446951953614e-18,0.0,4039,0.4436415818873101,0.0,3.469446951953614e-18,SHAP_content
-0.2545869794076549,-0.1264147052834024,-0.0536630107580762,0.0,0.0,0.0,0.0,2799,0.4346646954491336,0.0,0.0,SHAP_content
0.4811000428016474,-0.0483491534775052,0.0382492727036738,0.0,0.0,0.0,0.0,1679,0.5676984689828265,0.0,0.0,SHAP_content
-0.3537180842737277,-0.0487899638967112,-0.0411828803853865,0.0,0.0,-3.2526065174565133e-18,0.0,3850,0.4436909285558254,0.0,3.2526065174565133e-18,SHAP_content
0.48893489475277,-0.0686031922247868,0.0485110098371475,0.0,0.0,-2.980234115046443e-11,-2.980232033378272e-11,1312,0.6060490968147044,0.0,5.960466148424715e-11,SHAP_content
0.2105763207253606,-0.2520731382850302,-0.1185463055439686,0.0,0.0,-6.938893903907228e-18,0.0,648,0.5811957645543595,0.0,6.938893903907228e-18,SHAP_content
-0.0341877852534181,0.1815796825618909,0.1006014201987744,0.0,0.0,-1.214306433183765e-17,0.0,3238,0.3163688880140834,0.0,1.214306433183765e-17,SHAP_content
-0.0529810689014584,0.2825818981872747,0.0954970567028762,0.0,0.0,-1.3877787807814457e-17,0.0,2643,0.4310600237916094,0.0,1.3877787807814457e-17,SHAP_content
-0.3367910552303126,-0.0639113967555167,-0.0429815560367045,0.0,0.0,0.0,0.0,4409,0.4436840080225339,0.0,0.0,SHAP_content
0.4692694780374473,-0.0592687155394194,0.0565666020978423,0.0,0.0,0.0,0.0,155,0.5851047956747091,0.0,0.0,SHAP_content
-0.3816049223069866,-0.0231039819804245,-0.0389820242684319,0.0,0.0,3.469446951953614e-18,0.0,3428,0.4436909285558431,0.0,3.469446951953614e-18,SHAP_content
-0.3745297482815726,-0.0290724346276709,-0.0400887456467414,0.0,0.0,-1.0842021724855044e-19,0.0,3453,0.443690928555985,0.0,1.0842021724855044e-19,SHAP_content
0.2297038385365939,0.2855549846683481,0.0262736607528057,0.0,0.0,-2.0816681711721685e-17,0.0,1303,0.5415324839577478,0.0,2.0816681711721685e-17,SHAP_content
0.4527762490837838,-0.0536745064389188,0.0656012482670759,0.0,0.0,-1.3877787807814457e-17,0.0,1150,0.5720520037897785,0.0,1.3877787807814457e-17,SHAP_content
-0.3615676562967572,-0.0422310160578952,-0.0398903561247921,0.0,0.0,2.1684043449710093e-19,0.0,3047,0.4436890284794446,0.0,2.1684043449710093e-19,SHAP_content
0.4397944918818997,-0.057975089373093,0.073938898116021,0.0,0.0,2.9802334211570525e-11,2.980232033378272e-11,1046,0.5717084793710138,0.0,5.960465454535324e-11,SHAP_content
0.4761458486060334,-0.0629587654721798,0.0541186041968496,0.0,0.0,0.0,0.0,1640,0.5932232182750627,0.0,0.0,SHAP_content
0.0172975159439987,0.194335028592993,0.1005322660236918,0.0,0.0,1.734723475976807e-18,0.0,1306,0.3121648105606835,0.0,1.734723475976807e-18,SHAP_content
0.4817904449453616,-0.0744886512255923,0.0600491931409631,0.0,0.0,-6.938893903907228e-18,0.0,1927,0.6163282893119171,0.0,6.938893903907228e-18,SHAP_content
-0.0057143152103989,-0.2082722163826217,-0.1036213656662342,0.0,0.0,0.0,0.0,3439,0.317607897259255,0.0,0.0,SHAP_content
0.283161971318929,-0.1977537816961916,-0.1139748210366937,0.0,0.0,6.938893903907228e-18,0.0,4121,0.5948905740518144,0.0,6.938893903907228e-18,SHAP_content
-0.3855612909505883,-0.0191250784968791,-0.039004559108511,0.0,0.0,-3.469446951953614e-18,0.0,2244,0.4436909285559784,0.0,3.469446951953614e-18,SHAP_content
-0.2414916797495734,-0.1338851715837112,-0.05598019704407,0.0,0.0,1.734723475976807e-18,0.0,3136,0.4313570483773547,0.0,1.734723475976807e-18,SHAP_content
0.0139679845510503,0.3798091215108859,0.0554631286930831,0.0,0.0,6.938893903907228e-18,0.0,15,0.4492402347550194,0.0,6.938893903907228e-18,SHAP_content
-0.3324614096245627,0.0188317544477561,-0.0695176803599315,0.0,0.0,-2.6020852139652106e-18,0.0,3538,0.4208108444322505,0.0,2.6020852139652106e-18,SHAP_content
-0.2970543993052824,-0.0563921650186449,-0.0598817674966994,0.0,0.0,-1.734723475976807e-18,0.0,2669,0.4133283318206268,0.0,1.734723475976807e-18,SHAP_content
0.3783532952078005,0.0045196094381438,0.0769391079296624,0.0,0.0,-1.3877787807814457e-17,0.0,1360,0.4598120125756068,0.0,1.3877787807814457e-17,SHAP_content
0.4835794591328408,-0.0616008832754118,0.0465687358285902,0.0,0.0,-1.3877787807814457e-17,0.0,1844,0.5917490782368429,0.0,1.3877787807814457e-17,SHAP_content
-0.3288262148844706,-0.0703321629970659,-0.044361490844567,0.0,0.0,0.0,0.0,3098,0.4435198687261036,0.0,0.0,SHAP_content
0.1243034956665202,0.1797758332562588,0.0955256743373367,0.0,0.0,-3.469446951953614e-18,0.0,1612,0.3996050032601159,0.0,3.469446951953614e-18,SHAP_content
0.0751847554437437,0.2494567205953648,0.0903051667397453,0.0,0.0,-5.204170427930421e-18,0.0,497,0.4149466427788539,0.0,5.204170427930421e-18,SHAP_content
-0.3420012131634634,-0.0410569158772489,-0.0490753368900672,0.0,0.0,-3.469446951953614e-18,0.0,2840,0.4321334659307795,0.0,3.469446951953614e-18,SHAP_content
-0.0793672853550601,-0.1541988808498823,-0.0964672431297368,0.0,0.0,0.0,0.0,4611,0.3300334093346793,0.0,0.0,SHAP_content
0.315423077482044,0.0909145575230525,0.0543887128213646,0.0,0.0,1.3877787807814457e-17,0.0,4673,0.4607263478264612,0.0,1.3877787807814457e-17,SHAP_content
0.3378617221493394,-0.2363547827971027,-0.1109089787385286,0.0,0.0,0.0,0.0,3633,0.6851254836849708,0.0,0.0,SHAP_content
-0.0287928746060177,0.4208955525122895,0.0524419029333424,0.0,0.0,5.204170427930421e-18,0.0,1478,0.5021303300516498,0.0,5.204170427930421e-18,SHAP_content
0.3193573314488195,0.0026498361417434,0.0919309049940463,0.0,0.0,0.0,0.0,1095,0.4139380725846093,0.0,0.0,SHAP_content
0.0630975235687091,0.3381282487546565,0.0583201651179636,0.0,0.0,-3.469446951953614e-18,0.0,542,0.4595459374413293,0.0,3.469446951953614e-18,SHAP_content
0.1984840089556749,0.1584063054527893,0.0884527898572059,0.0,0.0,-1.3877787807814457e-17,0.0,4074,0.4453431042656702,0.0,1.3877787807814457e-17,SHAP_content
-0.1662468403769517,0.5577261317098343,0.039670695314227,0.0,0.0,4.336808689942019e-19,0.0,431,0.7636436674010132,0.0,4.336808689942019e-19,SHAP_content
0.1865838841118384,0.1401961224238029,0.0938150108007074,0.0,0.0,0.0,0.0,728,0.4205950173363489,0.0,0.0,SHAP_content
-0.204667729289146,-0.1766797522480337,-0.0563170192916126,0.0,0.0,0.0,0.0,4412,0.4376645008287924,0.0,0.0,SHAP_content
-0.359248442767986,-0.044361406261522,-0.0400801490113062,0.0,0.0,3.2526065174565133e-18,0.0,2561,0.4436899980408144,0.0,3.2526065174565133e-18,SHAP_content
0.4801971768116075,-0.0656079735774576,0.0531249547271987,0.0,0.0,0.0,0.0,1337,0.5989301051162639,0.0,0.0,SHAP_content
-0.4000098788980836,-0.0050320488457838,-0.0386140863182367,0.0,0.0,0.0,0.0,3606,0.4436560140621041,0.0,0.0,SHAP_content
-0.3634840336404641,-0.0404570634300961,-0.0397468649392624,0.0,0.0,0.0,0.0,2877,0.4436879620098227,0.0,0.0,SHAP_content
0.0816496920587079,-0.1070952999350341,-0.1156262806672991,0.0,0.0,0.0,0.0,4415,0.3043712726610412,0.0,0.0,SHAP_content
-0.1187573284118384,0.5242186419470196,0.044130946251882,0.0,0.0,0.0,0.0,1031,0.6871069166107402,0.0,0.0,SHAP_content
0.4930045641544669,-0.0654827421445441,0.0422867835641883,0.0,0.0,1.3877787807814457e-17,0.0,1110,0.6007740898631995,0.0,1.3877787807814457e-17,SHAP_content
0.5011771594794243,-0.0854833439079931,0.0537963223856452,0.0,0.0,0.0,0.0,1888,0.6404568257730627,0.0,0.0,SHAP_content
-0.0093019082074933,0.0873241671628853,0.1020947791977599,0.0,0.0,-1.5612511283791264e-17,0.0,3550,0.1987208545681387,0.0,1.5612511283791264e-17,SHAP_content
0.4879911347250135,-0.0539008144955155,0.0376627676711208,0.0,0.0,-2.7755575615628914e-17,0.0,1527,0.57955471689165,0.0,2.7755575615628914e-17,SHAP_content
0.4679824391446184,-0.0592555268911548,0.0576611019662775,0.0,0.0,-1.3877787807814457e-17,0.0,753,0.5848990680020508,0.0,1.3877787807814457e-17,SHAP_content
-0.3476090934671212,-0.0544221133543168,-0.041653764253212,0.0,0.0,0.0,0.0,3049,0.44368497107465,0.0,0.0,SHAP_content
-0.3336050687076947,-0.0667641562154689,-0.0433217036327895,0.0,0.0,3.469446951953614e-18,0.0,2628,0.4436909285559532,0.0,3.469446951953614e-18,SHAP_content
-0.0947591293207319,0.4793741152676031,0.0450507258360413,0.0,0.0,-6.938893903907228e-18,0.0,562,0.6191839704243763,0.0,6.938893903907228e-18,SHAP_content
-0.5264158845387217,0.1181197113120607,-0.0353303517903243,0.0,0.0,0.0,0.0,3562,0.6798659476411067,0.0,0.0,SHAP_content
-0.3655490434928018,0.0337847071333219,-0.0636177950158526,0.0,0.0,-3.469446951953614e-18,0.0,252,0.4629515456419765,0.0,3.469446951953614e-18,SHAP_content
-0.4404256646253298,0.0340324181784703,-0.037262047943001,0.0,0.0,-3.469446951953614e-18,0.0,2516,0.5117201307468012,0.0,3.469446951953614e-18,SHAP_content
-0.3601555975798194,-0.0435009006264781,-0.0400343973603464,0.0,0.0,-2.1684043449710093e-19,0.0,2962,0.443690895566644,0.0,2.1684043449710093e-19,SHAP_content
-0.3915096972105259,-0.0130775042294425,-0.0391037271160167,0.0,0.0,3.3610267347050637e-18,0.0,4453,0.4436909285559852,0.0,3.3610267347050637e-18,SHAP_content
0.2785256171218313,0.1219649962478922,0.0564286069809988,0.0,0.0,1.7347234759768068e-17,0.0,1202,0.4569192203507224,0.0,1.7347234759768068e-17,SHAP_content
0.1591987468553897,0.0339050787275417,0.1065707720604243,0.0,0.0,3.469446951953614e-18,0.0,3462,0.2996745976433558,0.0,3.469446951953614e-18,SHAP_content
0.2176287236861419,-0.0139785833860296,0.1053519883233537,0.0,0.0,-5.9604671892588e-11,-5.960464760645934e-11,2797,0.3369592953955254,0.0,1.1920931949904734e-10,SHAP_content
-0.309807002363191,-0.0874617179142188,-0.0463451221868933,0.0,0.0,-2.7939673144516952e-12,-2.7939673144516952e-12,4225,0.4436138424643031,0.0,5.5879346289033904e-12,SHAP_content
-0.0611388126281296,0.4198857194269229,0.0721334880399968,0.0,0.0,-2.688821387764051e-17,0.0,144,0.5531580200950494,0.0,2.688821387764051e-17,SHAP_content
-0.2369453271575922,-0.107588104019337,-0.0648497902779491,0.0,0.0,0.0,0.0,2895,0.4093832214548784,0.0,0.0,SHAP_content
-0.338479993429966,-0.0615259888025807,-0.0436113024565119,0.0,0.0,4.336808689942019e-19,0.0,2763,0.4436172846890586,0.0,4.336808689942019e-19,SHAP_content
0.4895363969221693,-0.0705366780832069,0.0497867266818957,0.0,0.0,6.938893903907228e-18,0.0,905,0.609859801687272,0.0,6.938893903907228e-18,SHAP_content
-0.3762305330681974,-0.0279627931547594,-0.0394976023330281,0.0,0.0,2.1684043449710093e-19,0.0,3980,0.4436909285559851,0.0,2.1684043449710093e-19,SHAP_content
0.3839068681678735,-0.1768389375215831,-0.101808246657262,0.0,0.0,-6.938893903907228e-18,0.0,235,0.6625540523467187,0.0,6.938893903907228e-18,SHAP_content
