AE_safe_err,AE_risk_err,label_content,prob_safe_rel,prob_risk_rel,prob_safe_spat,prob_risk_spat,user_id,SHAP_content,SHAP_rel,SHAP_spat,dominant_perspective
-0.1213303836392412,-0.0421800657022769,0.0244668913429011,0.0,0.0028770292568097,-0.0599120020900868,0.0377385733818603,2598,0.1879773406844193,0.0028770292568097,0.0976505754719471,SHAP_content
-0.0811208686915614,-0.071159794437516,-0.0609226591642849,0.0,-0.0030274070477,0.0891653358805076,-0.0917832929807415,3140,0.2132033222933624,0.0030274070477,0.1809486288612491,SHAP_content
0.2658187943042682,0.1938373238559857,0.073662153500636,0.0,0.0035058697928289,-0.0907102869458506,0.1233866557335192,989,0.5333182716608901,0.0035058697928289,0.2140969426793698,SHAP_content
0.0335661971268239,0.063613029133372,0.0581106831532993,0.0,0.0044175481796011,-0.1038101565035502,0.0902274094959267,923,0.1552899094134954,0.0044175481796011,0.194037565999477,SHAP_spat
0.0367119578949769,-0.1398044181273023,0.0335252911714104,0.0,0.0026776489803453,0.1316292775687918,-0.1604877151690452,3272,0.2100416671936897,0.0026776489803453,0.292116992737837,SHAP_spat
-0.036734941200305,0.2031710438696095,0.059731285555311,0.0,0.0039131659581678,-0.0982940277808063,0.0928120501693666,2397,0.2996372706252257,0.0039131659581678,0.1911060779501729,SHAP_content
0.1110486622625194,-0.1761687972482666,0.0471719491347066,0.0,0.0017512392950811,-0.0983691634270886,0.0736562434372499,2044,0.3343894086454926,0.0017512392950811,0.1720254068643385,SHAP_content
0.254823681461613,-0.0224653798694097,0.0727647124020997,0.0,0.003602846221605,-0.1067033081226682,0.1143104743415374,1980,0.3500537737331225,0.003602846221605,0.2210137824642057,SHAP_content
0.2372179016228551,-0.0264129507741046,0.071373669826676,0.0,0.0034675566551539,-0.1073569143905933,0.1118984960082182,249,0.3350045222236358,0.0034675566551539,0.2192554103988116,SHAP_content
0.1173905724252207,0.0919646444430726,0.0678199968610741,0.0,0.0040187640564517,-0.1044506787473925,0.1062355815118368,1056,0.2771752137293675,0.0040187640564517,0.2106862602592293,SHAP_content
-0.0255253432999966,-0.009103761673841,0.0447030829451362,0.0,0.0032961240911208,-0.0954033106852118,0.0690468515555633,2683,0.0793321879189739,0.0032961240911208,0.1644501622407752,SHAP_spat
0.1948554216409457,0.0021124412451134,0.0695413747418331,0.0,0.0027920561997796,-0.1072859986618715,0.1089561191278445,1346,0.2665092376278923,0.0027920561997796,0.2162421177897161,SHAP_content
-0.1194099830247256,-0.0630879847844136,-0.0447585523284063,0.0,-0.0023015307170291,0.0703103391246498,-0.066623866330789,4297,0.2272565201375456,0.0023015307170291,0.1369342054554389,SHAP_content
-0.1805746663250243,0.0077853819664056,-0.0508977314865168,0.0,-0.002570295758138,0.0765361259958391,-0.0761510429893738,2366,0.2392577797779468,0.002570295758138,0.1526871689852129,SHAP_content
-0.1585702133431902,-0.0149048118340615,-0.0504911311935685,0.0,-0.0025530377090302,0.0762060036069366,-0.0755550864227708,3950,0.2239661563708203,0.0025530377090302,0.1517610900297075,SHAP_content
-0.1475011151457656,-0.0278209478446682,-0.049287640607526,0.0,-0.0025008099829525,0.0750383697052412,-0.0738000802844943,2591,0.2246097035979598,0.0025008099829525,0.1488384499897356,SHAP_content
-0.130706245803325,-0.0483655088285632,-0.0469739111839047,0.0,-0.0024023580975337,0.0728117559706803,-0.0702342255921711,3653,0.226045665815793,0.0024023580975337,0.1430459815628515,SHAP_content
-0.1712362547193908,0.0273648540893778,0.0263406581901379,0.0,0.0024396459300292,-0.0646917118080106,0.0405130738416461,355,0.2249417669989067,0.0024396459300292,0.1052047856496568,SHAP_content
0.1214891296979717,-0.0632266094996326,0.0582779678521638,0.0,0.0027768080894475,-0.1072177386198717,0.0908474008686058,744,0.2429937070497681,0.0027768080894475,0.1980651394884775,SHAP_content
-0.1243109810916606,-0.0513016967145883,-0.049484094458513,0.0,-0.002522849120498,0.0761462572651581,-0.0740112346333893,3097,0.225096772264762,0.002522849120498,0.1501574918985475,SHAP_content
-0.1356984342835946,-0.0420052424369205,-0.0478520052877826,0.0,-0.0024410303467315,0.0737340237397138,-0.071606123198391,2541,0.2255556820082978,0.0024410303467315,0.1453401469381049,SHAP_content
-0.2384853857384671,0.0622872192246826,-0.0530889055819127,0.0,-0.0026953665177452,0.0774749189734999,-0.0701453827922923,3012,0.3538615105450626,0.0026953665177452,0.1476203017657922,SHAP_content
0.2311658517344033,0.0815732470407216,0.0747607579157865,0.0,0.0040132946266016,-0.1018787178521599,0.1190969056572982,844,0.3874998566909115,0.0040132946266016,0.2209756235094581,SHAP_content
0.2264326515742862,0.0704218194703317,0.0743402636048041,0.0,0.005186155287803,-0.1027314491920278,0.118059459732091,723,0.3711947346494221,0.005186155287803,0.2207909089241189,SHAP_content
-0.0962797001466769,-0.0814333647543832,-0.0483763509515184,0.0,-0.0024778831679161,0.0753408102778662,-0.0718060921336116,2228,0.2260894158525787,0.0024778831679161,0.1471469024114779,SHAP_content
-0.06577741123936,-0.0586177782417607,0.0325580284875525,0.0,0.0021549445093468,-0.076969666845806,0.0501571955302144,1976,0.1569532179686733,0.0021549445093468,0.1271268623760205,SHAP_content
-0.1336668022964728,-0.0441113337484534,-0.0478742743611557,0.0,-0.0024434685889652,0.0738746252177824,-0.071636523555365,2955,0.225652410406082,0.0024434685889652,0.1455111487731474,SHAP_content
0.1570360759591382,0.5596029304571776,0.0332002080015506,0.0,0.0008653964779253,-0.0453617700377253,0.0570049033940176,244,0.7498392144178663,0.0008653964779253,0.1023666734317429,SHAP_content
-0.1197532015751636,-0.0625119911460742,-0.0449402969152388,0.0,-0.0023103606904936,0.0705561679086251,-0.0669107588236043,2214,0.2272054896364768,0.0023103606904936,0.1374669267322295,SHAP_content
0.2889864760139313,0.121471190145379,0.07595527873775,0.0,0.0026916935245978,-0.0955112474050909,0.1244284317000246,1298,0.4864129448970603,0.0026916935245978,0.2199396791051156,SHAP_content
0.2572432298704863,0.1662143422654093,0.0749285040916713,0.0,0.003002493365001,-0.0939216682107195,0.1235130736289024,717,0.498386076227567,0.003002493365001,0.217434741839622,SHAP_content
0.1903128813345848,-0.2334135872929692,0.0530974455764,0.0,0.0021756703473944,-0.0938275407195708,0.0803150444388847,3648,0.4768239142039542,0.0021756703473944,0.1741425851584555,SHAP_content
0.2026977343691013,-0.251637660769501,0.0513729010235238,0.0,0.0032896865338918,-0.0936150401812082,0.0799662625832981,392,0.5057082961621262,0.0032896865338918,0.1735813027645064,SHAP_content
0.1301422604807612,0.0179680153339611,0.0647298224753885,0.0,0.0015886626900489,-0.1070571170832549,0.1010300138888664,1746,0.2128400982901109,0.0015886626900489,0.2080871309721214,SHAP_content
-0.104196296475423,-0.0737946833475053,-0.0481515270831581,0.0,-0.0024673618713878,0.0750191640331538,-0.0716694425329284,3292,0.2261425069060865,0.0024673618713878,0.1466886065660823,SHAP_content
-0.1236823117480864,-0.0575353366105745,-0.0455738634436884,0.0,-0.0023387754627277,0.0712467227658431,-0.0679884841158914,4523,0.2267915118023493,0.0023387754627277,0.1392352068817345,SHAP_content
0.2498234128455266,0.0376870563239712,0.0745744508672372,0.0,0.0023974359405694,-0.1038309130242159,0.1181213446434929,1258,0.3620849200367352,0.0023974359405694,0.2219522576677089,SHAP_content
-0.1272704947125338,-0.0528964650927004,-0.0462394086096567,0.0,-0.0023687791949048,0.0719827947215903,-0.0690798757084774,2988,0.2264063684148911,0.0023687791949048,0.1410626704300678,SHAP_content
-0.1468448071813529,-0.0286108108690565,-0.0492112710698187,0.0,-0.0024975934159918,0.074964680849409,-0.0736724259117664,3106,0.2246668891202281,0.0024975934159918,0.1486371067611754,SHAP_content
-0.0396065591764464,0.0738615442930066,0.0502686233122395,0.0,0.0017176023850417,-0.0989932616421937,0.0777191262614855,85,0.1637367267816927,0.0017176023850417,0.1767123879036792,SHAP_spat
0.260945622082923,0.0572048546620539,0.0755456043812907,0.0,0.003537167005023,-0.102019812724867,0.1204183435746638,746,0.3936960811262677,0.003537167005023,0.2224381562995309,SHAP_content
0.1021045316846436,0.4194180487487126,0.063597445606252,0.0,0.003455247355546,-0.0766094341506325,0.1097181655647367,1180,0.5851200260396083,0.003455247355546,0.1863275997153692,SHAP_content
-0.0190934723724001,-0.1196037919669648,-0.0659399023865165,0.0,-0.0032275230956326,0.0945198064337817,-0.0998483587938088,3964,0.2046371667258815,0.0032275230956326,0.1943681652275906,SHAP_content
-0.0713822215970523,0.129722578631087,0.0511088285763204,0.0,0.0029481434738028,-0.0977754491915896,0.0790217921225006,1315,0.2522136288044599,0.0029481434738028,0.1767972413140902,SHAP_content
-0.1277632241047168,-0.0449389057735483,-0.0511785066388165,0.0,-0.0025989308597975,0.077992018657569,-0.0766617176170188,2090,0.2238806365170817,0.0025989308597975,0.1546537362745878,SHAP_content
0.1839720720827484,-0.0297893218075057,0.0669165222519028,0.0,0.0041334042138145,-0.1083766743484088,0.1045879110332501,1101,0.2806779161421571,0.0041334042138145,0.212964585381659,SHAP_content
0.1230307675452258,0.0198054372703933,0.0642890329007826,0.0,0.0035040836915491,-0.1068689384250028,0.1002978634764151,912,0.2071252377164017,0.0035040836915491,0.207166801901418,SHAP_spat
0.1828565357766353,-0.1712589648173597,0.0608358090186254,0.0,0.0020965708293045,-0.058745969411722,0.0801075737010217,3435,0.4149513096126205,0.0020965708293045,0.1388535431127437,SHAP_content
0.2142048094086277,0.3559148615592867,0.0627379406896634,0.0,0.0028419793722765,-0.0767119314428538,0.1111145094754928,962,0.6328576116575779,0.0028419793722765,0.1878264409183467,SHAP_content
0.2492755033910931,0.1174481451958282,0.0756461632614528,0.0,0.0036853337884662,-0.0983960436109487,0.1222091080770221,554,0.4423698118483743,0.0036853337884662,0.2206051516879708,SHAP_content
0.1831010637545754,-0.0299133442189453,0.0668159022252477,0.0,0.0038486694557324,-0.1083760992607463,0.1044213790970433,265,0.2798303101987686,0.0038486694557324,0.2127974783577896,SHAP_content
-0.1273195000590584,-0.0528193714151564,-0.0462616700094366,0.0,-0.0023698997586981,0.072011619180057,-0.0691132616368386,3029,0.2264005414836516,0.0023698997586981,0.1411248808168957,SHAP_content
-0.1210404948007443,-0.0557085697180579,-0.048786753839311,0.0,-0.0024919660033547,0.075423668647534,-0.0729382269853566,2428,0.2255358183581132,0.0024919660033547,0.1483618956328906,SHAP_content
-0.1348493433804806,-0.0391533329493202,-0.050387954062501,0.0,-0.0025588058023486,0.0768544227252366,-0.0754511637590743,3051,0.2243906303923019,0.0025588058023486,0.152305586484311,SHAP_content
-0.1831635081733721,0.0115965240045225,-0.0518304315347578,0.0,-0.0026174165697512,0.0776466470561365,-0.0775040433795859,4588,0.2465904637126524,0.0026174165697512,0.1551506904357225,SHAP_content
-0.1229225307278981,-0.0580322462663599,-0.0458419966485016,0.0,-0.0023524928431368,0.0716692879306653,-0.0683856149157488,3086,0.2267967736427597,0.0023524928431368,0.1400549028464142,SHAP_content
-0.1690252308129058,-0.0034418472999182,-0.051120995747459,0.0,-0.0025809901136338,0.0767656229198759,-0.076467519982366,2557,0.2235880738602832,0.0025809901136338,0.153233142902242,SHAP_content
-0.1145788142713878,-0.0304198644776924,-0.063785938907662,0.0,-0.0031385364498911,0.0910140492427143,-0.0964300967098121,3139,0.2087846176567424,0.0031385364498911,0.1874441459525264,SHAP_content
-0.1329582513679626,-0.0456439574346947,-0.0472359502983608,0.0,-0.0024129928068114,0.0730353447377734,-0.0706564129140878,2069,0.2258381591010181,0.0024129928068114,0.1436917576518613,SHAP_content
0.0573011922073095,-0.0093349599019962,0.0551581555282374,0.0,0.0025564611316019,-0.1043857752168879,0.0856863618147019,106,0.1217943076375431,0.0025564611316019,0.1900721370315899,SHAP_spat
-0.1978809703560698,0.0280227153116902,-0.0528607497045312,0.0,-0.0026790581104981,0.0789945389706439,-0.0790498010817744,3602,0.2787644353722913,0.0026790581104981,0.1580443400524184,SHAP_content
0.0378627829015604,-0.0311890103691466,0.0513270865617041,0.0,0.0049622158100453,-0.1002292690920461,0.0791714681278482,2007,0.1203788798324113,0.0049622158100453,0.1794007372198944,SHAP_spat
0.1818157346344807,-0.1026855168885029,0.0619101149599573,0.0,0.0047210270601858,-0.1091511815503693,0.0966368835989124,437,0.3464113664829411,0.0047210270601858,0.2057880651492817,SHAP_content
0.055607955183431,-0.0501664556517647,0.051682782912327,0.0,0.0042715193354969,-0.1028061442258936,0.0803136955074814,1800,0.1574571937475227,0.0042715193354969,0.183119839733375,SHAP_spat
-0.1249600130085083,0.0546130853735121,0.0372670182128407,0.0,0.0030311137245891,-0.0850550510629923,0.0573126655496812,2235,0.2168401165948612,0.0030311137245891,0.1423677166126736,SHAP_content
-0.112276808642748,-0.071642612715501,-0.0439259548076557,0.0,-0.0022639628514279,0.0693908776981113,-0.0651427126572689,3543,0.2278453761659048,0.0022639628514279,0.1345335903553802,SHAP_content
-0.0750990220779215,0.0166810072454326,0.0402544371191917,0.0,0.0024574298448045,-0.0895521995668859,0.0619642213378168,3062,0.1320344664425459,0.0024574298448045,0.1515164209047028,SHAP_spat
-0.0140230186532695,-0.0885674702674507,0.0376993086427376,0.0,0.0027688251197868,-0.0858737869166712,0.0583381846658412,2212,0.1402897975634579,0.0027688251197868,0.1442119715825125,SHAP_spat
-0.1324112428826724,-0.0463259702977422,-0.0471436133192595,0.0,-0.0024089288178977,0.0729429441513192,-0.0705254089018959,2441,0.2258808264996742,0.0024089288178977,0.1434683530532151,SHAP_content
0.1462952116481664,-0.1619074505237999,0.053234627489108,0.0,0.0039965374033763,-0.1047088723934959,0.0831082159411527,4572,0.3614372896610743,0.0039965374033763,0.1878170883346486,SHAP_content
0.1165206689612442,0.0117042560806214,0.0632429282334109,0.0,0.0051557539393142,-0.106943003673099,0.098612754094839,170,0.1914678532752765,0.0051557539393142,0.205555757767938,SHAP_spat
-0.0897541201478711,-0.0854965456570894,-0.0498979369390593,0.0,-0.0025473541328143,0.0771673201171368,-0.0739750760615719,4139,0.2251486027440199,0.0025473541328143,0.1511423961787087,SHAP_content
0.1517019293555797,-0.2117565767183162,-0.0905626063632747,0.0,0.0028035553174012,-0.0663488879566518,0.0543125154375209,4431,0.4540211124371707,0.0028035553174012,0.1206614033941727,SHAP_content
0.1058137211598098,-0.0574681640700817,0.0570227934880853,0.0,0.0035597009857745,-0.1064590221859285,0.0888304944783826,1985,0.220304678717977,0.0035597009857745,0.1952895166643112,SHAP_content
-0.2725581496905738,0.1316257742298075,0.0260121377701078,0.0,0.0017728023893048,-0.0639880879897386,0.040669427392343,1371,0.4301960616904892,0.0017728023893048,0.1046575153820816,SHAP_content
0.0190872078243993,-0.0692172281952522,0.0450159718508603,0.0,0.0038883007137216,-0.0962674897437504,0.0697742964235538,2122,0.1333204078705119,0.0038883007137216,0.1660417861673043,SHAP_spat
-0.0953294872334799,-0.083701321239086,-0.0475760282372017,0.0,-0.0024406762628459,0.0743571851373765,-0.0704892555468402,3401,0.2266068367097678,0.0024406762628459,0.1448464406842167,SHAP_content
0.2592763627390781,-0.0220805253850845,0.0730956618906172,0.0,0.0041831034148574,-0.10644615236835,0.1148776076883443,1676,0.3544525500147798,0.0041831034148574,0.2213237600566944,SHAP_content
-0.1269051118837533,-0.0236519609384725,-0.0615785677435779,0.0,-0.0030454518863783,0.0885375150677849,-0.0927907442169954,3730,0.2121356405658038,0.0030454518863783,0.1813282592847804,SHAP_content
0.0318277071841606,-0.1426869735009449,-0.07428090693449,0.0,-0.0035645577018707,0.1023015672201804,-0.1144876346164174,4551,0.2487955876195955,0.0035645577018707,0.2167892018365978,SHAP_content
-0.0766234478930572,-0.0614738689179976,0.0302719594118211,0.0,0.0029652578082979,-0.0722238232411187,0.0465947348422218,1158,0.1683692762228761,0.0029652578082979,0.1188185580833406,SHAP_content
0.2205212913129981,0.5155264231890445,0.030642094627722,0.0,0.001208013942538,-0.045535381212564,0.0516672202981527,1127,0.7666898091297647,0.001208013942538,0.0972026015107168,SHAP_content
-0.0708522926860071,-0.0302936041343723,0.0353329338960814,0.0,0.0014222332442208,-0.0822068050266499,0.0543708886070388,2057,0.1364788307164608,0.0014222332442208,0.1365776936336887,SHAP_spat
-0.1206510809752955,-0.0612360527369964,-0.0452054197540907,0.0,-0.0023228195441877,0.070889819728591,-0.0673437780910346,4507,0.2270925534663827,0.0023228195441877,0.1382335978196256,SHAP_content
-0.1192813809026345,-0.0584784214116641,-0.0481532151289562,0.0,-0.0024629971253501,0.074706102379436,-0.0719417746484409,4177,0.2259130174432548,0.0024629971253501,0.1466478770278769,SHAP_content
-0.1043617743542109,-0.0702213826908202,-0.0501777533097562,0.0,-0.0025603550678043,0.0773809647239866,-0.0748399664484925,2058,0.2247609103547874,0.0025603550678043,0.1522209311724792,SHAP_content
-0.1196221607904287,-0.0628790299303151,-0.0447372734575123,0.0,-0.0023001404749912,0.0702667987585393,-0.0666003160681097,2355,0.2272384641782561,0.0023001404749912,0.1368671148266491,SHAP_content
-0.281214683074897,0.1013438554810491,-0.0468995797103663,0.0,-0.0024250963023944,0.0721434825856091,-0.0688197330324217,3711,0.4294581182663126,0.0024250963023944,0.1409632156180308,SHAP_content
-0.0352885034762987,0.1341285957303342,0.0554066863008921,0.0,0.0019152279113558,-0.1000348777863779,0.0858224917118193,2904,0.224823785507525,0.0019152279113558,0.1858573694981973,SHAP_content
0.1674191200625211,-0.0958988276203364,0.0608183291913097,0.0,0.0032832926144742,-0.1087528246694953,0.0949212719707832,826,0.3241362768741673,0.0032832926144742,0.2036740966402785,SHAP_content
-0.1194772908264803,-0.0628665375372387,-0.0448932165291071,0.0,-0.0023082030594755,0.0705017626270702,-0.0668268504583744,3838,0.2272370448928262,0.0023082030594755,0.1373286130854446,SHAP_content
0.0719994400178386,-0.1234668924090598,0.0471245394975271,0.0,0.0042729823572552,-0.0985885996894768,0.0733299138708523,3286,0.2425908719244256,0.0042729823572552,0.1719185135603292,SHAP_content
-0.0873881650760116,-0.0900557491790017,-0.048602608589065,0.0,-0.0024876022676403,0.0756161172291286,-0.0718761265912869,4215,0.2260465228440784,0.0024876022676403,0.1474922438204156,SHAP_content
-0.0469322075857876,-0.0915878368800293,-0.0686649513103669,0.0,-0.0033474002562021,0.0953086865444742,-0.095433198596244,4652,0.2071849957761838,0.0033474002562021,0.1907418851407182,SHAP_content
-0.0551059203841745,0.1991943949619941,0.0576298002027223,0.0,0.0025315363968072,-0.0979764434328244,0.089417300327578,284,0.3119301155488909,0.0025315363968072,0.1873937437604024,SHAP_content
0.0686147050188108,0.5397878807886336,0.0507508608271244,0.0,0.0023723032272515,-0.0598839061867318,0.0910483399900659,95,0.6591534466345689,0.0023723032272515,0.1509322461767978,SHAP_content
-0.0552936219458588,-0.0862691238105508,-0.0650867662927776,0.0,-0.0031993859264126,0.0937621177393528,-0.098683675351857,4487,0.2066495120491873,0.0031993859264126,0.1924457930912098,SHAP_content
-0.0406426604459357,-0.0965043268119622,-0.0666353426457693,0.0,-0.003261608138557,0.0954040680380832,-0.1012681262056459,2664,0.2037823299036673,0.003261608138557,0.1966721942437292,SHAP_content
-0.097446846934268,-0.0731942132529341,-0.0523701110384993,0.0,-0.0026591958543242,0.0799255045075749,-0.0781453650652517,3442,0.2230111712257014,0.0026591958543242,0.1580708695728266,SHAP_content
-0.1063696210897486,-0.0595989377546533,-0.0547408370471797,0.0,-0.0027622924636618,0.0822731089917877,-0.0819706388959252,3906,0.2207093958915817,0.0027622924636618,0.1642437478877129,SHAP_content
0.0185303090082862,-0.1484594755379616,-0.0709718860209468,0.0,-0.0034279140158986,0.0967357039199734,-0.0985704908522468,4615,0.2379616705671947,0.0034279140158986,0.1953061947722202,SHAP_content
-0.125245363064334,-0.055104627499145,-0.0462135946418154,0.0,-0.0023691693190286,0.0720682350437995,-0.0690022476228831,2649,0.2265635852052944,0.0023691693190286,0.1410704826666827,SHAP_content
-0.1290499418520548,-0.0506109115596542,-0.0465627686551035,0.0,-0.002383250143425,0.0723311629269493,-0.0695965179916037,3197,0.2262236220668126,0.002383250143425,0.1419276809185531,SHAP_content
-0.1496163274803558,-0.0253255378373222,-0.0495295353261556,0.0,-0.0025110323388543,0.0752629752620644,-0.0741527590150683,2931,0.2244714006438336,0.0025110323388543,0.1494157342771327,SHAP_content
0.1716537903828444,0.016341503687332,0.0683814614367002,0.0,0.0024450930195269,-0.1070701871704229,0.1070475147069591,1431,0.2563767555068768,0.0024450930195269,0.2141177018773821,SHAP_content
-0.1245106148017463,-0.0564736647465056,-0.0457170940567246,0.0,-0.0023451581217568,0.0714033885056271,-0.0682290780501932,4008,0.2267013736049766,0.0023451581217568,0.1396324665558203,SHAP_content
-0.137429517905766,-0.0398282464938858,-0.0481405937157555,0.0,-0.0024535968759527,0.0740295804823656,-0.0720455780839213,3763,0.2253983581154074,0.0024535968759527,0.146075158566287,SHAP_content
-0.1058597919279698,-0.0737747358042796,-0.0470912790557175,0.0,-0.0024174723721718,0.0737034775199149,-0.0700482697820264,2280,0.2267258067879671,0.0024174723721718,0.1437517473019414,SHAP_content
-0.1946166784043807,0.233820888742663,0.0460413027843309,0.0,0.0039228824563727,-0.0909413450766002,0.0713497691815218,3762,0.4744788699313748,0.0039228824563727,0.162291114258122,SHAP_content
-0.1130971979764342,-0.0383461162945271,-0.0660297137447244,0.0,0.0008488498750304,-0.0155222116137572,0.0133304505100809,1440,0.2174730280156858,0.0008488498750304,0.0288526621238382,SHAP_content
-0.1373349290180804,-0.0401576966839802,-0.0479254197901229,0.0,-0.00244288560646,0.0737326336815225,-0.0717439292201696,2521,0.2254180454921836,0.00244288560646,0.1454765629016921,SHAP_content
-0.2458213021738493,0.0702273498311389,-0.0496003145735479,0.0,-0.0025516096210148,0.0755912322133386,-0.0737175770984728,3942,0.3656489665785363,0.0025516096210148,0.1493088093118115,SHAP_content
0.1831046267270046,-0.0995832101084452,0.0622245544710804,0.0,0.0041329661518793,-0.1091962077008669,0.0971273226414243,3613,0.3449123913065304,0.0041329661518793,0.2063235303422913,SHAP_content
-0.1407339361833623,-0.035220702566772,-0.0490278612879963,0.0,-0.0024935205017692,0.0750379116564845,-0.073409226514168,2187,0.2249825000381308,0.0024935205017692,0.1484471381706525,SHAP_content
0.0771049458053752,-0.1211290369053315,0.0480082193709436,0.0,0.0040844303262346,-0.0998494204506006,0.0747838870531479,3970,0.2462422020816504,0.0040844303262346,0.1746333075037486,SHAP_content
0.0502836430142246,-0.0225203479580113,0.0531552630499937,0.0,0.0014881407461433,-0.1034606486341457,0.0825618493898095,1284,0.1259592540222296,0.0014881407461433,0.1860224980239552,SHAP_spat
-0.0770075141669798,-0.0742480167369536,-0.0616575944203505,0.0,-0.0024553411327927,0.0899373841765955,-0.0927571436859144,3545,0.212913125324284,0.0024553411327927,0.18269452786251,SHAP_content
0.0749658947256102,-0.1653499755123354,0.0467800568917927,0.0,-0.0055986906059228,0.1205550204300163,-0.0803373286868121,3237,0.2870959271297383,0.0055986906059228,0.2008923491168284,SHAP_content
-0.0299719543737107,-0.0106236041189085,0.043941181137151,0.0,0.0032382792258815,-0.0943557304479295,0.0678001796716412,2003,0.0845367396297703,0.0032382792258815,0.1621559101195708,SHAP_spat
0.1000996511533109,-0.0297009658479074,0.0585441624217225,0.0,0.0039755727153618,-0.1066348065104059,0.0911696290511383,1250,0.188344779422941,0.0039755727153618,0.1978044355615443,SHAP_spat
0.1162516097709714,0.0449071048896024,0.0651999402799229,0.0,0.0040090989814957,-0.1061934425089476,0.1017882280470162,1954,0.2263586549404969,0.0040090989814957,0.2079816705559639,SHAP_content
-0.1409235717663586,-0.0330215255175573,-0.0503890877874927,0.0,-0.0025558147331175,0.076638663410209,-0.075426423346866,2153,0.2243341850714088,0.0025558147331175,0.1520650867570751,SHAP_content
-0.1284083914020523,-0.0449222457364719,-0.0508434027551384,0.0,-0.0025833786041849,0.0775862516816529,-0.0760926932949131,3764,0.2241740398936626,0.0025833786041849,0.153678944976566,SHAP_content
-0.1320606621683892,-0.0467665901931449,-0.0470879237597715,0.0,-0.0024065149580333,0.07288660912668,-0.0704370974706696,2239,0.2259151761213057,0.0024065149580333,0.1433237065973497,SHAP_content
-0.1154972378787763,-0.0678552829123828,-0.0442681126625774,0.0,-0.0022793646205688,0.0697865857345561,-0.0657541316558505,3378,0.2276206334537366,0.0022793646205688,0.1355407173904067,SHAP_content
0.045071243233437,-0.1423105704920169,-0.0779292460250047,0.0,-0.0033887052604445,0.1058709077928723,-0.1209942348433606,4156,0.2653110597504587,0.0033887052604445,0.2268651426362329,SHAP_content
0.2027797309439872,0.0757094402618148,0.0731540856023862,0.0,0.0033160101844483,-0.1034465530543898,0.1157585623229617,1256,0.3516432568081883,0.0033160101844483,0.2192051153773516,SHAP_content
0.0669468186908098,0.000520343560809,0.0570300613863031,0.0,0.0025454862554927,-0.1052076511049214,0.0886561348892879,55,0.124497223637922,0.0025454862554927,0.1938637859942093,SHAP_spat
0.0753657147524134,-0.1004101811826287,0.0496735882338816,0.0,0.0036699480697834,-0.101527474536507,0.0773342308281355,482,0.2254494841689238,0.0036699480697834,0.1788617053646425,SHAP_content
-0.0893668242399146,0.0946297115623783,0.0460282608221259,0.0,0.0030538231857404,-0.0948232329203908,0.0710246485728576,43,0.230024796624419,0.0030538231857404,0.1658478814932484,SHAP_content
-0.1091035797290763,-0.0473965517578016,-0.0591101238757418,0.0,-0.0029472914982782,0.0866167964294242,-0.0889027763961465,3555,0.2156102553626198,0.0029472914982782,0.1755195728255707,SHAP_content
-0.1328832390277536,-0.0434320217261817,-0.048906205919066,0.0,-0.0024917183814129,0.0751455374535968,-0.0731976743612352,4299,0.2252214666730014,0.0024917183814129,0.1483432118148321,SHAP_content
-0.162185179504196,-0.008570189968062,-0.0523048947794595,0.0,-0.0026379326160288,0.0783562881102309,-0.0782416528708842,3767,0.2230602642517176,0.0026379326160288,0.1565979409811151,SHAP_content
0.2413283990350452,-0.0030299107667576,0.0726886857374364,0.0,0.0031511402901595,-0.1063033023074132,0.1143066915236005,1821,0.3170469955392393,0.0031511402901595,0.2206099938310138,SHAP_content
0.2676830590905535,0.0833265505186161,0.0760553319095488,0.0,0.0041058751947019,-0.0998147564740192,0.1222580502560449,1543,0.4270649415187186,0.0041058751947019,0.2220728067300642,SHAP_content
0.2065344306240573,0.0287757679303458,0.0716861090515399,0.0,0.0032546624720147,-0.1058584509681787,0.1127369445884872,320,0.3069963076059431,0.0032546624720147,0.218595395556666,SHAP_content
0.2216149085958246,-0.0652029990731611,0.0680394829514428,0.0,0.0035350718861544,-0.1090446212948314,0.106336686306188,1341,0.3548573906204286,0.0035350718861544,0.2153813076010194,SHAP_content
-0.1008934539069172,-0.0769056286749887,-0.0482936895789031,0.0,-0.0024741329705821,0.0752176754291896,-0.0718051935453384,2134,0.2260927721608091,0.0024741329705821,0.147022868974528,SHAP_content
-0.130820090810226,-0.0438930133812176,-0.0499806593133439,0.0,-0.0025422475955355,0.0765142539403586,-0.074817854526971,2802,0.2246937635047876,0.0025422475955355,0.1513321084673297,SHAP_content
-0.1438640413988207,-0.0352647792811967,-0.0625871036589936,0.0,-0.0002244260287931,0.0183255998195654,-0.0001029589655909,3089,0.2417159243390111,0.0002244260287931,0.0184285587851564,SHAP_content
0.1512136005206059,-0.2186530158940606,-0.0947691665445115,0.0,-0.0044334358712013,-0.0285658047143189,0.044198193279542,4677,0.464635782959178,0.0044334358712013,0.0727639979938609,SHAP_content
-0.0271413770657045,-0.0991868097301668,-0.0711782640003172,0.0,-0.0019435006060428,0.099532918784195,-0.1072385831480137,2478,0.1975064507961886,0.0019435006060428,0.2067715019322088,SHAP_spat
-0.1287527282385748,-0.0508371032670711,-0.0466489960271982,0.0,-0.0023880363066988,0.0724753854045181,-0.0697188450053852,2257,0.2262388275328441,0.0023880363066988,0.1421942304099033,SHAP_content
-0.1137565163901901,-0.032340633051457,0.016666560840638,0.0,-0.0036552570311141,0.1176318839900746,-0.1417271846560038,4326,0.1627637102822853,0.0036552570311141,0.2593590686460784,SHAP_spat
0.2474279083305139,-0.0011669597002558,0.0731651327686714,0.0,0.003448584061012,-0.1060013274399822,0.1151661614077152,1437,0.3217600007994411,0.003448584061012,0.2211674888476974,SHAP_content
0.1989825691568562,-0.2438101859561361,0.0534425653202405,0.0,0.0042646574140604,-0.0932945386238613,0.0806376354560914,4217,0.4962353204332329,0.0042646574140604,0.1739321740799527,SHAP_content
-0.1234247493527758,-0.0555776885158176,-0.0472288898775396,0.0,-0.0024178803289475,0.0734029133299615,-0.0705534151315721,2442,0.2262313277461331,0.0024178803289475,0.1439563284615337,SHAP_content
-0.1067260192470603,-0.0735024619784854,-0.0466940802300472,0.0,-0.0023984218708227,0.0731879417140904,-0.0694327858155554,2255,0.226922561455593,0.0023984218708227,0.1426207275296458,SHAP_content
-0.0133594519796097,-0.0718889001435485,0.0398784721497644,0.0,0.003659112329469,-0.0893067019794031,0.0616450440927731,237,0.1251268242729226,0.003659112329469,0.1509517460721763,SHAP_spat
0.1464087873493659,-0.2099469736796313,-0.0904157260653749,0.0,0.0024642205036467,-0.0685105837692198,0.0539867342864091,1797,0.4467714870943721,0.0024642205036467,0.1224973180556289,SHAP_content
0.2650001247270121,0.2185964920380284,0.0723165992200465,0.0,0.0017557131173191,-0.0884427346071582,0.1224610647276152,1809,0.5559132159850871,0.0017557131173191,0.2109037993347735,SHAP_content
-0.0351803753656287,0.0265767301916294,0.0467909636351577,0.0,0.0031024760252267,-0.0971036931526473,0.0722818420026279,1003,0.1085480691924158,0.0031024760252267,0.1693855351552753,SHAP_spat
-0.1334932771607764,-0.0328849385450871,-0.0545528573910748,0.0,-0.0027465630281769,0.0814235893246693,-0.0817818256715215,3859,0.2209310730969384,0.0027465630281769,0.1632054149961909,SHAP_content
-0.0314817419240596,-0.0718903406388446,0.0296421939155887,0.0,-0.0018147575002677,0.1307680646687856,-0.144213029048362,4544,0.1330142764784929,0.0018147575002677,0.2749810937171477,SHAP_spat
-0.1218575006671616,-0.0564426023501086,-0.0477571887088864,0.0,-0.002443016626297,0.0741163534201796,-0.0713367118087882,2393,0.2260572917261568,0.002443016626297,0.1454530652289679,SHAP_content
-0.1779275535428507,0.0086032051693655,-0.0531424310758307,0.0,-0.0026801461718859,0.07920564112387,-0.0794774774626492,3010,0.239673189788047,0.0026801461718859,0.1586831185865193,SHAP_content
-0.100683663875755,-0.0712575357611703,-0.0516626518075803,0.0,-0.002627488542166,0.0790966902223145,-0.0770912657844831,4068,0.2236038514445057,0.002627488542166,0.1561879560067977,SHAP_content
0.20526727509518,-0.136838694918201,0.0617451881277455,0.0,0.0038318763466261,-0.1095208667198151,0.0963755055880883,1076,0.4038511581411265,0.0038318763466261,0.2058963723079035,SHAP_content
-0.1388768272081315,-0.0382384762305369,-0.0481832740151455,0.0,-0.0024543078044066,0.0740118051924594,-0.0721311485310455,4108,0.225298577453814,0.0024543078044066,0.146142953723505,SHAP_content
-0.2091510800608129,0.0386535960395203,-0.0525993441302846,0.0,-0.0026749867515598,0.0787760956645399,-0.0784138068536189,3855,0.300404020230618,0.0026749867515598,0.1571899025181589,SHAP_content
0.0099254916722938,-0.1320418441489525,-0.071949552830687,0.0,-0.0029303970193207,0.0997656063614476,-0.1079072541464103,3412,0.2139168886519333,0.0029303970193207,0.207672860507858,SHAP_content
-0.0938282282574708,-0.0851753149548856,-0.0476005056624083,0.0,-0.0024417432976507,0.0743886488771841,-0.0704869177663053,3935,0.2266040488747648,0.0024417432976507,0.1448755666434895,SHAP_content
-0.1014628272206047,-0.0788992159671567,-0.0466618791106413,0.0,-0.0023977642465578,0.073203465645154,-0.0692464825601676,2505,0.2270239222984027,0.0023977642465578,0.1424499482053216,SHAP_content
0.2022373793356875,-0.0453125887855583,0.0675198063482719,0.0,0.0028485938186176,-0.108715996487589,0.1055399499636218,1199,0.3150697744695178,0.0028485938186176,0.2142559464512108,SHAP_content
0.1012153642968455,0.0211468049960828,0.0622997971928218,0.0,0.0044976460963568,-0.1064167821664446,0.0970525440034289,4411,0.1846619664857502,0.0044976460963568,0.2034693261698736,SHAP_spat
-0.1367469777183473,-0.0351619673705811,-0.0516242798278082,0.0,-0.0026146603370929,0.0782216369581789,-0.077337296353218,3904,0.2235332249167367,0.0026146603370929,0.1555589333113969,SHAP_content
-0.0808966207198606,0.0619607341174967,0.0439206821976453,0.0,0.0011194260401205,-0.0934481353820373,0.0677179793800497,300,0.1867780370350028,0.0011194260401205,0.1611661147620871,SHAP_content
-0.1640299751995833,-0.0066694685319646,-0.0546415181190875,0.0,-0.0022026969309597,0.0802525319893136,-0.0774973731800188,2898,0.2253409618506354,0.0022026969309597,0.1577499051693324,SHAP_content
-0.1471777884943864,-0.0282059670569915,-0.0492496254259139,0.0,-0.0024992112398825,0.0750026494240854,-0.0737422858032289,2507,0.2246333809772918,0.0024992112398825,0.1487449352273143,SHAP_content
0.1698154183713995,-0.1430422448204907,0.0575101899922124,0.0,0.0036924871783878,-0.1076167732154984,0.0897567767829232,942,0.3703678531841026,0.0036924871783878,0.1973735499984217,SHAP_content
-0.1058673004815488,-0.0666127394183718,-0.0513510642633294,0.0,-0.0026131100753746,0.0786698543718497,-0.0766958237026804,4071,0.2238311041632501,0.0026131100753746,0.1553656780745302,SHAP_content
-0.1832430320432,0.0122592435916852,-0.0521904684289302,0.0,-0.0026374350224511,0.0781105441638402,-0.0780671226083691,2370,0.2476927440638155,0.0026374350224511,0.1561776667722093,SHAP_content
0.233414295538846,0.0333932028043028,0.0735704718010294,0.0,0.0030390745565632,-0.1047380248443024,0.1161686880368115,1259,0.3403779701441783,0.0030390745565632,0.2209067128811139,SHAP_content
0.1277811302343964,-0.2025829404615774,-0.0904882143966096,0.0,-0.0042785322024716,-0.043184903374758,0.0458557062727149,4075,0.4208522850925835,0.0042785322024716,0.089040609647473,SHAP_content
0.1336618939870276,-0.2060288241494993,-0.0897998499457534,0.0,0.0007478527306912,-0.0568457980453967,0.0499622055012687,2522,0.4294905680822805,0.0007478527306912,0.1068080035466655,SHAP_content
-0.0599837324760456,-0.1012627525811446,-0.0570484600072911,0.0,-0.0028602021322169,0.0853739143363913,-0.0850826945044912,3956,0.2182949450644813,0.0028602021322169,0.1704566088408826,SHAP_content
-0.1358779128490941,-0.0406598956348761,-0.0486980827325736,0.0,-0.0024810549461324,0.0748076851810924,-0.0729163654015271,4042,0.225235891216544,0.0024810549461324,0.1477240505826196,SHAP_content
-0.1927215313681755,0.0339723456651625,0.0235981187470474,0.0,0.0026219478236527,-0.0585238082163013,0.0364864132994399,3156,0.2502919957803855,0.0026219478236527,0.0950102215157413,SHAP_content
-0.1723315010364884,0.0679710200982547,0.031814908607052,0.0,0.0021446989798907,-0.0760634733109571,0.048966918151461,463,0.2721174297417952,0.0021446989798907,0.1250303914624181,SHAP_content
-0.1194539145085999,-0.0292777545911304,-0.0671735085055406,0.0,0.0008443412385282,-0.0171012901403147,0.0140038020489037,5,0.2159051776052709,0.0008443412385282,0.0311050921892185,SHAP_content
-0.0984026752519994,-0.0196760216009247,0.0323531154876614,0.0,0.0032411560562814,-0.0762703856042881,0.0495600677228599,841,0.1504318123405857,0.0032411560562814,0.125830453327148,SHAP_content
0.1625825807015207,0.0997013050839111,0.0714765153731837,0.0,0.0039063032815824,-0.1032949295212965,0.1127850312180624,1868,0.3337604011586156,0.0039063032815824,0.216079960739359,SHAP_content
-0.0261606884210484,-0.0525249590302433,0.0399923013945491,0.0,0.0029060360115347,-0.0896005839245615,0.0617618512121374,326,0.1186779488458409,0.0029060360115347,0.1513624351366989,SHAP_spat
-0.112559960204891,-0.0722130754732817,-0.0432427068027767,0.0,-0.002230217530272,0.0684046191422436,-0.0640301948974551,4049,0.2280157424809495,0.002230217530272,0.1324348140396988,SHAP_content
-0.1102770459883928,-0.0661875932513524,-0.0490440725979424,0.0,-0.0025077783501186,0.0759905365220608,-0.0731929877680584,4207,0.2255087118376877,0.0025077783501186,0.1491835242901193,SHAP_content
-0.0693891636922906,-0.0962865865447717,-0.0549714761718851,0.0,-0.0027716054379928,0.0830736903344126,-0.0817883249719462,3208,0.2206472264089475,0.0027716054379928,0.1648620153063588,SHAP_content
-0.2091727716783748,0.037379479931578,-0.051640658387737,0.0,-0.0026156224224473,0.0774041783768803,-0.0772268344167073,4387,0.2981929099976899,0.0026156224224473,0.1546310127935876,SHAP_content
0.1417883428268754,-0.1888397800056475,0.0502197900205596,0.0,0.0033327392520128,-0.1018785020685943,0.0784819418846157,1464,0.3808479128530825,0.0033327392520128,0.18036044395321,SHAP_content
-0.3224114382839482,0.1407039603349215,-0.0471231194140472,0.0,0.0009305910174182,-0.0141081870248,0.0162416920640039,892,0.510238518032917,0.0009305910174182,0.030349879088804,SHAP_content
-0.1820583820277684,0.0097108909786806,-0.0512860410101773,0.0,-0.0025882232769285,0.0770747024315845,-0.0767251756921989,3131,0.2430553140166263,0.0025882232769285,0.1537998781237834,SHAP_content
-0.1043097840732032,-0.0690893439252409,-0.0508457804516624,0.0,-0.0025905599901257,0.078134824216195,-0.0758845039088177,2061,0.2242449084501065,0.0025905599901257,0.1540193281250128,SHAP_content
-0.13482266032974,-0.0428028884200145,-0.0479492291391288,0.0,-0.0024462261968088,0.0739188550833277,-0.0717595518585765,3201,0.2255747778888834,0.0024462261968088,0.1456784069419042,SHAP_content
0.2000591082840802,0.1189550829560321,0.074039024540748,0.0,0.0039940595236588,-0.1007837160543511,0.118131248710221,694,0.3930532157808604,0.0039940595236588,0.2189149647645721,SHAP_content
0.2588553156108117,0.0324432527692686,0.0749192458948878,0.0,0.0036332194701624,-0.1036724086978558,0.1187546745198268,387,0.3662178142749683,0.0036332194701624,0.2224270832176826,SHAP_content
-0.0622107655443274,-0.1031481425464963,-0.055122174802671,0.0,-0.0027766795781151,0.0832490330443508,-0.0819230061474575,2571,0.2204810828934948,0.0027766795781151,0.1651720391918083,SHAP_content
-0.1267005433052349,-0.0461200202356545,-0.0511110972096385,0.0,-0.0025963712225847,0.0779477549558119,-0.0765585801687556,3103,0.223931660750528,0.0025963712225847,0.1545063351245676,SHAP_content
-0.1234894045387783,-0.0578056592154645,-0.0455162929988247,0.0,-0.002335997716341,0.0711756740927052,-0.0679005445305314,4232,0.2268113567530676,0.002335997716341,0.1390762186232367,SHAP_content
-0.1214977751028021,-0.0603715282059579,-0.0451638596452008,0.0,-0.0023201467804573,0.0707807623179086,-0.0672992629339114,4658,0.2270331629539609,0.0023201467804573,0.1380800252518201,SHAP_content
-0.1095305394039073,-0.0568020185708355,-0.0545489295849664,0.0,-0.0027533412287859,0.0820040167363099,-0.0817176341144062,3333,0.2208814875597093,0.0027533412287859,0.1637216508507162,SHAP_content
0.1210595816828699,0.6246426011342634,0.022681784169766,0.0,0.0002844143309435,-0.0337315870955624,0.0391909771809111,603,0.7683839669868994,0.0002844143309435,0.0729225642764735,SHAP_content
0.0561313947821202,0.0467447726269357,0.0594777705586038,0.0,0.006030640842288,-0.1046632418255964,0.0924109934589097,842,0.1623539379676598,0.006030640842288,0.1970742352845061,SHAP_spat
0.0520367707348816,-0.0282932017632462,0.0531235980726893,0.0,0.0044184713568798,-0.103493473866754,0.0825157454566928,322,0.1334535705708172,0.0044184713568798,0.1860092193234468,SHAP_spat
0.1981527336741452,-0.2425845971795924,0.0548443455538812,0.0,0.0043872422015793,-0.078008995570559,0.0782793867932183,2747,0.495581676407619,0.0043872422015793,0.1562883823637774,SHAP_content
0.2398337356442476,-0.0305912483160558,0.0713874575028449,0.0,0.0041733939607956,-0.1075102718286229,0.1119258256367291,1867,0.3418124414631484,0.0041733939607956,0.2194360974653521,SHAP_content
0.0127572025481208,0.1011425489094558,0.0583847789195902,0.0,0.0030859515714767,-0.1025854408630843,0.0906135595779815,865,0.1722845303771669,0.0030859515714767,0.1931990004410658,SHAP_spat
-0.1316489960154615,-0.0472931616506626,-0.047014694137128,0.0,-0.00240326175523,0.072808830282962,-0.0703209452809679,3061,0.2259568518032522,0.00240326175523,0.14312977556393,SHAP_content
-0.15239579923127,-0.0220097643931405,-0.0498896857324542,0.0,-0.0025269754791045,0.0756313082432133,-0.0746792821479927,4089,0.2242952493568648,0.0025269754791045,0.150310590391206,SHAP_content
-0.044111140563082,-0.1094060966944609,-0.0603807904272835,0.0,-0.0029994254884706,0.0889034413488568,-0.090447879402926,4319,0.2138980276848265,0.0029994254884706,0.1793513207517829,SHAP_content
-0.1503077394422692,-0.0244940921817592,-0.0496307173141437,0.0,-0.0025156213270075,0.0753810088465864,-0.0743050671782121,2613,0.2244325489381723,0.0025156213270075,0.1496860760247986,SHAP_content
0.1945903047384625,-0.034661642257806,0.0772734488551103,0.0,-0.0038324308516189,0.0395981447797013,0.0586693088369437,4260,0.3065253958513789,0.0038324308516189,0.098267453616645,SHAP_content
0.035587829991291,-0.1102568549804518,0.0431412514679372,0.0,0.0035815507885085,-0.0938994780427435,0.0670276417142871,4438,0.1889859364396801,0.0035815507885085,0.1609271197570306,SHAP_content
-0.2390428688001964,0.0641922041348278,-0.0500152764685917,0.0,-0.0025689015452345,0.0760543063832279,-0.074491680897594,2563,0.353250349403616,0.0025689015452345,0.1505459872808219,SHAP_content
-0.0668319657341608,-0.0960624470700465,-0.056284422277177,0.0,-0.0028285097777131,0.084532631022315,-0.0839394866959165,3367,0.2191788350813843,0.0028285097777131,0.1684721177182316,SHAP_content
-0.0714602995876887,-0.0910431900938242,-0.0564704065640253,0.0,-0.0028374427462735,0.0847009391104381,-0.0842975143962411,2602,0.2189738962455383,0.0028374427462735,0.1689984535066793,SHAP_content
0.137854594643571,-0.1810115449656449,0.0503385410919424,0.0,0.0023094580618407,-0.1020367791203756,0.0786473476505678,1280,0.3692046807011583,0.0023094580618407,0.1806841267709435,SHAP_content
-0.1157284199040105,-0.0444232388465139,-0.0574895395169963,0.0,-0.0028775242549432,0.0848224108002523,-0.0863231925440966,3632,0.2176411982675209,0.0028775242549432,0.1711456033443489,SHAP_content
0.275866151503225,0.1997187756658787,0.0730492084232167,0.0,0.0020290819796045,-0.0894247367711073,0.1231889118267772,830,0.5486341355923205,0.0020290819796045,0.2126136485978846,SHAP_content
-0.1438364771726788,-0.0307337979063987,-0.0499343246861898,0.0,-0.0025341191830369,0.0760199662925495,-0.0747767718544484,3149,0.2245045997652675,0.0025341191830369,0.150796738146998,SHAP_content
-0.0450619113461064,-0.1025460311820621,-0.0627489812384961,0.0,-0.0030999604805645,0.0914220935845043,-0.0945835287001258,3799,0.2103569237666647,0.0030999604805645,0.1860056222846302,SHAP_content
0.1169408345700538,0.1471038123651056,0.0700674414413553,0.0,0.0046084279553974,-0.1015148293284637,0.1104755237784813,1904,0.3341120883765148,0.0046084279553974,0.2119903531069451,SHAP_content
0.1493822698260521,-0.0784664210696676,0.0602300489516302,0.0,0.0037038176238596,-0.1082674400479274,0.0939685087334949,455,0.28807873984735,0.0037038176238596,0.2022359487814223,SHAP_content
0.0479125834711735,0.1699356210039614,0.0656605376509316,0.0,0.0034672569657757,-0.1009218110412409,0.102685293066526,307,0.2835087421260667,0.0034672569657757,0.203607104107767,SHAP_content
-0.1169762737426896,-0.0654184465310004,-0.0449452177656935,0.0,-0.0023118958589556,0.0706674902643798,-0.066875286859609,2120,0.2273399380393837,0.0023118958589556,0.1375427771239889,SHAP_content
-0.1229603354089902,-0.0584972276134214,-0.0454104999416565,0.0,-0.0023311415999395,0.0710546918188389,-0.0677277158503831,2305,0.2268680629640682,0.0023311415999395,0.1387824076692221,SHAP_content
-0.173267930351152,0.0012538508466848,-0.0514881523371784,0.0,-0.0025995223244934,0.0772116909744423,-0.0769679776424668,2262,0.2260099335350154,0.0025995223244934,0.1541796686169091,SHAP_content
-0.1206307297094767,-0.0567908765615945,-0.0483708116772786,0.0,-0.0024725950186103,0.0749237863863993,-0.0722651689967355,2050,0.2257924179483499,0.0024725950186103,0.1471889553831349,SHAP_content
0.0024438310034847,0.0058397088223617,0.0497457700055469,0.0,0.0027158217670248,-0.1002060451979811,0.0770237653522,1302,0.0580293098313934,0.0027158217670248,0.1772298105501812,SHAP_spat
0.107721370910994,0.2166617049864312,0.0710690535042768,0.0,0.0026671319309636,-0.0971310169385044,0.1132923074226578,328,0.3954521294017022,0.0026671319309636,0.2104233243611623,SHAP_content
-0.0606293403923659,-0.0854658207962928,-0.0634351782687299,0.0,-0.0031313852884181,0.0920079298319367,-0.095714171324988,4682,0.2095303394573888,0.0031313852884181,0.1877221011569247,SHAP_content
0.2186540873125507,0.0725756376900229,0.0739808939711373,0.0,0.0046228364083479,-0.1029779210976829,0.1173610569802277,1704,0.365210618973711,0.0046228364083479,0.2203389780779106,SHAP_content
0.0797672110245475,-0.0063569578546847,0.058095964539874,0.0,0.0045025447206225,-0.1057449104631308,0.0903499514450877,4017,0.1442201334191063,0.0045025447206225,0.1960948619082186,SHAP_spat
-0.156127998930762,-0.0138577984543132,-0.0536212479067138,0.0,-0.0025566214592371,0.0796850542360376,-0.0785650379449584,4649,0.223607045291789,0.0025566214592371,0.158250092180996,SHAP_content
-0.128743641544806,-0.0508598917027194,-0.0466369352418893,0.0,-0.0023874471146437,0.0724589734605778,-0.0697015474412866,4531,0.2262404684894148,0.0023874471146437,0.1421605209018644,SHAP_content
0.2149884402850757,0.0675949440313357,0.0736123221339905,0.0,0.0035312737507831,-0.1034575896865442,0.1165665706144267,1718,0.3561957064504021,0.0035312737507831,0.220024160300971,SHAP_content
-0.1411321027051323,-0.0345324120813866,-0.0492179108668294,0.0,-0.0025022743102097,0.0752583302124664,-0.0737105408745199,2977,0.2248824256533485,0.0025022743102097,0.1489688710869864,SHAP_content
-0.145346610771123,-0.0259646489815899,-0.051981867269663,0.0,-0.002626928769876,0.0783640786488955,-0.0778137365677132,2612,0.223293127022376,0.002626928769876,0.1561778152166087,SHAP_content
-0.1247770280060634,-0.0559521443710081,-0.0459264026082724,0.0,-0.0023555908096419,0.0716899603258325,-0.0685491782477794,4214,0.226655574985344,0.0023555908096419,0.1402391385736119,SHAP_content
0.1310249022692368,0.1098145570093735,0.0696695066747528,0.0,0.0040554993924907,-0.1034139321049386,0.109541458948371,479,0.3105089659533633,0.0040554993924907,0.2129553910533096,SHAP_content
0.0236354160592182,0.1605407033609413,0.0631855298434061,0.0,0.0053683922233371,-0.101039840892955,0.0984329922188507,3629,0.2473616492635658,0.0053683922233371,0.1994728331118057,SHAP_content
0.1443478066432468,-0.0628322106789718,0.0608387668316326,0.0,0.0036242959621023,-0.1081923735688501,0.0949008359893461,1175,0.2680187841538513,0.0036242959621023,0.2030932095581962,SHAP_content
-0.0337758143950223,-0.1049401496545752,-0.0661597674011767,0.0,-0.002900940669765,0.0948929807581166,-0.100359259230216,4302,0.2048757314507742,0.002900940669765,0.1952522399883326,SHAP_content
-0.1153002971357473,-0.0668213947648478,-0.0451822805487612,0.0,-0.0023237013107005,0.0710014176136204,-0.0672141481005821,2957,0.2273039724493564,0.0023237013107005,0.1382155657142025,SHAP_content
-0.1028798228893945,-0.0768258207934209,-0.0470855219514048,0.0,-0.0024176159500842,0.0737215748166679,-0.069939082548846,3657,0.2267911656342202,0.0024176159500842,0.143660657365514,SHAP_content
-0.0742237966830597,0.454424740915796,0.0630790698550421,0.0,0.0029858065044565,-0.0793440940665662,0.1012527484545646,117,0.5917276074538981,0.0029858065044565,0.1805968425211308,SHAP_content
0.0948109497507926,-0.0972872026459002,0.0523848086014746,0.0,0.0031588845167759,-0.1040048188304305,0.0816416731952554,1971,0.2444829609981675,0.0031588845167759,0.185646492025686,SHAP_content
0.214380907603648,0.0483505839377369,0.0729659774874177,0.0,0.0035600464398834,-0.104591823196717,0.1151722982760437,1557,0.3356974690288028,0.0035600464398834,0.2197641214727607,SHAP_content
-0.1861729309790458,0.0155272881427733,-0.0524066834375971,0.0,-0.0026496059557289,0.0783828121517121,-0.0783879668259256,2862,0.2541069025594163,0.0026496059557289,0.1567707789776377,SHAP_content
-0.0437526714295159,-0.0801994803776999,0.0265970114603689,0.0,-0.0011267582787126,0.1263607460332554,-0.1353253565645208,3754,0.1505491632675849,0.0011267582787126,0.2616861025977762,SHAP_spat
0.2412841400577105,0.0748545187808362,0.0750620205566685,0.0,0.0036820226491837,-0.1018548174988358,0.1196447026363607,879,0.3912006793952153,0.0036820226491837,0.2214995201351965,SHAP_content
0.0442877057613926,-0.0675993493626333,0.0485757652530399,0.0,0.0033783039213246,-0.100244854917729,0.0754503164094181,1029,0.1604628203770659,0.0033783039213246,0.1756951713271472,SHAP_spat
-0.0838425748524306,-0.0801347683529007,-0.0557440391225739,0.0,-0.002807298863089,0.0837836403938776,-0.0833274781895161,3282,0.2197213823279054,0.002807298863089,0.1671111185833938,SHAP_content
-0.0117450143123068,-0.0653247022621759,0.0408659606360465,0.0,0.0036386449644292,-0.0907419018232049,0.0631660503413415,466,0.1179356772105293,0.0036386449644292,0.1539079521645465,SHAP_spat
-0.1541164991922896,-0.0200784868343847,-0.0500191720494407,0.0,-0.0025320803455278,0.0757251714291469,-0.0748504686365953,2265,0.224214158076115,0.0025320803455278,0.1505756400657422,SHAP_content
-0.1721242590777019,-0.0051683169673929,0.0205177135567759,0.0,0.0010019290441643,-0.0485767016319437,0.0313846274985581,4236,0.1978102896018708,0.0010019290441643,0.0799613291305019,SHAP_content
-0.1239464447773641,-0.0554051570484624,-0.0469676476046726,0.0,-0.0024057183815274,0.0730673299903976,-0.0701673019985564,4045,0.2263192494304992,0.0024057183815274,0.1432346319889541,SHAP_content
-0.1035682910044559,-0.0565624080525808,-0.0576069088727939,0.0,-0.0028856223956218,0.0852178690563222,-0.0862039491869386,4521,0.2177376079298307,0.0028856223956218,0.1714218182432609,SHAP_content
0.0378997273391749,-0.1166604484490926,0.0426556404955955,0.0,0.0022869740852524,-0.09335501385837,0.0663448925354511,2493,0.1972158162838632,0.0022869740852524,0.1596999063938212,SHAP_content
-0.1192370019269119,0.0340804096919509,0.0358005058185612,0.0,0.0034042935846192,-0.0826574576461867,0.054950327116068,1160,0.1891179174374241,0.0034042935846192,0.1376077847622548,SHAP_content
-0.2982797886853257,0.0781116329807939,0.0099401921888353,0.0,-0.0009691145993038,0.0822240850918526,-0.0837803333523384,3083,0.386331613854955,0.0009691145993038,0.1660044184441911,SHAP_content
0.0078312820259029,-0.0171616262986809,0.0483884851953329,0.0,0.0029201301074251,-0.0994192845840707,0.0749442473999187,1969,0.0733813935199169,0.0029201301074251,0.1743635319839894,SHAP_spat
-0.2037491404625484,0.0331163889405072,0.0214171054083611,0.0,0.0024904135267102,-0.0529803364053042,0.0332534678170829,1198,0.2582826348114169,0.0024904135267102,0.0862338042223872,SHAP_content
0.2503117066606019,0.0057521211018306,0.0735688070493145,0.0,0.0025170803898497,-0.1055806032663824,0.115935309086126,1356,0.3296326348117472,0.0025170803898497,0.2215159123525084,SHAP_content
0.1159444330958463,-0.0850107701828767,0.0559213205846563,0.0,0.0026767843883598,-0.1063355831162108,0.0871883767945495,1901,0.2568765238633794,0.0026767843883598,0.1935239599107604,SHAP_content
0.0292681614675838,0.0519767208914932,0.0566713091857,0.0,0.0026741122549769,-0.1035844148079113,0.0879463210428835,1975,0.137916191544777,0.0026741122549769,0.1915307358507949,SHAP_spat
0.1836672300912384,0.0342233797623346,0.0703253151090402,0.0,0.0043399549640188,-0.1061153751511085,0.1103969509996163,776,0.2882159249626133,0.0043399549640188,0.2165123261507249,SHAP_content
-0.142023936471725,-0.0343992324043749,-0.0485955534247865,0.0,-0.0024715168565781,0.0743845431068113,-0.0727665325210208,2652,0.2250187223008865,0.0024715168565781,0.1471510756278322,SHAP_content
0.2413706971226087,0.0168573750581096,0.073413645372745,0.0,0.0018074578993136,-0.1053649409228587,0.1157334663585945,568,0.3316417175534634,0.0018074578993136,0.2210984072814532,SHAP_content
0.3067568272659851,0.4174995486164287,0.0348629081151629,0.0,0.0019719367361572,-0.0493436952236824,0.0590191399742558,1786,0.7591192839975767,0.0019719367361572,0.1083628351979383,SHAP_content
0.1333611331998194,-0.1832242617159803,0.0522441903544681,0.0,4.651524065637722e-06,-0.0691993024362527,0.0722102134262142,4205,0.3688295852702679,4.651524065637722e-06,0.1414095158624669,SHAP_content
-0.1397476417581223,-0.0371814801414784,-0.0482794750048085,0.0,-0.002458065264697,0.0740794413492143,-0.072285007776159,4091,0.2252085969044092,0.002458065264697,0.1463644491253733,SHAP_content
-0.0417087997676578,-0.0113044059074501,0.0421017577857686,0.0,0.0024047657322058,-0.0923339941804396,0.0649537107903673,25,0.0951149634608766,0.0024047657322058,0.157287704970807,SHAP_spat
0.0083247728418271,-0.1444666551590183,-0.067707253819688,0.0,-0.0032942401692275,0.0947742410206788,-0.0982833685742725,3126,0.2204986818205334,0.0032942401692275,0.1930576095949513,SHAP_content
0.0178316456492621,0.4018692630023835,0.066140465276849,0.0,0.0033486069109822,-0.0823731838108787,0.1083353797348153,1092,0.4858413739284947,0.0033486069109822,0.190708563545694,SHAP_content
-0.1134564154293871,-0.0512146984906459,0.0244525821020617,0.0,0.002445080841929,-0.0597220552074965,0.0377454071462473,1257,0.1891236960220948,0.002445080841929,0.0974674623537439,SHAP_content
0.185693852637747,-0.2042761842411473,0.0544738758233165,0.0,0.0039200245368292,-0.1037702893380133,0.084600365323159,1998,0.4444439127022109,0.0039200245368292,0.1883706546611723,SHAP_content
-0.1020756686655911,0.0143620467783715,0.0359537509641932,0.0,0.0025190852278938,-0.0832815076616578,0.0552619508142595,84,0.1523914664081558,0.0025190852278938,0.1385434584759173,SHAP_content
0.1542625318652019,-0.0635956107732175,0.0618052324064977,0.0,0.0034861527275159,-0.1084919552166911,0.0964325665721303,1665,0.2796633750449172,0.0034861527275159,0.2049245217888214,SHAP_content
-0.0337274050418305,-0.1116879868884236,-0.0635400456147399,0.0,-0.0031305069893337,0.0921848937651489,-0.0958356369585422,3487,0.2089554375449942,0.0031305069893337,0.1880205307236911,SHAP_content
-0.1628840485225349,-0.0083595115367219,-0.0520182185966116,0.0,-0.0026248101246653,0.0780111726816674,-0.077798759856006,4455,0.2232617786558685,0.0026248101246653,0.1558099325376734,SHAP_content
-0.1275056348597546,-0.0384147424411641,-0.0548289465380166,0.0,-0.0027605335751817,0.081823614000451,-0.0820597214957549,2685,0.2207493238389354,0.0027605335751817,0.1638833354962059,SHAP_content
-0.1191985047238999,-0.0633470045243783,-0.044733071871488,0.0,-0.0023004231411922,0.0702846387336918,-0.0665770428827734,2789,0.2272785811197663,0.0023004231411922,0.1368616816164653,SHAP_content
0.1550937974699401,-0.2106287598726423,-0.0893288641947207,0.0,0.0030009734049713,-0.0674805324900836,0.0552385468600496,3259,0.4550514215373032,0.0030009734049713,0.1227190793501333,SHAP_content
0.1706360400242852,0.4705969383909055,0.0504024551655256,0.0,0.0024737402532056,-0.0630393799735987,0.0906842249488744,755,0.6916354335807164,0.0024737402532056,0.1537236049224731,SHAP_content
-0.1052582743055049,-0.0731559700900477,-0.0478784768558281,0.0,-0.002454541817859,0.0746786647260614,-0.0712693062781859,2143,0.2262927212513808,0.002454541817859,0.1459479710042473,SHAP_content
0.0928411051602941,0.0425815664993037,0.0627303423682156,0.0,0.0026179612865656,-0.1059506780476614,0.0977407600880882,2199,0.1981530140278135,0.0026179612865656,0.2036914381357497,SHAP_spat
-0.1410110713172951,-0.0348854537812176,-0.049060788413521,0.0,-0.0024948872440254,0.075069071210102,-0.0734642616330464,3903,0.2249573135120338,0.0024948872440254,0.1485333328431484,SHAP_content
0.1510340857551123,0.1839966619039116,0.0727370658319221,0.0,0.0038856669135176,-0.0981161868815625,0.1164261856639894,511,0.407767813490946,0.0038856669135176,0.2145423725455519,SHAP_content
-0.0404678445407646,-0.1142864432758462,-0.0599313817611255,0.0,-0.0029793275602209,0.0883215419124829,-0.0893602871226321,2125,0.2146856695777364,0.0029793275602209,0.1776818290351151,SHAP_content
0.0285724941196768,-0.0467514478323526,0.0484114134276571,0.0,0.0031666595309899,-0.0998580284286645,0.0750966935999632,2436,0.1237353553796866,0.0031666595309899,0.1749547220286277,SHAP_spat
-0.147428754906392,-0.0275178936011956,-0.0496291494661216,0.0,-0.0025176202891526,0.0755185562910385,-0.0742837562677845,3209,0.2245757979737093,0.0025176202891526,0.1498023125588231,SHAP_content
0.2201654304365981,0.189930873836063,0.0743438237251705,0.0,0.0031444942485918,-0.0942730819140595,0.1219549271453134,731,0.4844401279978316,0.0031444942485918,0.216228009059373,SHAP_content
-0.0961552453347613,-0.0833796041557706,-0.0472479345241087,0.0,-0.0024254015393219,0.0739502889901251,-0.0700007508067633,2220,0.2267827840146406,0.0024254015393219,0.1439510397968885,SHAP_content
0.2435942993299766,-0.0126972431382955,0.0724107239581476,0.0,0.0028285644746357,-0.1067080924499551,0.1137647753474568,686,0.3287022664264197,0.0028285644746357,0.2204728677974119,SHAP_content
0.1236402804993254,0.6214335081932453,0.0228110838226149,0.0,0.000697913108755,-0.0338351704946306,0.0393801562738821,530,0.7678848725151858,0.000697913108755,0.0732153267685128,SHAP_content
-0.1646082283565087,-0.0079302044330945,-0.0511510271433525,0.0,-0.0025833199575444,0.0769305147759261,-0.0765085515518594,4578,0.2236894599329558,0.0025833199575444,0.1534390663277856,SHAP_content
0.2355323923361642,-0.0012678615509894,0.0723950790647236,0.0,0.0034873842518778,-0.106400502557994,0.1138068398569682,765,0.3091953329518773,0.0034873842518778,0.2202073424149622,SHAP_content
0.1540767042590742,-0.1413255729794533,0.0676012948428715,0.0,0.0038864700210531,0.1061901194737383,-0.02180966110519,1479,0.3630035720813991,0.0038864700210531,0.1279997805789283,SHAP_content
0.0127376613747435,-0.140565330852098,-0.0695519663983287,0.0,-0.0033702560127692,0.097489205313663,-0.1051164779571585,2783,0.2228549586251702,0.0033702560127692,0.2026056832708215,SHAP_content
0.0267391568651767,-0.0682400028045897,0.0459681910775214,0.0,0.0016359660721821,-0.0974307878258087,0.0713059088196437,2002,0.1409473507472879,0.0016359660721821,0.1687366966454524,SHAP_spat
-0.0940393164740009,0.0396878661851109,0.0400810291725617,0.0,0.003333415867549,-0.0891727945151452,0.06169543068326,1361,0.1738082118316735,0.003333415867549,0.1508682251984053,SHAP_content
0.1677765478369148,-0.2063757464762335,0.0519308650810822,0.0,0.003228183900773,-0.1032987259783972,0.0811124405008519,4560,0.4260831593942305,0.003228183900773,0.1844111664792492,SHAP_content
-0.1262132288323494,-0.0519488293438626,-0.0477577376845902,0.0,-0.0024415093420597,0.0739707459508469,-0.0713996272163051,3666,0.2259197958608023,0.0024415093420597,0.145370373167152,SHAP_content
-0.1339714975726055,-0.0443592601890407,-0.0473997684329745,0.0,-0.0024201309079868,0.0732051118632383,-0.070926683354471,4282,0.2257305261946209,0.0024201309079868,0.1441317952177093,SHAP_content
-0.0007458573065048,-0.0602721963726029,0.0427987936381835,0.0,0.0012097043298148,-0.0935245691705246,0.0662469144725872,179,0.1038168473172914,0.0012097043298148,0.1597714836431118,SHAP_spat
-0.0371033177443397,0.1010791063420783,0.0528500250153794,0.0,0.0030106638349753,-0.0998252224546717,0.0817647001131926,374,0.1910324491017975,0.0030106638349753,0.1815899225678644,SHAP_content
-0.448531188282102,0.2087223365960775,0.011261568314565,0.0,0.0007348423170647,-0.0172754697280374,0.0196479499998,1633,0.6685150931927446,0.0007348423170647,0.0369234197278374,SHAP_content
-0.044883787106589,-0.1056581211302817,-0.061586889893709,0.0,-0.0030508511406249,0.0902008887788516,-0.0925707337187263,4102,0.2121287981305798,0.0030508511406249,0.1827716224975779,SHAP_content
-0.1316395411888226,-0.0397362242460806,-0.0519298510942659,0.0,-0.0026310804180776,0.0787076110257676,-0.0777964306279785,2757,0.2233056165291692,0.0026310804180776,0.1565040416537461,SHAP_content
-0.2897120143689553,0.0811479763671707,0.0104437540483675,0.0,-0.0030338444813739,0.0852829341057565,-0.0931302096476462,2985,0.3813037447844936,0.0030338444813739,0.1784131437534028,SHAP_content
-0.1246556659986153,-0.0562872465706554,-0.0457536309966003,0.0,-0.0023469149586756,0.0714492046015982,-0.0682779746738565,2859,0.2266965435658711,0.0023469149586756,0.1397271792754548,SHAP_content
0.158759426481861,-0.0791855415640758,0.0610942548969188,0.0,0.0026710803563725,-0.1085818576518968,0.0953325324568382,1184,0.2990392229428557,0.0026710803563725,0.203914390108735,SHAP_content
0.188815104196996,0.0644166856818112,0.0719045593476563,0.0,0.0031999148439893,-0.1045459898757085,0.1133345916012237,1714,0.3251363492264636,0.0031999148439893,0.2178805814769323,SHAP_content
-0.0950757994180322,0.0077779068551962,0.0362024261131579,0.0,0.0020831441949877,-0.0836905110935401,0.0556541288688919,3122,0.1390561323863864,0.0020831441949877,0.1393446399624321,SHAP_spat
-0.1140322383010051,-0.0663292780413107,-0.0464857898680725,0.0,-0.002385783767822,0.0727432243773422,-0.0692398432484798,3184,0.2268473062103884,0.002385783767822,0.141983067625822,SHAP_content
-0.1199311750109038,-0.0624871206744832,-0.0447888125009091,0.0,-0.0023024374290292,0.0703239706756455,-0.0666866530624111,2055,0.2272071081862962,0.0023024374290292,0.1370106237380567,SHAP_content
-0.1247353099247389,-0.0557013619732785,-0.0461702418720954,0.0,-0.0023673603137749,0.0720330110301702,-0.0689243999090238,4069,0.2266069137701129,0.0023673603137749,0.140957410939194,SHAP_content
-0.1660176904775478,-0.0065037111604336,-0.0511399204420055,0.0,-0.0025825735490243,0.0768771727334192,-0.0764923269645443,2718,0.223661322079987,0.0025825735490243,0.1533694996979635,SHAP_content
-0.1221668673499827,-0.0595434050952065,-0.0452528322537165,0.0,-0.0023239156297258,0.0708710436924685,-0.0674562519606251,2080,0.2269631046989058,0.0023239156297258,0.1383272956530937,SHAP_content
0.0519097541695964,-0.0722265530181782,0.0490601126100823,0.0,0.0020788998199689,-0.1005202540787047,0.0761856384652156,1793,0.173196419797857,0.0020788998199689,0.1767058925439203,SHAP_spat
0.0336959763840168,-0.0370520355030457,0.0499348350703833,0.0,0.0028231001129152,-0.1011524508687201,0.0774844791918034,238,0.120682846957446,0.0028231001129152,0.1786369300605235,SHAP_spat
-0.0159673313568429,0.153366502745535,0.0588532297936133,0.0,0.0039402803379765,-0.1004730847149814,0.091330922686728,127,0.2281870638959913,0.0039402803379765,0.1918040074017095,SHAP_content
0.0198290832388942,-0.1071118109745274,0.0409060913443257,0.0,0.0020756551120225,-0.0908183986329479,0.063512147665236,354,0.1678469855577475,0.0020756551120225,0.1543305462981839,SHAP_content
0.0433251107578861,0.0750814965855788,0.0598630579104693,0.0,0.0032954087171395,-0.1040638564874964,0.0930342177417884,164,0.1782696652539343,0.0032954087171395,0.1970980742292848,SHAP_spat
0.1733208694520734,-0.1642723009653151,0.0636141317195816,0.0,-0.0004885615978044,0.1415156211239863,-0.1135089649910121,4458,0.4012073021369701,0.0004885615978044,0.2550245861149985,SHAP_content
0.1642912806183453,-0.1280756019262293,0.0579528980926454,0.0,0.0022218605879017,-0.1079502758070063,0.0904805394272834,1510,0.3503197806372201,0.0022218605879017,0.1984308152342897,SHAP_content
-0.1198847996985556,-0.0622918482073151,-0.0450078935563263,0.0,-0.0023135965945942,0.0706466634196664,-0.0670184634632153,4147,0.227184541462197,0.0023135965945942,0.1376651268828818,SHAP_content
-0.1438767824163359,-0.0321576303956236,-0.0488408157668373,0.0,-0.0024819269779635,0.0746178240312894,-0.0731328970691772,2319,0.2248752285787969,0.0024819269779635,0.1477507211004666,SHAP_content
0.1717520127671868,0.5701608947543622,0.0266956070445978,0.0,0.0007708954250864,-0.0411757313168372,0.0451848163196465,3199,0.7686085145661469,0.0007708954250864,0.0863605476364837,SHAP_content
-0.0147736355080873,-0.0748033370250002,0.0391297224737759,0.0,0.0020594137905275,-0.0882785855629963,0.0605207806199113,1890,0.1287066950068635,0.0020594137905275,0.1487993661829077,SHAP_spat
0.0323839399335931,-0.0387930557923877,0.0494931918615801,0.0,0.0015044957121877,-0.1007986319532234,0.0767960080158773,1319,0.120670187587561,0.0015044957121877,0.1775946399691007,SHAP_spat
-0.1230119669555522,-0.0584307122519401,-0.0454211996550166,0.0,-0.0023316400823839,0.0710665539670063,-0.0677432618305641,4266,0.226863878862509,0.0023316400823839,0.1388098157975705,SHAP_content
-0.1337500110244591,-0.0445877978322433,-0.0474138468406851,0.0,-0.0024211962503959,0.0732395249908013,-0.0709381608550839,3546,0.2257516556973876,0.0024211962503959,0.1441776858458853,SHAP_content
-0.1148919777281611,-0.0660441853793905,-0.0460591970995249,0.0,-0.0023650742315075,0.072153901362633,-0.0685760520191514,2540,0.2269953602070766,0.0023650742315075,0.1407299533817844,SHAP_content
0.0766513016429407,-0.0517118097625788,0.0540608121255573,0.0,0.0033939587065649,-0.1046108998496976,0.0841105626508368,472,0.1824239235310769,0.0033939587065649,0.1887214625005345,SHAP_spat
-0.1222940852138674,-0.0590421435952417,-0.0455673542626569,0.0,-0.0023395521283704,0.0713187974144217,-0.0679443368338126,3021,0.2269035830717661,0.0023395521283704,0.1392631342482344,SHAP_content
0.0981050659760018,-0.0344211253918045,0.0578369253351453,0.0,0.0021824858740982,-0.1064160356800127,0.0900529203376,1997,0.1903631167029517,0.0021824858740982,0.1964689560176127,SHAP_spat
0.0354418798370069,0.0189062445769248,0.0548703194773884,0.0,0.0029540377175453,-0.1035727804212798,0.0851502354783049,18,0.1092184438913202,0.0029540377175453,0.1887230158995848,SHAP_spat
0.1768932437272689,-0.2205496391717751,0.0617734544397671,0.0,-0.0055208437817757,0.0581708961562979,0.0183125567008888,3952,0.4592163373388112,0.0055208437817757,0.0764834528571868,SHAP_content
0.0533925544413519,-0.0536293357966588,0.05098173814078,0.0,0.0028861870487964,-0.102304774422049,0.079221500236115,2956,0.1580036283787907,0.0028861870487964,0.181526274658164,SHAP_spat
-0.019418694277861,-0.065691696144171,0.0395973759424147,0.0,0.0033847542185663,-0.0890070462429445,0.06119820147,2042,0.1247077663644468,0.0033847542185663,0.1502052477129445,SHAP_spat
-0.1004685911252727,-0.078653912198434,-0.0542477636964104,0.0,0.0001800815377491,0.0787738874969647,-0.0688862949798883,2137,0.2333702670201171,0.0001800815377491,0.1476601824768531,SHAP_content
0.084999095514582,-0.1795578172913837,-0.0964876279743038,0.0,-0.0034544611252022,0.0304330880226195,0.012209845028784,1025,0.3610445407802696,0.0034544611252022,0.0426429330514036,SHAP_content
0.1253396732629903,-0.1575144665062275,0.0511738396509882,0.0,0.0025956679203419,-0.099579397154715,0.0790546656193554,97,0.334027979420206,0.0025956679203419,0.1786340627740704,SHAP_content
-0.1183346487138025,-0.0593436150151759,-0.0482196934808004,0.0,-0.0024666048243411,0.0748181875755424,-0.0720332972024838,4216,0.2258979572097789,0.0024666048243411,0.1468514847780263,SHAP_content
-0.1375458305970811,-0.0146505056463702,-0.0669870589509131,0.0,0.0021785884358453,-0.0155912573975353,0.0131992823049995,3114,0.2191833951943645,0.0021785884358453,0.0287905397025348,SHAP_content
-0.2163800756844372,0.0435643084119666,-0.0511418304041898,0.0,-0.0026088578497114,0.0771282910424457,-0.0764340641128234,2835,0.3110862145005937,0.0026088578497114,0.1535623551552692,SHAP_content
-0.106674539489767,-0.0658180079021979,-0.0513409112588981,0.0,-0.0026125441006308,0.0786452529901415,-0.0766951000198345,3161,0.2238334586508631,0.0026125441006308,0.155340353009976,SHAP_content
0.0727187040193243,-0.1869857105291219,-0.0923208564657931,0.0,0.0022584857631079,0.0765756305836865,-0.0321003997665311,449,0.3520252710142393,0.0022584857631079,0.1086760303502177,SHAP_content
0.2112768385213368,0.0623205506508261,0.0732389716132272,0.0,0.0034491758388229,-0.1039236798564327,0.1158015678689393,550,0.3468363607853902,0.0034491758388229,0.219725247725372,SHAP_content
0.0648767537615483,-0.16605268969281,-0.0785378023985419,0.0,-0.0037342608124959,0.1037612209876282,-0.1118360610678807,3744,0.3094672458529003,0.0037342608124959,0.2155972820555089,SHAP_content
0.0323092777080536,-0.0202919527841313,0.0511441770169711,0.0,0.0017017041247095,-0.1018901046416713,0.0793467228204465,178,0.1037454075091562,0.0017017041247095,0.1812368274621179,SHAP_spat
0.155742923042956,-0.2091835378805474,-0.0885235234414188,0.0,0.0014178649607662,-0.0694005981605963,0.0556903760883041,3654,0.4534499843649223,0.0014178649607662,0.1250909742489005,SHAP_content
0.2258853362906001,0.0374907174818541,0.0732652312807009,0.0,0.0030382446564877,-0.1047969341510352,0.1156364251436334,1340,0.3366412850531551,0.0030382446564877,0.2204333592946687,SHAP_content
0.0121468156318608,-0.034848669072927,0.0433923815320509,0.0,-0.0022702055584433,0.1444495788490847,-0.1583936621515909,4563,0.0903878662368388,0.0022702055584433,0.3028432410006756,SHAP_spat
-0.0699412514101088,-0.0845727547615371,-0.0600396757934407,0.0,-0.0029106543635222,0.0884628104203752,-0.0901885470347401,3548,0.2145536819650867,0.0029106543635222,0.1786513574551153,SHAP_content
-0.11548283327354,-0.0673799484683611,-0.0446351276855374,0.0,-0.0022974038582796,0.0702889419552873,-0.0663536227035403,3520,0.2274979094274386,0.0022974038582796,0.1366425646588277,SHAP_content
0.1227927916818442,0.1997175643296044,0.0715797732841185,0.0,0.0022489380261515,-0.0979686301815726,0.1140979492971489,1591,0.3940901292955673,0.0022489380261515,0.2120665794787216,SHAP_content
-0.0688319136765217,0.0680566624637188,0.0461330721970675,0.0,0.0019496605511482,-0.095602477208691,0.0711977615391983,1516,0.1830216483373082,0.0019496605511482,0.1668002387478894,SHAP_content
0.1195470812157401,0.6257260171361716,0.0226521561532526,0.0,0.000783296761504,-0.0337329944475726,0.0391522145840964,741,0.7679252545051644,0.000783296761504,0.0728852090316691,SHAP_content
0.2149680967988541,-0.0021656305865224,0.0708996773600213,0.0,0.0033520955382523,-0.1070371692658644,0.111233990666727,1769,0.2880334047453979,0.0033520955382523,0.2182711599325914,SHAP_content
-0.1097139777616028,-0.0699529016057668,-0.0470261164454407,0.0,-0.0024133997875409,0.0735567823305389,-0.0700293682317448,4358,0.2266929958128104,0.0024133997875409,0.1435861505622837,SHAP_content
0.2201449067721972,0.0245915432954132,0.0724031706656585,0.0,0.0025686667142884,-0.1056790672726235,0.1139762500073637,483,0.317139620733269,0.0025686667142884,0.2196553172799872,SHAP_content
-0.0160226937469778,-0.1025029937211914,-0.0739297177017724,0.0,-0.0029530669910321,0.1016455512226458,-0.109165229809092,4671,0.1924554051699417,0.0029530669910321,0.2108107810317379,SHAP_spat
-0.150604299140913,-0.0083791678959518,-0.0590683552804936,0.0,-0.0004775162295613,0.0856239298832054,-0.0887341707073521,2810,0.2180518223173585,0.0004775162295613,0.1743581005905576,SHAP_content
0.2707760458829503,0.4632898454276835,0.0316707337348245,0.0,0.001610552133476,-0.0469028214156222,0.0533139860515616,2021,0.7657366250454585,0.001610552133476,0.1002168074671839,SHAP_content
-0.2325026882160911,0.0406359966771985,-0.0599881262124079,0.0,0.0007690916754992,0.028870567775415,-0.0036568671610646,4647,0.3331268111056975,0.0007690916754992,0.0325274349364797,SHAP_content
0.0127557948963296,0.0903997091381987,0.0576869051983724,0.0,0.0036634923820338,-0.1027016643112649,0.0895020665807155,1910,0.1608424092329008,0.0036634923820338,0.1922037308919804,SHAP_spat
0.0859978118168706,0.0750640132812698,0.0642534770610681,0.0,0.005613192737006,-0.104854598121775,0.1001758774687942,2485,0.2253153021592085,0.005613192737006,0.2050304755905693,SHAP_content
0.1983151347265399,-0.1019798477906976,0.0634623710540793,0.0,0.0024961592779942,-0.1095017301954158,0.0990583178117173,780,0.3637573535713169,0.0024961592779942,0.2085600480071331,SHAP_content
-0.1523170873759415,0.0619366121388308,0.0341717564158545,0.0,0.0033642911967603,-0.0801715605806073,0.0525480766892693,77,0.2484254559306268,0.0033642911967603,0.1327196372698767,SHAP_content
0.222576443125965,0.0254994535029307,0.0726512562600632,0.0,0.0038577753599268,-0.1055130631474355,0.1144354636728808,1889,0.320727152888959,0.0038577753599268,0.2199485268203163,SHAP_content
-0.1511238095856897,-0.0235158158977523,-0.0497293690769618,0.0,-0.0025199101170599,0.0754691559047874,-0.074451403024519,4340,0.2243689945604038,0.0025199101170599,0.1499205589293065,SHAP_content
0.1070073809106248,-0.0664968735341155,0.0564963417242693,0.0,0.0042555633470586,-0.1063488200055722,0.0880294919425321,673,0.2300005961690097,0.0042555633470586,0.1943783119481044,SHAP_content
-0.0321477857861001,-0.1174727379636075,-0.0618920298587521,0.0,-0.0030604533203621,0.0904075284418198,-0.0929383586496257,2203,0.2115125536084598,0.0030604533203621,0.1833458870914456,SHAP_content
-0.0552188208622284,0.0572175984543447,0.0469494033602209,0.0,0.0025854004419774,-0.0966081963794196,0.0724871843547769,458,0.1593858226767942,0.0025854004419774,0.1690953807341966,SHAP_spat
-0.1115949205661473,-0.0516049825693676,-0.056193194053023,0.0,-0.0028237402905971,0.0835758032372001,-0.0839751104230995,2865,0.219393097188538,0.0028237402905971,0.1675509136602997,SHAP_content
0.0254791474683127,-0.0820910672853783,0.0445160437373779,0.0,0.0028938597308674,-0.095818025629901,0.0690781877062347,752,0.1520862584910689,0.0028938597308674,0.1648962133361357,SHAP_spat
-0.1435460245174125,0.0869961934215709,0.0380608137933875,0.0,0.0013263369559754,-0.0858894731203152,0.0586198312287043,121,0.2686030317323711,0.0013263369559754,0.1445093043490196,SHAP_content
-0.1431184871744589,-0.0330750058934312,-0.0487422884763784,0.0,-0.0024777565799204,0.0745240022377681,-0.0729826927100215,3637,0.2249357815442686,0.0024777565799204,0.1475066949477896,SHAP_content
0.2107591891044294,0.0682814588295342,0.0733945705959405,0.0,0.0035201686453895,-0.1035936915131632,0.1161555674183453,699,0.3524352185299042,0.0035201686453895,0.2197492589315086,SHAP_content
-0.1336775520741047,-0.0419683958455791,-0.0493451586974,0.0,-0.0025113886385942,0.0756459038743528,-0.0738623580797807,2924,0.2249911066170839,0.0025113886385942,0.1495082619541335,SHAP_content
-0.0803106976488699,-0.0653851655558608,-0.0643983575095917,0.0,-0.0017574839108895,0.0924078048753679,-0.0965375154664841,4167,0.2100942207143225,0.0017574839108895,0.188945320341852,SHAP_content
0.1716381555159673,-0.2325599062880251,0.050241883022157,0.0,0.0031273212224685,-0.099007228410539,0.0779622014448463,1492,0.4544399448261495,0.0031273212224685,0.1769694298553853,SHAP_content
-0.069865588255652,-0.0862762435489189,-0.0594538219704651,0.0,-0.0026733499326082,0.0878439382111032,-0.0891555915613716,4633,0.2155956537750361,0.0026733499326082,0.1769995297724749,SHAP_content
0.2223520126702083,-0.0710272769697252,0.0678043974285132,0.0,0.0043924171194168,-0.1091239153740109,0.1059410492928618,1948,0.3611836870684468,0.0043924171194168,0.2150649646668728,SHAP_content
-0.1350473983170269,-0.0380299453202862,-0.0509606198896523,0.0,-0.0025851510899152,0.0775132041420571,-0.0763000000207852,2086,0.2240379635269654,0.0025851510899152,0.1538132041628423,SHAP_content
-0.1780356475004188,0.006160654212473,-0.0515644077668696,0.0,-0.0026034808469854,0.0772794652403161,-0.0771088119353223,3365,0.2357607094797615,0.0026034808469854,0.1543882771756385,SHAP_content
0.0756638124829994,-0.1074234410544136,0.0490485204757167,0.0,0.0034290540269798,-0.1008803933972431,0.0763610022458462,31,0.2321357740131299,0.0034290540269798,0.1772413956430893,SHAP_content
-0.1086361441545662,-0.0721844050867478,-0.0462666942528132,0.0,-0.0023773376503174,0.0726002946426794,-0.0687945723498639,2154,0.2270872434941272,0.0023773376503174,0.1413948669925434,SHAP_content
-0.2480470935492473,0.0722325408048289,-0.04945062836601,0.0,-0.002545130479756,0.0754284987540986,-0.0734900338025402,2758,0.3697302627200864,0.002545130479756,0.1489185325566388,SHAP_content
-0.1399756419090847,-0.0112638146195474,-0.0670070139269373,0.0,0.0011485036293975,-0.0155510419907779,0.0132032286882605,69,0.2182464704555694,0.0011485036293975,0.0287542706790385,SHAP_content
-0.06055258224639,0.0656181187852035,0.0470526000024707,0.0,0.002919305030854,-0.0965073252077871,0.0726422982025216,1449,0.1732233010340642,0.002919305030854,0.1691496234103088,SHAP_content
-0.0743861731164002,-0.0955587044186231,-0.0528227996190438,0.0,-0.0026773654715512,0.0806397314985989,-0.0783764861152215,3175,0.2227676771540672,0.0026773654715512,0.1590162176138204,SHAP_content
-6.049549330549436e-05,-0.1126940365343074,-0.0743023806149091,0.0,-0.0035146006118385,0.1028442027166628,-0.1141724551963805,3627,0.1870569126425221,0.0035146006118385,0.2170166579130433,SHAP_spat
-0.1537845091654434,-0.0204695215391752,-0.049962398781673,0.0,-0.0025293767731058,0.0756637329197466,-0.0747901472047809,3877,0.2242164294862917,0.0025293767731058,0.1504538801245276,SHAP_content
-0.1289253315239839,-0.0488627585295311,-0.0479599075308013,0.0,-0.0024499702254017,0.074135238491744,-0.0717446138141627,3959,0.2257479975843163,0.0024499702254017,0.1458798523059068,SHAP_content
-0.135523951318731,-0.035558583825605,-0.0522271628135298,0.0,-0.0026428559390141,0.0788750259340033,-0.0779634465744827,4465,0.2233096979578659,0.0026428559390141,0.156838472508486,SHAP_content
-0.2130575600602069,0.0507404076163716,0.0145042527986752,0.0,-0.0030225765845615,0.105612036809803,-0.1262117814218486,3221,0.2783022204752539,0.0030225765845615,0.2318238182316517,SHAP_content
-0.140251057833568,-0.0365205621964851,-0.0483958921855945,0.0,-0.0024635042370899,0.0742123846551765,-0.0724527409547282,3146,0.2251675122156478,0.0024635042370899,0.1466651256099047,SHAP_content
0.0129267706301001,-0.0072563903982918,0.0501302270298867,0.0,0.0051649029295528,-0.1007729854637966,0.0776694383318531,1531,0.0703133880582787,0.0051649029295528,0.1784424237956497,SHAP_spat
-0.1104573064214182,-0.0578179320798813,-0.053568353972291,0.0,-0.0027104586228757,0.0809611964411082,-0.0802025950732368,2432,0.2218435924735906,0.0027104586228757,0.1611637915143451,SHAP_content
-0.1374042420186426,-0.0307025261556942,-0.0540463159946609,0.0,-0.0021344155654837,0.0807937146479569,-0.0808798777340101,3574,0.2221530841689978,0.0021344155654837,0.161673592381967,SHAP_content
-0.0606991682174601,-0.0850732881336827,-0.06360755851599,0.0,-0.0031386105623085,0.0921465760618403,-0.0958465957435738,3182,0.2093800148671329,0.0031386105623085,0.1879931718054142,SHAP_content
0.0964152809559701,-0.1559667967578323,0.0472260064548118,0.0,0.0032318435348681,-0.0988480304175446,0.0737125268866112,1912,0.2996080841686143,0.0032318435348681,0.1725605573041558,SHAP_content
0.1525420341180324,0.1558219738294912,0.0724139707738655,0.0,0.0041789429189178,-0.1000670578924056,0.115201535947374,504,0.3807779787213891,0.0041789429189178,0.2152685938397796,SHAP_content
0.0760957772155355,0.0552864541564774,0.0619233996801081,0.0,0.0033159494940433,-0.1053036553519246,0.0963998527392366,339,0.1933056310521211,0.0033159494940433,0.2017035080911612,SHAP_spat
-0.1302225185615032,-0.049099981579236,-0.0467769036604412,0.0,-0.0023928357489067,0.0725627129162044,-0.0699426075581568,3580,0.2260994038011805,0.0023928357489067,0.1425053204743613,SHAP_content
-0.0987906530365593,-0.0585919573389688,-0.0587682928322707,0.0,-0.0029353533770647,0.0865469477770269,-0.0882370095080286,4408,0.2161509032077989,0.0029353533770647,0.1747839572850555,SHAP_content
0.1058241701534323,-0.1057477945777819,0.0531240702366313,0.0,0.004459826292086,-0.1046474832897448,0.0828378009035978,798,0.2646960349678456,0.004459826292086,0.1874852841933426,SHAP_content
-0.1198201719356776,-0.0617496977015456,-0.0454756820768856,0.0,-0.0023363780164162,0.0712942281258441,-0.0677723618674373,4413,0.2270455517141088,0.0023363780164162,0.1390665899932814,SHAP_content
-0.1037258573267094,-0.0628136949734865,-0.0544543752257449,0.0,-0.0027503083520005,0.0820387104999839,-0.081515896568797,4517,0.2209939275259409,0.0027503083520005,0.1635546070687809,SHAP_content
0.0056167805355898,0.0051516645406268,0.0500708983791683,0.0,0.0025013396752057,-0.1004768434231617,0.0775392183702622,61,0.060839343455385,0.0025013396752057,0.1780160617934239,SHAP_spat
0.0290371715087721,-0.0816004412399388,0.0450730354844761,0.0,0.0028882386070093,-0.0965201033385051,0.069964364132904,1775,0.1557106482331871,0.0028882386070093,0.1664844674714092,SHAP_spat
0.0582527194042967,-0.1619687851776781,0.0421233912578342,0.0,-0.0026703165105815,0.1246168836700662,-0.0999963856278767,2845,0.2623448958398092,0.0026703165105815,0.224613269297943,SHAP_content
0.205301717560907,-0.2527084487812199,0.0519116063279146,0.0,0.0036491185100215,-0.0883114664241789,0.0795852880310822,4632,0.5099217726700416,0.0036491185100215,0.1678967544552611,SHAP_content
-0.1369126583537091,-0.0401481622596158,-0.0483108995839228,0.0,-0.002462014754998,0.0742910274956843,-0.0723164291913883,2460,0.2253717201972478,0.002462014754998,0.1466074566870727,SHAP_content
0.1825775948963,-0.040929776105498,0.0660744995549958,0.0,0.0035442445206947,-0.1086431491785177,0.1032206591564097,1567,0.2895818705567939,0.0035442445206947,0.2118638083349275,SHAP_content
-0.1446263293917876,-0.0312588398996765,-0.0489372933769014,0.0,-0.0024860095934414,0.074708289040471,-0.0732720444414911,2848,0.2248224626683656,0.0024860095934414,0.1479803334819621,SHAP_content
0.2490530657360556,-0.0557275609884343,0.0707656414486751,0.0,0.003604219569274,-0.1082698719047144,0.1107808009397813,1689,0.3755462681731651,0.003604219569274,0.2190506728444958,SHAP_content
-0.1372228246980741,-0.0402238030818784,-0.0479804293391299,0.0,-0.0024459252885024,0.0738181249733483,-0.0718161030982536,4153,0.2254270571190825,0.0024459252885024,0.145634228071602,SHAP_content
-0.1119953106736554,-0.0544737757742079,-0.054484459004098,0.0,-0.0027499923768126,0.0818762581362573,-0.0816227833130216,2986,0.2209535454519615,0.0027499923768126,0.1634990414492789,SHAP_content
-0.136857720874884,-0.040730522466051,-0.0478741510781065,0.0,-0.0024408926413573,0.0736905855112571,-0.0716591882481672,2419,0.2254623944190417,0.0024408926413573,0.1453497737594243,SHAP_content
0.2075137376981905,-0.0565907552408836,0.0672390158373073,0.0,0.0017605003363095,-0.1089821475336603,0.1050674723956194,1568,0.3313435087763815,0.0017605003363095,0.2140496199292798,SHAP_content
-0.1232366915228035,-0.0581368140375147,-0.0454657820703441,0.0,-0.0023336812448183,0.0711176546604468,-0.0678169143773945,3965,0.2268392876306624,0.0023336812448183,0.1389345690378414,SHAP_content
-0.1078398802863261,-0.0754494316041198,-0.044513255937551,0.0,-0.002292497693459,0.0702348836909796,-0.0659433635765846,2339,0.2278025678279969,0.002292497693459,0.1361782472675642,SHAP_content
-0.0502117872965265,-0.1026048936139735,-0.0606762694642578,0.0,-0.003013509628996,0.089256611041321,-0.0910815101078102,2094,0.2134929503747579,0.003013509628996,0.1803381211491313,SHAP_content
-0.0294598788784875,0.0044595113262199,0.0453570978298034,0.0,0.0018969366726514,-0.0959694742872015,0.0700566918991473,2041,0.0792764880345109,0.0018969366726514,0.1660261661863488,SHAP_spat
-0.0878118762636013,-0.0873602232300047,-0.0499272462117934,0.0,-0.0025484899752723,0.0772231280507371,-0.0740281942316787,2200,0.2250993457053995,0.0025484899752723,0.1512513222824158,SHAP_content
-0.1130554418709563,-0.0656088749613555,-0.0476504080270078,0.0,-0.0024419186793283,0.0742596857948397,-0.071058115479368,2272,0.2263147248593198,0.0024419186793283,0.1453178012742078,SHAP_content
0.1220362012354962,0.6230786693581685,0.0227409025549039,0.0,0.0007759576978381,-0.033787099849314,0.0392831404060994,381,0.7678557731485687,0.0007759576978381,0.0730702402554134,SHAP_content
-0.125500972099376,-0.0530971042223682,-0.0474759391823884,0.0,-0.0024287583230968,0.0736435539202075,-0.0709464268527683,3864,0.2260740155041326,0.0024287583230968,0.1445899807729758,SHAP_content
-0.133456634703392,-0.0449956237495277,-0.0473281935937115,0.0,-0.0024171247878363,0.0731368904547602,-0.0708113728894455,2412,0.2257804520466313,0.0024171247878363,0.1439482633442057,SHAP_content
-0.1209265757385552,-0.0584060505556603,-0.047056480302704,0.0,-0.0024104996525414,0.0732612425273339,-0.0702426172073118,3912,0.2263891065969196,0.0024104996525414,0.1435038597346457,SHAP_content
0.178946586374842,-0.1177287782731801,0.0605165117397515,0.0,0.0048164554207063,-0.1088966144087341,0.0944636507328735,1390,0.3571918763877736,0.0048164554207063,0.2033602651416076,SHAP_content
-0.0455499320509308,-0.1024653536091401,-0.0625891940979733,0.0,-0.0030933402151844,0.0912580901803125,-0.094320132533618,4238,0.2106044797580443,0.0030933402151844,0.1855782227139304,SHAP_content
-0.1197779699481678,-0.0626823783428469,-0.044759857222817,0.0,-0.0023011121143738,0.0702916046913206,-0.0666424859391797,3914,0.2272202055138319,0.0023011121143738,0.1369340906305004,SHAP_content
0.0456874285357402,-0.0074221431173093,0.0538783446097498,0.0,0.0018288771418908,-0.1036119955960364,0.0836551235247781,1952,0.1069879162627994,0.0018288771418908,0.1872671191208146,SHAP_spat
-0.037006116644389,-0.0972742420228,-0.0742371653943458,0.0,-0.0011115657333561,0.0971342008295462,-0.090380697935964,4162,0.2085175240615349,0.0011115657333561,0.1875148987655102,SHAP_content
-0.2032781304497894,0.032242542349861,-0.0522217032458669,0.0,-0.0026525359951401,0.0783317097873961,-0.0780980215990526,2915,0.2877423760455174,0.0026525359951401,0.1564297313864488,SHAP_content
-0.1444748876427174,-0.0312169241705471,-0.0491210279736672,0.0,-0.0024953851656977,0.0749796149493537,-0.0735378468492056,2342,0.2248128397869318,0.0024953851656977,0.1485174617985594,SHAP_content
0.2509054416818054,0.1213492107569579,0.0756685457408771,0.0,0.0042112261723494,-0.0979708770080716,0.1224751430341498,245,0.4479231981796404,0.0042112261723494,0.2204460200422214,SHAP_content
0.2188891878512933,0.0144543622655281,0.071939975779605,0.0,0.0035049041979903,-0.1061832105068194,0.1131059521842848,1439,0.3052835258964265,0.0035049041979903,0.2192891626911043,SHAP_content
0.0584301281402524,-0.0468738948405084,0.0523091079786686,0.0,0.0041609580786124,-0.103252465008579,0.081299175168149,1022,0.1576131309594295,0.0041609580786124,0.1845516401767279,SHAP_spat
-0.1368394997693323,-0.0407754972182818,-0.0478506277003767,0.0,-0.0024396661686699,0.0736578035346325,-0.0716247412390071,3233,0.2254656246879909,0.0024396661686699,0.1452825447736397,SHAP_content
-0.1505124622505378,-0.0010840159217843,0.0256177559389586,0.0,0.0027238693434296,-0.0630413860897501,0.0394209220278113,411,0.1772142341112809,0.0027238693434296,0.1024623081175614,SHAP_content
-0.1784974843076472,0.0065608198003644,-0.0514743325177541,0.0,-0.0025993320258687,0.0771235630452882,-0.0769853922007063,2261,0.2365326366257657,0.0025993320258687,0.1541089552459945,SHAP_content
0.0951408816593492,-0.1321395285912737,0.0494345331071571,0.0,0.0046463322399873,-0.1014199286908507,0.0771009960573703,1062,0.27671494335778,0.0046463322399873,0.1785209247482211,SHAP_content
0.1403713666741653,-0.2070223901922457,-0.0892483383843827,0.0,-0.0021115624168946,-0.0633931133768974,0.0519310725410098,4609,0.4366420952507939,0.0021115624168946,0.1153241859179073,SHAP_content
-0.136384135078384,-0.0413264519216413,-0.047817047013795,0.0,-0.0024386047146749,0.0736559854882463,-0.071561975356558,3561,0.2255276340138204,0.0024386047146749,0.1452179608448043,SHAP_content
0.0595449370827,0.0241068608282643,0.0580504630288898,0.0,0.0036668380172501,-0.1050219994178865,0.0902203219227202,665,0.1417022609398543,0.0036668380172501,0.1952423213406068,SHAP_spat
-0.170623024882091,-0.0016864730807418,-0.0517097698552979,0.0,-0.0024673690732515,0.0774608771469318,-0.0767989272359897,4631,0.2240192678181308,0.0024673690732515,0.1542598043829215,SHAP_content
0.2609169639754512,0.0956502477572905,0.0759181217658789,0.0,0.0037057040885119,-0.0993382471748851,0.1222423975158312,4379,0.4324853334986208,0.0037057040885119,0.2215806446907163,SHAP_content
-0.1239285007550409,-0.05334686101161,-0.0484032042090375,0.0,-0.0024724083240131,0.0748537465840216,-0.0723743539218539,4188,0.2256785659756885,0.0024724083240131,0.1472281005058756,SHAP_content
-0.1144773833148818,-0.038391975279098,-0.0606455856257674,0.0,-0.0030096655143062,0.0879721961132489,-0.091366275338155,4641,0.2135149442197473,0.0030096655143062,0.179338471451404,SHAP_content
-0.0067390871408285,-0.0727095127145461,0.0406756747357819,0.0,0.002480959525127,-0.0906118049821613,0.0629461835389428,114,0.1201242745911566,0.002480959525127,0.1535579885211041,SHAP_spat
0.0991012218587816,-0.1782164260942175,0.0455131716665287,0.0,0.004171326876917,-0.09627999217567,0.0710733600894478,3989,0.3228308196195278,0.004171326876917,0.1673533522651178,SHAP_content
-0.10218647086188,-0.0796970606048038,-0.0456285977673712,0.0,-0.0023484233345232,0.0718609146950989,-0.0676190343205794,2302,0.2275121292340551,0.0023484233345232,0.1394799490156783,SHAP_content
-0.1239902008035944,-0.0571428176559748,-0.0456402047433247,0.0,-0.0023418894170383,0.0713364435321615,-0.0680935595090365,2477,0.2267732232028939,0.0023418894170383,0.139430003041198,SHAP_content
-0.1304415783400599,-0.0459195627000994,-0.0489179906797654,0.0,-0.0024932295605278,0.0752438838093308,-0.0731941180451042,3250,0.2252791317199248,0.0024932295605278,0.148438001854435,SHAP_content
0.0476816196425649,-0.1029886055405629,0.0454991735998822,0.0,0.0020748560765328,-0.0969980610453357,0.0707383293519492,118,0.1961693987830101,0.0020748560765328,0.167736390397285,SHAP_content
0.1384425178470391,0.1722665388576751,0.0719922535932184,0.0,0.0042212815308998,-0.0993808460335326,0.1145511057499129,1981,0.3827013102979327,0.0042212815308998,0.2139319517834455,SHAP_content
-0.0675030453211881,-0.0840562334899064,-0.0612157245870587,0.0,-0.0030392956485033,0.089712118922248,-0.0921938673381905,2180,0.2127750033981533,0.0030392956485033,0.1819059862604385,SHAP_content
-0.223952935004731,0.1493509895381355,0.0346042470534386,0.0,0.002255289833107,-0.0802071139702188,0.0535875321538864,162,0.4079081715963052,0.002255289833107,0.1337946461241052,SHAP_content
0.0011385165421916,-0.0299216490003325,0.0464040625993646,0.0,0.0040230799345915,-0.0974939759546587,0.0718060956044173,263,0.0774642281418888,0.0040230799345915,0.169300071559076,SHAP_spat
0.0703816318676288,-0.0053813771505861,0.0570999556724455,0.0,0.0043610043304842,-0.105382529428533,0.0887861720502059,775,0.1328629646906604,0.0043610043304842,0.194168701478739,SHAP_spat
-0.1253002424769863,-0.0398502102262198,-0.0551391279132246,0.0,-0.0027745276744525,0.0822185276373644,-0.0826883165177269,4264,0.2202895806164307,0.0027745276744525,0.1649068441550913,SHAP_content
0.0870798381494765,0.0843796194574479,0.0647538499846011,0.0,0.0034910805553438,-0.1047353395018618,0.1010401013492446,651,0.2362133075915255,0.0034910805553438,0.2057754408511064,SHAP_content
-0.1136652987602198,-0.0675843246581863,-0.0458632405003389,0.0,-0.0023560423017063,0.071929274930749,-0.0682420541409537,3723,0.227112863918745,0.0023560423017063,0.1401713290717028,SHAP_content
-0.1233977681381096,-0.057527236372256,-0.0458434562135862,0.0,-0.0023523155667563,0.0716493061913734,-0.0683959704827247,4243,0.226768460723952,0.0023523155667563,0.1400452766740981,SHAP_content
0.0901411059081689,-0.182730143656532,-0.0855770944276203,0.0,0.0022768937881253,0.1052715644510271,-0.1024749211081412,1170,0.3584483439923213,0.0022768937881253,0.2077464855591683,SHAP_content
-0.0745009560271262,-0.0926201013879244,-0.0542457328630942,0.0,-0.0027405765262605,0.0822507702011323,-0.0807189113053038,4332,0.2213667902781449,0.0027405765262605,0.1629696815064362,SHAP_content
-0.1025064397721774,-0.0766858656884803,-0.047412830917928,0.0,-0.0024330300842118,0.0741334426738677,-0.0704573567441105,3011,0.2266051363785859,0.0024330300842118,0.1445907994179783,SHAP_content
0.1119101149492736,-0.1927306978955346,-0.0851884217757639,0.0,-0.0040052260468865,0.1062799610826645,-0.1083798853124148,4651,0.3898292346205722,0.0040052260468865,0.2146598463950793,SHAP_content
-0.0543381750233802,-0.0917366239637917,-0.0633743109258357,0.0,-0.0031280234011291,0.0920442708280791,-0.0957488195102297,3874,0.2094491099130078,0.0031280234011291,0.1877930903383088,SHAP_content
-0.1542696830115191,-0.0112221695047041,-0.0564914702470972,0.0,-0.0022716683986679,0.082551262546785,-0.0818145612195063,4645,0.2219833227633204,0.0022716683986679,0.1643658237662913,SHAP_content
0.2184683344180465,0.0584087809115954,0.0735534165659446,0.0,0.0040657268676287,-0.1038562895260457,0.1163700455608738,1368,0.3504305318955867,0.0040657268676287,0.2202263350869195,SHAP_content
0.2271192054380801,-0.0906136382723969,0.0669340698883525,0.0,0.0031552628737111,-0.1095619063774728,0.1045217961377154,897,0.3846669135988296,0.0031552628737111,0.2140837025151883,SHAP_content
0.2425699897405936,0.0170442139390712,0.0735540098007987,0.0,0.0033929238104548,-0.1052496378892175,0.116003750186191,928,0.3331682134804635,0.0033929238104548,0.2212533880754086,SHAP_content
0.045841965648861,0.2179972805604987,0.0674107774673977,0.0,0.0051471503121069,-0.0980901533410403,0.1060512097302059,14,0.3312500236767574,0.0051471503121069,0.2041413630712463,SHAP_content
-0.1169898349778527,-0.0639067295848759,-0.0460366963739524,0.0,-0.0023636261156541,0.0720672424833981,-0.0685808404796583,2548,0.2269332609366811,0.0023636261156541,0.1406480829630565,SHAP_content
0.0989662279284817,-0.0832134811634203,0.0541260062154479,0.0,0.0034476930672048,-0.1050691716618733,0.0843211648754746,967,0.23630571530735,0.0034476930672048,0.189390336537348,SHAP_content
0.2234051156256236,-0.0856683972221958,0.0668794119653275,0.0,0.0024841275966413,-0.1095021599104736,0.1044447121127454,1106,0.375952924813147,0.0024841275966413,0.2139468720232191,SHAP_content
-0.1037840438211202,-0.0784223560089452,-0.0453848438079385,0.0,-0.0023362546775831,0.0715150409715988,-0.0672608298078418,4315,0.2275912436380041,0.0023362546775831,0.1387758707794407,SHAP_content
0.0554685858389564,-0.1553533086802943,0.0433682615032036,0.0,-0.0008747015622024,-0.0620456870328804,0.0593027420114957,3968,0.2541901560224544,0.0008747015622024,0.1213484290443761,SHAP_content
0.261797809874376,0.0593624883159967,0.0755957545882933,0.0,0.0027941301285932,-0.1018674765302394,0.1205599461840469,1254,0.3967560527786661,0.0027941301285932,0.2224274227142864,SHAP_content
-0.1153348190713544,-0.0326796852377261,-0.0652312196075314,0.0,-0.001428414557028,0.0912918961052608,-0.0925268118778694,2648,0.2132457239166121,0.001428414557028,0.1838187079831302,SHAP_content
-0.1453444272441694,-0.0238720368436765,-0.0531301042091304,0.0,-0.0026794281781791,0.0796505460000288,-0.0795807760944567,2923,0.2223465682969763,0.0026794281781791,0.1592313220944856,SHAP_content
-0.0906507969354173,-0.0792655677208421,-0.052779253710995,0.0,-0.0026773525473445,0.0804694524964622,-0.0786568197018224,4654,0.2226956183672546,0.0026773525473445,0.1591262721982846,SHAP_content
0.2097295797301869,-0.0624763705653156,0.0671757252739149,0.0,0.0035142890689998,-0.1090711620872111,0.1049618954427074,1639,0.3393816755694175,0.0035142890689998,0.2140330575299185,SHAP_content
0.1275977187761347,0.0884534651981624,0.0684535081359726,0.0,0.0035028035125659,-0.1045318767546646,0.1073200144734972,1133,0.2845046921102698,0.0035028035125659,0.2118518912281619,SHAP_content
-0.1171941811558219,-0.0641215411538607,-0.0457812784344031,0.0,-0.0022823678512633,0.0717313214450101,-0.0681799581324344,4398,0.2270970007440858,0.0022823678512633,0.1399112795774445,SHAP_content
-0.0382911564682181,0.1420895169591204,0.0558147760705115,0.0,0.0045153504430818,-0.0998024860179232,0.0864571106113211,3519,0.2361954494978501,0.0045153504430818,0.1862595966292443,SHAP_content
0.0116769120846412,-0.1288059883569238,-0.0736596572114019,0.0,-0.0020664272346146,0.1015661336374008,-0.1112044456186265,1878,0.214142557652967,0.0020664272346146,0.2127705792560274,SHAP_content
0.0054678737317654,0.0035547979051282,0.0499759772428909,0.0,0.0032795364977229,-0.1004432286841343,0.0773950825711846,271,0.0589986488797845,0.0032795364977229,0.1778383112553189,SHAP_spat
0.1012375730580469,-0.0444468793611621,0.0575205312771245,0.0,0.0035532808980355,-0.1064372783129522,0.0895734886759472,1473,0.2032049836963336,0.0035532808980355,0.1960107669888994,SHAP_content
0.1225395950057278,0.0359325993496432,0.0651781290961899,0.0,0.0026631724375986,-0.1064298141431961,0.101732695633333,1547,0.2236503234515611,0.0026631724375986,0.2081625097765291,SHAP_content
-0.1159124925714441,-0.0655661874291,-0.0456373149449173,0.0,-0.0023450272719844,0.071577546611685,-0.0679399709948183,4383,0.2271159949454615,0.0023450272719844,0.1395175176065034,SHAP_content
0.0124650153518241,-0.0234756024440338,0.0484289527396654,0.0,0.0030666728866172,-0.0995606508307991,0.0750325672486066,838,0.0843695705355234,0.0030666728866172,0.1745932180794057,SHAP_spat
-0.1283661199817911,-0.0514877229181565,-0.0464396788350382,0.0,-0.002377757770221,0.0721992014049576,-0.0694001504947229,2195,0.2262935217349859,0.002377757770221,0.1415993518996805,SHAP_content
0.0642547275723955,-0.100768039039337,0.0486362540243251,0.0,0.0030966707578455,-0.0941772613182866,0.0741095154183645,1835,0.2136590206360576,0.0030966707578455,0.1682867767366511,SHAP_content
0.0934582553496076,0.6544579187050577,0.0212721691596843,0.0,0.000294219123104,-0.0324067004390694,0.0370519095048081,412,0.7691883432143496,0.000294219123104,0.0694586099438776,SHAP_content
0.2069996406011681,-0.0492793582994168,0.0677710958296545,0.0,0.0041695871766646,-0.1087568588087788,0.1059422464611739,1712,0.3240500947302395,0.0041695871766646,0.2146991052699528,SHAP_content
-0.1229791278339952,-0.0565351162743394,-0.0468740702696593,0.0,-0.0024016048004723,0.0729769174477511,-0.0700078771954085,2795,0.226388314377994,0.0024016048004723,0.1429847946431596,SHAP_content
-0.1298408462953768,-0.0495958057153856,-0.0467024139080678,0.0,-0.0023894613171471,0.0724808264821292,-0.0698245278425366,2221,0.2261390659188303,0.0023894613171471,0.1423053543246659,SHAP_content
-0.0724834630058654,0.0735540706203263,0.0463025774539351,0.0,0.0035196283326906,-0.0955821267184921,0.0714473059682702,377,0.1923401110801269,0.0035196283326906,0.1670294326867623,SHAP_content
0.1166746129193305,0.0272479439492054,0.0640824471949541,0.0,0.0024264205539166,-0.1065728104024091,0.0999378781488111,1491,0.2080050040634901,0.0024264205539166,0.2065106885512203,SHAP_content
-0.1119276738027751,0.1034732693654849,0.0440300270430091,0.0,0.003407040013965,-0.0926738810894122,0.0679108650684232,738,0.2594309702112693,0.003407040013965,0.1605847461578354,SHAP_content
-0.1415365755648485,-0.0342427822845827,-0.0495648136290831,0.0,-0.0021355307174418,0.0756029855852576,-0.0739355601253609,3377,0.2253441714785144,0.0021355307174418,0.1495385457106186,SHAP_content
-0.1389109286728005,-0.0383455235394155,-0.0481724090608022,0.0,-0.0024540347937009,0.0741496309536115,-0.0721389634837006,3615,0.2254288612730182,0.0024540347937009,0.1462885944373121,SHAP_content
-0.053139751358167,-0.0894876222126142,-0.0646760842044939,0.0,-0.0031820954426702,0.093375399888983,-0.0979928281904404,4331,0.2073034577752752,0.0031820954426702,0.1913682280794235,SHAP_content
-0.1158466803945773,0.0442421587981377,0.0373843079661878,0.0,0.0027201669429596,-0.0853352650255996,0.0574901690163901,52,0.1974731471589029,0.0027201669429596,0.1428254340419898,SHAP_content
-0.1175971339624495,-0.0655693706994078,-0.0442992381438834,0.0,-0.0022796736421554,0.0697326860524557,-0.0658594047582619,4114,0.2274657428057408,0.0022796736421554,0.1355920908107176,SHAP_content
-0.1673948229503586,0.0703642222881656,0.0239681340722235,0.0,-0.0044474107074865,0.1212840813816931,-0.1498221200537298,2269,0.2617271793107478,0.0044474107074865,0.271106201435423,SHAP_spat
-0.1427196043348577,-0.0335406262836459,-0.0487040422304871,0.0,-0.002476290404042,0.0744952239813468,-0.0729265861505204,3094,0.2249642728489907,0.002476290404042,0.1474218101318673,SHAP_content
0.0239525373815047,0.0072455846780894,0.0526215002435731,0.0,0.0037191776830496,-0.1023786080252347,0.0815897600233022,1389,0.0838196223031673,0.0037191776830496,0.183968368048537,SHAP_spat
-0.0984983265162365,-0.073873950618874,-0.0514360761616606,0.0,-0.0026174221035924,0.0788761995639718,-0.0766939504053335,3188,0.2238083532967711,0.0026174221035924,0.1555701499693053,SHAP_content
-0.1625114392633444,-0.0103036573699212,-0.0509541055116163,0.0,-0.0025742200488229,0.076721203444013,-0.0762346942582909,3478,0.2237692021448819,0.0025742200488229,0.152955897702304,SHAP_content
-0.0984347656084144,-0.0799785524767049,-0.0479319770600474,0.0,-0.0024573462875752,0.0747930270579065,-0.0711647635252302,3433,0.2263452951451668,0.0024573462875752,0.1459577905831368,SHAP_content
-0.128623840730348,-0.051154108685719,-0.0464857654944412,0.0,-0.0023798137260342,0.0722496373274662,-0.0694783371987817,4191,0.2262637149105083,0.0023798137260342,0.141727974526248,SHAP_content
-0.1289174362834874,-0.0506592853478605,-0.0466489675168486,0.0,-0.0023878855069935,0.0724647413441947,-0.0697219412212676,2309,0.2262256891481966,0.0023878855069935,0.1421866825654623,SHAP_content
-0.0042219129859698,-0.1181815862406265,-0.0712625271988799,0.0,-0.0034469408497458,0.0998843183206791,-0.109296738236188,3222,0.1936660264254762,0.0034469408497458,0.2091810565568672,SHAP_spat
-0.1330679431335274,-0.045498022441688,-0.0472521931844238,0.0,-0.0024136763522526,0.0730541708336804,-0.0706945643163471,2590,0.2258181587596393,0.0024136763522526,0.1437487351500276,SHAP_content
0.2379768246096764,0.0201159919789428,0.0734417764390742,0.0,0.0046703084387968,-0.1051873651543918,0.1158264712055951,1632,0.3315345930276935,0.0046703084387968,0.221013836359987,SHAP_content
-0.1384927765120978,-0.0376281246619515,-0.0489438304180557,0.0,-0.0024910338389364,0.075017244069385,-0.073294384820629,4275,0.225064731592105,0.0024910338389364,0.1483116288900141,SHAP_content
-0.1291442504202083,-0.0495550313803099,-0.0473167481973467,0.0,-0.0024198661422302,0.0733492943832971,-0.0707650027993296,3174,0.226016029997865,0.0024198661422302,0.1441142971826268,SHAP_content
-0.1180285544666943,-0.0650058470761727,-0.0443800619032734,0.0,-0.0022833627478388,0.0698301850715055,-0.0660045838345285,2976,0.2274144634461405,0.0022833627478388,0.135834768906034,SHAP_content
-0.1241133531725951,-0.0560320707876151,-0.0464016731645244,0.0,-0.0023789417085598,0.0723618334881337,-0.0692909142920649,4280,0.2265470971247347,0.0023789417085598,0.1416527477801987,SHAP_content
-0.2076999428390694,0.0806749763198749,0.0282474627108688,0.0,0.0026715368862428,-0.0690669833298911,0.0436253903010244,467,0.3166223818698132,0.0026715368862428,0.1126923736309155,SHAP_content
-0.1370101817891647,-0.0405613334858359,-0.0478805623835787,0.0,-0.0024410087763501,0.0736910547873485,-0.0716701969492156,4488,0.2254520776585794,0.0024410087763501,0.1453612517365641,SHAP_content
0.1839496431205338,0.0108856110654189,0.0691314282339752,0.0,0.0029846404686563,-0.1071126315761368,0.1082927783205338,903,0.263966682419928,0.0029846404686563,0.2154054098966706,SHAP_content
0.0644938670734181,-0.1674450658845556,-0.0883886093916759,0.0,-0.0028950638953558,0.0975288517859095,-0.0732257366949833,4469,0.3203275423496498,0.0028950638953558,0.1707545884808929,SHAP_content
-0.1921576864781439,0.2774021112545433,0.0497664053749701,0.0,0.0061265039729108,-0.0915601361045603,0.0771005733357879,71,0.5193262031076574,0.0061265039729108,0.1686607094403482,SHAP_content
-0.2852274396083829,0.1067723378739683,-0.0478385888627021,0.0,-0.0024706697188993,0.0734207485685242,-0.0705286168493162,3217,0.4398383663450534,0.0024706697188993,0.1439493654178404,SHAP_content
0.0770284999223947,0.0884407724377284,0.0640798516017298,0.0,0.0039818071403586,-0.1045055077065933,0.0999224316853422,1898,0.229549123961853,0.0039818071403586,0.2044279393919356,SHAP_content
-0.1455360682593036,-0.0299698390630857,-0.0492295816219335,0.0,-0.0024998385545055,0.075071683673341,-0.0737034779121861,3995,0.2247354889443228,0.0024998385545055,0.1487751615855272,SHAP_content
0.0778306009719921,-0.09373335982282,0.0506839077034496,0.0,0.0045443115004922,-0.1023289303845664,0.0788806621967062,1207,0.2222478684982619,0.0045443115004922,0.1812095925812727,SHAP_content
-0.0906169369354136,-0.0898898551202113,-0.0466546238848662,0.0,-0.0023973536087822,0.0731832221440587,-0.0688831935633048,2077,0.2271614159404913,0.0023973536087822,0.1420664157073635,SHAP_content
-0.1762657783108233,0.1694862098818494,0.0423133498775251,0.0,0.0026379968345797,-0.0895020383172536,0.0654524683868057,1590,0.3880653380701979,0.0026379968345797,0.1549545067040594,SHAP_content
0.0682271095441268,0.2848701989847654,0.0697205354346077,0.0,0.0046538682114517,-0.0926067057156737,0.1118802242410938,2844,0.4228178439635001,0.0046538682114517,0.2044869299567676,SHAP_content
-0.1266166214918826,-0.0530789205391943,-0.0466650187059078,0.0,-0.002390111681881,0.0726104599460905,-0.0697208025747001,2205,0.2263605607369848,0.002390111681881,0.1423312625207907,SHAP_content
-0.3480332550017107,0.1592292383134414,-0.0399171961693415,0.0,-0.0020835209381958,0.0622392149038139,-0.0572511147784357,2980,0.5471796894844937,0.0020835209381958,0.1194903296822496,SHAP_content
0.2136588662388058,0.0752455527305954,0.073777325302159,0.0,0.0042962774718334,-0.1030323228057293,0.116982875411618,658,0.3626817442715602,0.0042962774718334,0.2200151982173473,SHAP_content
-0.0828939472604088,-0.0209566183818261,0.034926612320646,0.0,0.0047339097776744,-0.0815389980478294,0.0536915803365494,63,0.138777177962881,0.0047339097776744,0.1352305783843788,SHAP_content
0.2860533793378618,0.1394086310550298,0.0754918520775431,0.0,0.003102642122353,-0.0941639220671535,0.1244478755354629,1838,0.5009538624704348,0.003102642122353,0.2186117976026164,SHAP_content
-0.0960245442991818,-0.04378004913758,-0.0696453451167133,0.0,0.0011065570877258,-0.0227577599673052,0.0172729719489144,4000,0.2094499385534752,0.0011065570877258,0.0400307319162197,SHAP_content
-0.1040315268342836,-0.0785114046039006,-0.0451392001795079,0.0,-0.0023242396847996,0.0711802575353619,-0.0668759786632618,3036,0.2276821316176922,0.0023242396847996,0.1380562361986237,SHAP_content
0.1083465928405646,-0.1303074119530696,0.0512867839703424,0.0,0.0044369418719943,-0.1032788732602405,0.0800359494006281,454,0.2899407887639768,0.0044369418719943,0.1833148226608686,SHAP_content
-0.2828823080510793,0.0705292388076695,0.0133906470441824,0.0,0.0010469982101574,-0.0302038657753462,0.0223734676807622,402,0.3668021939029312,0.0010469982101574,0.0525773334561084,SHAP_content
0.0513335305139713,-0.0761745333770993,0.0489591795226352,0.0,0.0050966160633726,-0.0995802416152024,0.0758163283725635,1472,0.1764672434137059,0.0050966160633726,0.1753965699877659,SHAP_content
0.2202795687217458,0.1149711667242267,0.0748155507583815,0.0,0.0045093514996109,-0.1001029420681384,0.1198558265951544,677,0.4100662862043541,0.0045093514996109,0.2199587686632929,SHAP_content
0.0435444961033778,-0.1443834615425234,-0.0768855175996359,0.0,-0.0036722929192671,0.1048187959572714,-0.1192144476065523,3356,0.2648134752455372,0.0036722929192671,0.2240332435638237,SHAP_content
-0.1211765410932569,0.0265943489391967,0.0344452827633251,0.0,0.0022118455543485,-0.0807325341246048,0.0529164575614143,1616,0.1822161727957788,0.0022118455543485,0.1336489916860192,SHAP_content
0.2593681573760538,0.0666401551657856,0.0756490196830739,0.0,0.004219223190063,-0.1014433598436037,0.1208314092611556,1251,0.4016573322249133,0.004219223190063,0.2222747691047593,SHAP_content
-0.0018297811434363,0.1089718250365074,0.057406449937851,0.0,0.0037633503202882,-0.1018928645034978,0.0890329169857915,1983,0.1682080561177948,0.0037633503202882,0.1909257814892894,SHAP_spat
-0.124127563631503,-0.0547372305210254,-0.0473083007473353,0.0,-0.0024213837247522,0.0734814019121967,-0.0706889991930561,3425,0.2261730948998639,0.0024213837247522,0.1441704011052528,SHAP_content
-0.1306609725700634,-0.0449673560359341,-0.049393536052904,0.0,-0.0025150767906588,0.0758167074508177,-0.0739309277977698,3843,0.2250218646589016,0.0025150767906588,0.1497476352485875,SHAP_content
0.2428291201236661,0.1391998635078856,0.0753907391357355,0.0,0.0028881764053031,-0.0971299322455021,0.1223870727332444,1033,0.4574197227672874,0.0028881764053031,0.2195170049787466,SHAP_content
-0.0296304430202026,-0.0428183059522779,0.0405783828757524,0.0,0.0032061634280458,-0.0904272300853291,0.0626433207686837,174,0.1130271318482329,0.0032061634280458,0.1530705508540129,SHAP_spat
0.0709494244184383,0.627872916897556,0.0332038811818801,0.0,0.0012690596626501,-0.0410211821592139,0.0584229651392926,939,0.7320262224978744,0.0012690596626501,0.0994441472985066,SHAP_content
-0.1408925760940391,-0.0357792636058233,-0.0484406487347263,0.0,-0.0024649377051937,0.0742353956740011,-0.0725301981195022,3102,0.2251124884345888,0.0024649377051937,0.1467655937935033,SHAP_content
-0.1235108988075498,-0.0574170826829571,-0.0458448163539234,0.0,-0.002352338067174,0.0716416584335516,-0.0683843735161194,2587,0.2267727978444304,0.002352338067174,0.140026031949671,SHAP_content
0.052393701687861,-0.0088847155317978,0.0546384306179908,0.0,0.0029002377829056,-0.1041310156775759,0.084873093542847,334,0.1159168478376496,0.0029002377829056,0.1890041092204229,SHAP_spat
0.1619489042303081,0.0693291300336902,0.0702987236366406,0.0,0.0048340670563569,-0.1048841568250166,0.1104884732615612,873,0.301576757900639,0.0048340670563569,0.2153726300865778,SHAP_content
-0.182217894941648,0.0973625572670879,0.034071625326269,0.0,0.0027190107369165,-0.0797856882312038,0.0525155477823683,2853,0.313652077535005,0.0027190107369165,0.1323012360135721,SHAP_content
0.1006681621873991,-0.1482428044917102,0.0487611702659501,0.0,0.0049398842649354,-0.0999117015247559,0.07591409317303,1486,0.2976721369450595,0.0049398842649354,0.175825794697786,SHAP_content
-0.1251723181490129,-0.0543791940597625,-0.0467992463570554,0.0,-0.0023974378392198,0.0728295635403345,-0.0699270683832916,4293,0.2263507585658309,0.0023974378392198,0.1427566319236261,SHAP_content
0.0109933729192133,-0.0350110285175172,0.047164565659262,0.0,0.003158136678582,-0.0984591075920261,0.0730640977102085,296,0.0931689670959926,0.003158136678582,0.1715232053022347,SHAP_spat
0.0784664231840189,-0.1436933829510237,0.0461812768344338,0.0,0.0045259336804847,-0.0960267636869573,0.0716062818798483,4561,0.2683410829694764,0.0045259336804847,0.1676330455668057,SHAP_content
0.0771987399373922,-0.1604314183843936,0.0391669665479737,0.0,-0.004498950803664,0.1336933784029262,-0.16080737225267,4501,0.2767971248697596,0.004498950803664,0.2945007506555963,SHAP_spat
-0.1179529611620274,-0.0640588183793899,-0.0451994832477291,0.0,-0.0023238500351249,0.0709800956672497,-0.0673027705334614,3845,0.2272112627891464,0.0023238500351249,0.1382828662007111,SHAP_content
-0.0464657221780644,-0.080622744017702,-0.0700810800331625,0.0,-0.0034046092243824,0.0988052819206151,-0.1073637016406834,4218,0.197169546228929,0.0034046092243824,0.2061689835612986,SHAP_spat
-0.1559760328890126,-0.014888708088674,-0.0522472111303009,0.0,-0.0026358221790139,0.0783987902180608,-0.0781565832688361,3760,0.2231119521079876,0.0026358221790139,0.1565553734868969,SHAP_content
0.26154626014805,0.0441862066408297,0.0753219381033362,0.0,0.0036199864522087,-0.1028215772681375,0.1197324532547153,378,0.381054404892216,0.0036199864522087,0.2225540305228528,SHAP_content
-0.1191504851144219,-0.0633882575849709,-0.0447462198520774,0.0,-0.0023011223200892,0.0703051962974169,-0.0665903044269782,3110,0.2272849625514703,0.0023011223200892,0.1368955007243951,SHAP_content
-0.1238606298632764,-0.0572942640053585,-0.0456156194983526,0.0,-0.0023407344068946,0.071296740233836,-0.0680574744947946,2770,0.2267705133669877,0.0023407344068946,0.1393542147286306,SHAP_content
0.0037193970744671,-0.1279920649010711,-0.0705953074762364,0.0,-0.0034167619629255,0.099023358096761,-0.1079711116876443,3918,0.2023067694517747,0.0034167619629255,0.2069944697844054,SHAP_spat
0.1668290101946669,0.0336860807615559,0.0689653221080024,0.0,0.0039251485941799,-0.1064296994904556,0.1080695346624882,4138,0.2694804130642252,0.0039251485941799,0.2144992341529438,SHAP_content
0.1422532227618957,-0.20908206770775,-0.0901586211493716,0.0,-0.0039034650109952,-0.0566506895605342,0.0506341660825128,2210,0.4414939116190174,0.0039034650109952,0.107284855643047,SHAP_content
0.0337302663540041,-0.1380729550575537,0.0321825648106557,0.0,-0.004074729020972,0.1302569212562664,-0.1587091134141233,2172,0.2039857862222135,0.004074729020972,0.2889660346703898,SHAP_spat
-0.125314427457988,-0.0524230127941229,-0.0480786363795121,0.0,-0.0024565941506565,0.0743943013741811,-0.0718637409831483,2599,0.2258160766316231,0.0024565941506565,0.1462580423573295,SHAP_content
-0.1318828741630957,-0.0468528966241056,-0.0471972001318865,0.0,-0.0024123097485293,0.0730508579083931,-0.0705755943998526,2052,0.2259329709190879,0.0024123097485293,0.1436264523082458,SHAP_content
0.2854036585519305,0.0624017354773092,0.0763708002844823,0.0,0.0021913460691784,-0.1003055003796,0.1225176178153727,915,0.4241761943137221,0.0021913460691784,0.2228231181949727,SHAP_content
-0.0034927812122221,-0.1368526118933611,-0.0663731493520293,0.0,-0.0017677091309565,0.0940298312893146,-0.0979242578370959,4661,0.2067185424576126,0.0017677091309565,0.1919540891264106,SHAP_content
-0.1985488992000642,0.0492785647993395,0.0175878754196179,0.0,-0.0002901794299988,0.1103416956353876,-0.1264963622890813,4498,0.2654153394190217,0.0002901794299988,0.236838057924469,SHAP_content
-0.268932500786298,0.0895646733798383,-0.0481272789564432,0.0,-0.0017690842784238,0.0735801137404911,-0.0701796020892539,2335,0.4066244531225796,0.0017690842784238,0.143759715829745,SHAP_content
-0.1597198766160926,-0.0137095179398988,-0.0504851917838857,0.0,-0.0025518785124375,0.0761477269283511,-0.0755534905889002,3820,0.2239145863398772,0.0025518785124375,0.1517012175172514,SHAP_content
0.2360852227937586,0.0402501791590163,0.0739099780366175,0.0,0.0020969031942536,-0.1042878153422855,0.116862774830485,956,0.3502453799893925,0.0020969031942536,0.2211505901727705,SHAP_content
0.1908041842088237,0.1224295091231835,0.0736513761862297,0.0,0.003146383974786,-0.1009690054285722,0.1173322548725541,1887,0.3868850695182371,0.003146383974786,0.2183012603011263,SHAP_content
0.1518042555599973,-0.1614653306075493,0.0540333271622713,0.0,0.0047914475839728,-0.1049838474618563,0.0842637126806075,4695,0.367302913329818,0.0047914475839728,0.1892475601424638,SHAP_content
-0.2680001094852089,0.0898160960756256,-0.0480108807868814,0.0,-0.0024789013354529,0.073637427791553,-0.0708328480824842,3717,0.4058270863477159,0.0024789013354529,0.1444702758740372,SHAP_content
0.0892143605938181,0.6572147823715042,0.0229678980413669,0.0,0.0017241093472741,-0.0360778351333864,0.0390649058591285,4027,0.7693970410066894,0.0017241093472741,0.0751427409925149,SHAP_content
0.2049688179495514,-0.2500618419186616,0.0528304432297648,0.0,0.0032036482945496,-0.0892431751217959,0.0800713422495075,1182,0.507861103097978,0.0032036482945496,0.1693145173713035,SHAP_content
-0.0964791133761187,-0.0830530081277688,-0.04725581864587,0.0,-0.0024257815082607,0.0739553845916709,-0.0700055602278142,4689,0.2267879401497576,0.0024257815082607,0.1439609448194851,SHAP_content
0.212787484005449,0.303621545406323,0.0683587773703934,0.0,0.0033524327219003,-0.0833665693973363,0.1178899384889976,1423,0.5847678067821654,0.0033524327219003,0.2012565078863339,SHAP_content
-0.1607318892546447,-0.0100130964600154,-0.0523051125062829,0.0,-0.002637952427843,0.0783809654811942,-0.0782557339137497,4679,0.2230500982209431,0.002637952427843,0.156636699394944,SHAP_content
-0.2017839769293291,0.0297752248131896,-0.051550753432106,0.0,-0.0026169533475776,0.077391522433226,-0.0770872920941267,2400,0.2831099551746248,0.0026169533475776,0.1544788145273528,SHAP_content
-0.1176794973323191,-0.0544649892430483,-0.0515035997735134,0.0,-0.0026174576372567,0.0786044057271958,-0.0770974378312561,2892,0.2236480863488809,0.0026174576372567,0.1557018435584519,SHAP_content
-0.1210048311512957,-0.0610682979640353,-0.0450144993094862,0.0,-0.002312910404575,0.0705925128978382,-0.0670641922386611,3596,0.2270876284248174,0.002312910404575,0.1376567051364993,SHAP_content
0.2525778015492121,0.0926019964051527,0.0756826898320311,0.0,0.0037976403916124,-0.100036684691639,0.1214947904584024,1722,0.420862487786396,0.0037976403916124,0.2215314751500415,SHAP_content
0.232956853817568,0.0287482734715874,0.0733859492575208,0.0,0.003113263729283,-0.105005506960889,0.1157891532751938,1667,0.3350910765466763,0.003113263729283,0.2207946602360828,SHAP_content
-0.1302692574721896,-0.0490085087228873,-0.0468212651499898,0.0,-0.0023951023202112,0.0726213875739965,-0.0699989321187523,2884,0.2260990313450668,0.0023951023202112,0.1426203196927489,SHAP_content
-0.1468374037927724,-0.0281955647354409,-0.0495685852893152,0.0,-0.0025151121775771,0.0754685975626714,-0.0742102174875047,2994,0.2246015538175286,0.0025151121775771,0.1496788150501762,SHAP_content
0.1577457743006799,0.035278325792228,0.0683254400262841,0.0,0.0043371595446177,-0.1064591716921798,0.1069932140412267,886,0.2613495401191921,0.0043371595446177,0.2134523857334065,SHAP_content
-0.1491165690005108,-0.0234057015369508,-0.0512412531982808,0.0,-0.0025915099758733,0.0773943746007298,-0.0766922895420733,4056,0.2237635237357425,0.0025915099758733,0.1540866641428031,SHAP_content
-0.1591995961725986,-0.0130844266513203,-0.0513447774707307,0.0,-0.0025939576299266,0.0772932797846622,-0.076847129210748,4494,0.2236288002946498,0.0025939576299266,0.1541404089954103,SHAP_content
0.1254731436086692,0.0900566161842925,0.0683735754793871,0.0,0.0038109881050638,-0.1044735835969274,0.1071872682054623,333,0.2839033352723489,0.0038109881050638,0.2116608518023897,SHAP_content
0.0084608642519779,-0.0156856879534966,0.0484559987315033,0.0,0.0012175612299941,-0.0994727843877593,0.0750544580855454,153,0.0726025509369778,0.0012175612299941,0.1745272424733047,SHAP_spat
0.2310827306799877,-0.0372637903224894,0.0703420727743444,0.0,0.0029477659541193,-0.1079925903785049,0.1101432243220927,721,0.3386885937768215,0.0029477659541193,0.2181358147005976,SHAP_content
0.1507910396701078,0.1188893194069727,0.0713190562428193,0.0,0.003107850398247,-0.1025146831470705,0.1126253092668763,373,0.3409994153198998,0.003107850398247,0.2151399924139468,SHAP_content
-0.0854215466019176,0.1812281083260499,0.05341122616179,0.0,0.0036601943677889,-0.0970760107110203,0.0826933206696746,312,0.3200608810897575,0.0036601943677889,0.179769331380695,SHAP_content
0.0149290935258369,-0.071028447567958,0.0439642439019375,0.0,0.0012301759866163,-0.095091093123795,0.068154106420527,1849,0.1299217849957325,0.0012301759866163,0.163245199544322,SHAP_spat
0.2338706997054813,-0.0514706835635608,0.069860544320406,0.0,0.0042122194044721,-0.1084541046810066,0.1093231741669236,1622,0.3552019275894482,0.0042122194044721,0.2177772788479303,SHAP_content
-0.0364293832611031,0.5270516661651107,0.0594994058150378,0.0,0.0033994308414637,-0.0686775353166991,0.1002360757206304,42,0.6229804552412516,0.0033994308414637,0.1689136110373295,SHAP_content
-0.11002815667741,-0.071630590968418,-0.0456663219293408,0.0,-0.0023477164087944,0.0717599811311533,-0.0678333497291554,2693,0.2273250695751689,0.0023477164087944,0.1395933308603087,SHAP_content
-0.2120547530947177,0.2488828160971578,0.0454541720503153,0.0,0.0017848562621289,-0.090269364005311,0.0704490960269069,417,0.5063917412421909,0.0017848562621289,0.160718460032218,SHAP_content
-0.1203818213675408,-0.0569324234569426,-0.0484342662329245,0.0,-0.002475719859095,0.0750143106548587,-0.072379973472887,4602,0.225748511057408,0.002475719859095,0.1473942841277457,SHAP_content
0.0123397206903846,-0.1307378585575013,-0.0724362776930987,0.0,-0.0034918508746115,0.1006876046201902,-0.1107626475307295,4522,0.2155138569409847,0.0034918508746115,0.2114502521509198,SHAP_content
-0.0510824683377915,0.1589997068122615,0.0554937419878146,0.0,0.0029462957395778,-0.0990123480587322,0.08596359649111,704,0.2655759171378677,0.0029462957395778,0.1849759445498422,SHAP_content
0.2301718865800103,0.0472156963980651,0.0738639824006909,0.0,0.0039714238266275,-0.1040481270569384,0.1168567315575545,732,0.3512515653787665,0.0039714238266275,0.220904858614493,SHAP_content
0.1949166944101276,-0.1269891348520418,0.0614715385837202,0.0,0.0045573041684336,-0.1092674803579688,0.0959404084700094,944,0.3833773678458897,0.0045573041684336,0.2052078888279783,SHAP_content
-0.1233554912421022,-0.057401342543214,-0.0459768380407354,0.0,-0.0023587866049595,0.0718333744235413,-0.0686051796070237,3614,0.2267336718260517,0.0023587866049595,0.140438554030565,SHAP_content
0.2399956140808897,-0.0943015291231719,0.0678257228537643,0.0,0.0033132279733713,-0.1095347797893118,0.1059172433715745,1806,0.402122866057826,0.0033132279733713,0.2154520231608864,SHAP_content
0.1345738000580906,-0.0392047392758483,0.0614284378664572,0.0,0.0023890609805824,-0.1078897157939304,0.0957900150588756,1018,0.2352069772003961,0.0023890609805824,0.203679730852806,SHAP_content
0.2268276397013291,-0.0060109994298096,0.0716083778723094,0.0,0.0039977817036905,-0.1068754904043358,0.1124286097099089,907,0.3044470170034483,0.0039977817036905,0.2193041001142448,SHAP_content
0.1987701241455234,0.1069358702505098,0.0737161733934697,0.0,0.0026449609265169,-0.1016972060005752,0.1172387295442612,1693,0.3794221677895029,0.0026449609265169,0.2189359355448365,SHAP_content
-0.0468684315970892,-0.0978908251985971,-0.0638669984451893,0.0,-0.0031473019607664,0.0925698852614776,-0.0964910225830525,2791,0.2086262552408757,0.0031473019607664,0.1890609078445302,SHAP_content
-0.1050721345410274,-0.0766397945103,-0.0457071646543286,0.0,-0.002351471589107,0.0719289410151959,-0.0678184305503186,4368,0.2274190937056562,0.002351471589107,0.1397473715655146,SHAP_content
-0.1530176385502885,0.0880478508845361,0.0369363360749849,0.0,0.0018783172257141,-0.0842891098624725,0.0568852736825898,519,0.2780018255098097,0.0018783172257141,0.1411743835450624,SHAP_content
0.0028688392141291,0.0082343481114567,0.0499074363767365,0.0,0.0015066214946352,-0.100313996958758,0.0772810200355098,814,0.0610106237023224,0.0015066214946352,0.1775950169942678,SHAP_spat
0.0043788219487353,-0.0955610227356865,0.039758302383096,0.0,0.0018803488777922,-0.0891416509138893,0.0616311620899641,818,0.1396981470675179,0.0018803488777922,0.1507728130038534,SHAP_spat
-0.0258659586364973,-0.0223203339560485,0.0432901004256925,0.0,0.0029421858265441,-0.0938741054327712,0.066852048785632,3449,0.0914763930182384,0.0029421858265441,0.1607261542184032,SHAP_spat
-0.0078463109895446,0.3750892081796129,0.0661366749075592,0.0,0.0029481540521691,-0.085931343482934,0.1062654277568675,1522,0.4490721940767169,0.0029481540521691,0.1921967712398015,SHAP_content
0.2864479841110466,0.0909705071500822,0.0763926450472461,0.0,0.0030760659373129,-0.0981137366293887,0.1236940231750453,1638,0.453811136308375,0.0030760659373129,0.2218077598044341,SHAP_content
0.097728810433704,-0.1848520014723299,-0.0872067747427305,0.0,-0.0040909260870031,0.103866482864182,-0.094351928320801,3557,0.3697875866487646,0.0040909260870031,0.1982184111849831,SHAP_content
-0.0644692871569722,-0.0962474034492874,-0.0572929833066009,0.0,-0.0028717759153287,0.0856289796765505,-0.0855538153307099,4428,0.2180096739128607,0.0028717759153287,0.1711827950072605,SHAP_content
-0.1311508031138513,-0.0233326151804463,-0.0655391227845102,0.0,0.0011436581282729,-0.0139295243830198,0.0122775688845519,1700,0.2200225410788079,0.0011436581282729,0.0262070932675717,SHAP_content
-0.1271792209292753,-0.0526665124452123,-0.0465349716032086,0.0,-0.0023835336948812,0.0724054448355933,-0.0695084805643774,3526,0.2263807049776962,0.0023835336948812,0.1419139253999707,SHAP_content
-0.1272623769328274,-0.0529029013347618,-0.0462592104926174,0.0,-0.0023698439526847,0.0720057883911484,-0.0690834769308363,3734,0.2264244887602067,0.0023698439526847,0.1410892653219847,SHAP_content
-0.1272656814873546,-0.0493434174469548,-0.0488024781945513,0.0,-0.0024893869215074,0.0752197324703312,-0.0729973939855504,3046,0.2254115771288608,0.0024893869215074,0.1482171264558817,SHAP_content
0.1920685136401628,0.0573335693555452,0.0718453764922428,0.0,0.0030393912938369,-0.1048313785494876,0.1131813014988105,1883,0.3212474594879508,0.0030393912938369,0.2180126800482981,SHAP_content
-0.241219520910166,0.1025534251808947,0.0263662126315417,0.0,0.0026965427711162,-0.0649284371341723,0.0409630931468907,2592,0.3701391587226024,0.0026965427711162,0.105891530281063,SHAP_content
0.2545746241307291,0.044528372627754,0.0750207731471736,0.0,0.003692632946671,-0.1031400238025438,0.1191115385898272,379,0.3741237699056567,0.003692632946671,0.2222515623923711,SHAP_content
-0.122704707971461,-0.0346261853152703,-0.0590004748895674,0.0,-0.0026586549820941,0.0860714486597442,-0.0883413856838111,3775,0.2163313681762989,0.0026586549820941,0.1744128343435553,SHAP_content
-0.1248109653955282,-0.0542446287780325,-0.0471594081152384,0.0,-0.0024143703555785,0.0732791189414616,-0.0704710496361456,4003,0.2262150022887991,0.0024143703555785,0.1437501685776073,SHAP_content
-0.1044161822010179,-0.065097283835589,-0.0529402401558178,0.0,-0.0026839055325583,0.0804224026882108,-0.0791535948405943,2251,0.2224537061924248,0.0026839055325583,0.1595759975288051,SHAP_content
-0.1755058539276774,0.0034347444320795,-0.0513786020948649,0.0,-0.0025938991718272,0.07701682691524,-0.076845444575123,2148,0.230319200454622,0.0025938991718272,0.153862271490363,SHAP_content
0.2227754735855769,-0.035464011496003,0.0698779767225437,0.0,0.0046940154056497,-0.1080951332604585,0.1094053955943509,3726,0.3281174618041237,0.0046940154056497,0.2175005288548094,SHAP_content
-0.1191732818686722,-0.0634780890350015,-0.0446359993216726,0.0,-0.0022953829900658,0.0701437781080073,-0.066433189390313,2144,0.2272873702253464,0.0022953829900658,0.1365769674983204,SHAP_content
-0.1092744144664267,-0.0460228204363107,-0.0611020598405351,0.0,-0.0018660521109069,0.0880580610649082,-0.0892256202018076,2566,0.2163992947432726,0.0018660521109069,0.1772836812667158,SHAP_content
0.0656964102873522,0.117257226698561,0.0646088870982752,0.0,0.0034288393563806,-0.1033673129041846,0.1008058127633411,1803,0.2475625240841885,0.0034288393563806,0.2041731256675258,SHAP_content
-0.1640036064052103,-0.0089355031264347,-0.0508042766621368,0.0,-0.0025661126611997,0.0764530607709441,-0.0760157905127541,3621,0.2237433861937819,0.0025661126611997,0.1524688512836983,SHAP_content
-0.0529466940931509,0.2159314015318977,0.0588313836888528,0.0,0.002861154441092,-0.097434682237705,0.0913784207720951,3967,0.3277094793139015,0.002861154441092,0.1888131030098001,SHAP_content
0.2032843412899566,0.0081943878691119,0.0704749649936556,0.0,0.0023386854932551,-0.1068968023193199,0.1105484196052493,1594,0.2819536941527242,0.0023386854932551,0.2174452219245692,SHAP_content
0.0360117534602697,-0.135395005246827,-0.0784649713516021,0.0,-0.0021295331785235,0.105980708600679,-0.1190373764739228,4328,0.2498717300586988,0.0021295331785235,0.2250180850746018,SHAP_content
0.0585781685417615,-0.0011957985561594,0.0562164941013467,0.0,0.0055603432006991,-0.1042305758773677,0.08721041433068,1706,0.1159904611992678,0.0055603432006991,0.1914409902080477,SHAP_spat
0.0881874289839656,-0.1789059407785764,-0.0816838578703925,0.0,-0.0038623695997081,0.1054067077564076,-0.1121949690652138,4617,0.3487772276329346,0.0038623695997081,0.2176016768216215,SHAP_content
-0.1917349296057573,0.0203845442841033,-0.0519910253424771,0.0,-0.0026292395241569,0.0778897229411696,-0.0777913013496896,3790,0.2641104992323378,0.0026292395241569,0.1556810242908593,SHAP_content
0.0517933648560485,-0.0128651827928355,0.054259435516801,0.0,0.0030809087761068,-0.1039795421088727,0.0842814772899919,1820,0.1189179831656851,0.0030809087761068,0.1882610193988646,SHAP_spat
-0.1712546776873816,0.0082307953761931,-0.0562216844981624,0.0,-0.002819348102239,0.082548634180027,-0.0841390695181464,2562,0.2357071575617373,0.002819348102239,0.1666877036981734,SHAP_content
-0.0227388668171166,-0.1129353881754628,-0.0670320119299625,0.0,-0.0032742821534415,0.095726140514499,-0.1018576016385409,2559,0.2027062669225419,0.0032742821534415,0.1975837421530399,SHAP_content
-0.1223679207559001,-0.0588775053182331,-0.0456396693598505,0.0,-0.0023430012053336,0.0714154771929457,-0.0680550269201693,4208,0.2268850954339838,0.0023430012053336,0.1394705041131151,SHAP_content
0.0206298610792373,0.302710949249738,0.0675095119206054,0.0,0.0036560836921565,-0.0920872999389654,0.1073164205845933,1582,0.3908503222495809,0.0036560836921565,0.1994037205235587,SHAP_content
-0.1750853041996517,0.0060539807830783,-0.0532935788829596,0.0,-0.0026860468417534,0.0793845052820806,-0.0797152972290895,2547,0.2344328638656897,0.0026860468417534,0.1590998025111702,SHAP_content
-0.0207529709806855,-0.0036781079592593,0.0457707445684898,0.0,0.0021004394824188,-0.0965592404874083,0.0707404647990359,319,0.0702018235084347,0.0021004394824188,0.1672997052864443,SHAP_spat
-0.1345415722944875,-0.0434058299907595,-0.0477060623432328,0.0,-0.0024348722498742,0.073602776882095,-0.0713825138345696,4321,0.2256534646284799,0.0024348722498742,0.1449852907166646,SHAP_content
-0.1208003247795521,-0.0612904384908632,-0.0450191103122557,0.0,-0.0023134464839787,0.0706104870044909,-0.0670589971468093,3364,0.2271098735826711,0.0023134464839787,0.1376694841513003,SHAP_content
0.1406083262451263,0.03457949060883,0.0667870298213408,0.0,0.0036660126581946,-0.1065737081895084,0.1044118201245495,1763,0.2419748466752972,0.0036660126581946,0.210985528314058,SHAP_content
-0.0081741648365437,-0.1349641346281551,-0.0831676103068069,0.0,0.0010952797939557,0.0417924352507293,-0.0039233078842221,2843,0.2263059097715057,0.0010952797939557,0.0457157431349514,SHAP_content
-0.1476294756995458,-0.027667443093493,-0.0493022680220881,0.0,-0.0025014208273698,0.0750522384391394,-0.073823859344728,4445,0.2245991868151269,0.0025014208273698,0.1488760977838675,SHAP_content
-0.1695650472728755,-0.002739955030603,-0.0512646494345445,0.0,-0.002588355617518,0.0769653684499126,-0.076670972108827,2141,0.2235696517380231,0.002588355617518,0.1536363405587397,SHAP_content
-0.0670258696346542,0.0801552329309523,0.0475878424418407,0.0,0.0036588900982439,-0.0966004618150494,0.0734719026635355,213,0.1947689450074473,0.0036588900982439,0.1700723644785849,SHAP_content
-0.1072596422753362,-0.0707684251105423,-0.0481065873780147,0.0,-0.002464902755171,0.0749276244328891,-0.0716687835880333,3497,0.2261346547638933,0.002464902755171,0.1465964080209225,SHAP_content
0.1777608684065253,0.0520212976811172,0.0706198139159586,0.0,0.0029093940186989,-0.1054606521698875,0.1109732250068263,803,0.3004019800036012,0.0029093940186989,0.2164338771767139,SHAP_content
-0.127212784152482,-0.0528935048800549,-0.0463019612757923,0.0,-0.0023721440964356,0.0720764585063959,-0.069167441022646,4132,0.2264082503083293,0.0023721440964356,0.1412438995290419,SHAP_content
-0.0791011431939672,-0.0727972532846124,-0.0637778334309744,0.0,0.0010815897974819,-0.0183672784806547,0.0150960484964887,105,0.2156762299095542,0.0010815897974819,0.0334633269771434,SHAP_content
-0.1243171717728414,-0.048720156521073,-0.0510011256407375,0.0,-0.0025924676768765,0.0778874436118963,-0.0763599534160949,3805,0.224038453934652,0.0025924676768765,0.1542473970279912,SHAP_content
-0.1202970094849311,-0.0593953297493866,-0.0468148286843468,0.0,-0.0023993912901779,0.0729746357591055,-0.0698613479659673,2806,0.2265071679186645,0.0023993912901779,0.1428359837250729,SHAP_content
-0.1660799723235053,0.105479266653691,0.0370153123683915,0.0,0.0011001253865309,-0.0842261665743519,0.057069547088496,1465,0.3085745513455878,0.0011001253865309,0.141295713662848,SHAP_content
-0.1269325615191431,-0.0533339170749228,-0.0461769182560787,0.0,-0.0023659686554034,0.0719138810230733,-0.0689767425455492,2953,0.2264433968501448,0.0023659686554034,0.1408906235686225,SHAP_content
0.1225952660703554,0.6216501419097018,0.0234971483688794,0.0,0.0007826018380226,-0.034889891739118,0.0404925049553507,565,0.7677425563489367,0.0007826018380226,0.0753823966944687,SHAP_content
-0.2065866613459059,0.035141593937561,-0.0519913401430944,0.0,-0.0026437750444819,0.0781023040578055,-0.0777496515983391,4686,0.2937195954265614,0.0026437750444819,0.1558519556561447,SHAP_content
-0.1427617142730655,-0.0334960986248039,-0.0487088009990446,0.0,-0.0024765208174482,0.0745056054523167,-0.0729346993347586,4345,0.2249666138969142,0.0024765208174482,0.1474403047870753,SHAP_content
-0.0987094814740948,-0.0727226102119951,-0.0519472913897148,0.0,-0.0026403007914645,0.0794392496535992,-0.0774948929242637,2524,0.2233793830758048,0.0026403007914645,0.156934142577863,SHAP_content
0.2060815603978529,-0.2475134281816923,0.0526100671963381,0.0,0.00294721256736,-0.0964954260613346,0.0814985394834241,1474,0.5062050557758834,0.00294721256736,0.1779939655447588,SHAP_content
-0.1445054296585814,-0.0058761921913635,-0.0615689397036621,0.0,-0.0030011264091323,0.0881649237624428,-0.0927736850203922,3236,0.2119505615536072,0.0030011264091323,0.1809386087828351,SHAP_content
-0.118883057083996,-0.0638654875297676,-0.0445727731569891,0.0,-0.002292427198742,0.0700663847869364,-0.0663248135915754,2829,0.2273213177707529,0.002292427198742,0.1363911983785118,SHAP_content
-0.1621680875207496,-0.0109741288989587,-0.050670099609774,0.0,-0.0025600283768422,0.0763203625755032,-0.0758202467616124,2502,0.2238123160294824,0.0025600283768422,0.1521406093371157,SHAP_content
0.2294842764683099,-0.0628166112851192,0.0687929494215818,0.0,0.0027344433277093,-0.1089118686479669,0.107550070621656,317,0.3610938371750111,0.0027344433277093,0.2164619392696229,SHAP_content
-0.0445132689738768,0.0410451267191368,0.0469150629204698,0.0,0.0032230224166472,-0.0969238102732496,0.0724502224997612,1200,0.1324734586134835,0.0032230224166472,0.1693740327730108,SHAP_spat
-0.1312833966226521,-0.0477586741742002,-0.0469526163255526,0.0,-0.002400530540482,0.0727437509993575,-0.0702207619197177,2278,0.2259946871224051,0.002400530540482,0.1429645129190752,SHAP_content
0.225333048194112,-0.097383150560247,0.0663743789445941,0.0,0.0034547087757085,-0.1095182528540198,0.1035884594295484,652,0.3890905776989532,0.0034547087757085,0.2131067122835683,SHAP_content
-0.090417128230435,0.0202818819668006,0.0383183659056147,0.0,0.0016951932874081,-0.0868883765087618,0.0589512403771192,70,0.1490173761028504,0.0016951932874081,0.1458396168858811,SHAP_content
-0.1202755243033659,-0.0582204334623126,-0.0476462748399924,0.0,-0.0024384841689893,0.0740352977347405,-0.071159997944017,2658,0.226142232605671,0.0024384841689893,0.1451952956787575,SHAP_content
0.1358593564531108,0.0194662622695786,0.0655280290342101,0.0,0.0044467051504907,-0.1070118936639356,0.1023340774414141,1174,0.2208536477568996,0.0044467051504907,0.2093459711053497,SHAP_content
0.0952749265508372,-0.0382117128064903,0.0572545699460861,0.0,0.0025942241917759,-0.1062412238802631,0.0891451626622663,1088,0.1907412093034137,0.0025942241917759,0.1953863865425294,SHAP_spat
-0.0998410408299106,-0.0761607881426592,-0.0493779220911308,0.0,-0.0025240650348584,0.0765106166241973,-0.0734844098260483,4667,0.2253797510637007,0.0025240650348584,0.1499950264502457,SHAP_content
-0.0922454586742992,0.1865513193110305,0.0529966609222351,0.0,0.0027337228731747,-0.0966736868536387,0.0820533771886228,410,0.3317934389075649,0.0027337228731747,0.1787270640422615,SHAP_content
-0.1638087452499953,-0.0092776042330616,-0.0511443332049397,0.0,-0.0025834910616356,0.0768215061674925,-0.0758611679486117,4064,0.2242306826879966,0.0025834910616356,0.1526826741161042,SHAP_content
-0.1166173915453189,-0.066881548874695,-0.0440753611943555,0.0,-0.0022691083902063,0.0694532374009867,-0.0654820064733751,4601,0.2275743016143695,0.0022691083902063,0.1349352438743619,SHAP_content
-0.1025591569083725,-0.0742523799650045,-0.0488835454262219,0.0,-0.0025013206567918,0.075904792402273,-0.0727715823712812,2386,0.225695082299599,0.0025013206567918,0.1486763747735544,SHAP_content
-0.1621442951387822,-0.0122222208520757,-0.0558823871615883,0.0,-0.0008053059366203,0.080493716025496,-0.073768039261982,2091,0.2302489031524463,0.0008053059366203,0.154261755287478,SHAP_content
0.1127401239054426,0.6334011801990055,0.0222920366299521,0.0,0.0004529536590899,-0.033376000497305,0.038617477507007,601,0.7684333407344003,0.0004529536590899,0.0719934780043121,SHAP_content
-0.119911279924743,-0.0610470000132719,-0.045927041336214,0.0,-0.0023580613839324,0.0718630446358887,-0.0684641448488612,3013,0.226885321274229,0.0023580613839324,0.1403271894847499,SHAP_content
-0.1514150278191275,-0.0228350924872412,-0.0500559623995862,0.0,-0.0025356244306852,0.0759138179049057,-0.0749295010926917,2219,0.2243060827059551,0.0025356244306852,0.1508433189975974,SHAP_content
-0.1820256538133648,0.010745028977846,-0.0520497943648867,0.0,-0.0026224398149754,0.0779920715941256,-0.0779114411755527,2465,0.2448204771560976,0.0026224398149754,0.1559035127696784,SHAP_content
0.1177325302639878,0.3649222672123769,0.0675248702619128,0.0,0.0033471810458269,-0.0825893895905681,0.1142194483905331,837,0.5501796677382776,0.0033471810458269,0.1968088379811013,SHAP_content
-0.1138545971130858,-0.0685006205854394,-0.0450503134592038,0.0,-0.0023175477450177,0.0708504541023851,-0.0669617355161771,3325,0.2274055311577291,0.0023175477450177,0.1378121896185623,SHAP_content
0.2300533170144429,-0.0928024192716187,0.0670037537997205,0.0,0.0022532881503467,-0.1095713001055024,0.1046149538015242,624,0.3898594900857823,0.0022532881503467,0.2141862539070266,SHAP_content
0.0963552530741933,-0.0455194459848468,0.0569192825005352,0.0,0.0040774199577789,-0.1061953962677302,0.0886314955542154,1627,0.1987939815595754,0.0040774199577789,0.1948268918219456,SHAP_content
0.2302341726234787,0.0311227915963544,0.0733309764551338,0.0,0.0037388607914407,-0.1049535576025769,0.1157113081160669,806,0.334687940674967,0.0037388607914407,0.2206648657186439,SHAP_content
-0.0381898287199544,-0.1114773311684256,-0.0619034393534511,0.0,-0.0030625454988761,0.0904936375993351,-0.0930480751172114,3115,0.2115705992418313,0.0030625454988761,0.1835417127165466,SHAP_content
-0.0456643505303968,0.0456274588061014,0.0472627850185199,0.0,0.0041313638914086,-0.0971239329841135,0.0729845308007625,637,0.1385545943550183,0.0041313638914086,0.170108463784876,SHAP_spat
0.2478897898219055,0.138643056653825,0.0754651422421738,0.0,0.0026561080174738,-0.0968789600306847,0.1226783570352672,423,0.4619979887179044,0.0026561080174738,0.219557317065952,SHAP_content
0.0100131577147795,-0.031424885577864,0.0524561956266717,0.0,0.0033594557546712,0.1275053687371407,-0.07253160096085,1996,0.0938942389193152,0.0033594557546712,0.2000369696979907,SHAP_spat
-0.0402077035035551,-0.1071934916478954,-0.0629154312001628,0.0,-0.0031058461610872,0.0914942255913487,-0.094452319180618,4472,0.2103166263516135,0.0031058461610872,0.1859465447719667,SHAP_content
-0.1052382989092987,-0.0705163755080294,-0.0494971262342672,0.0,-0.0025292887722151,0.0765891397316958,-0.0737905101971274,2486,0.2252518006515954,0.0025292887722151,0.1503796499288233,SHAP_content
0.0697818077964638,0.2597785218516444,0.0696731380827201,0.0,0.0036484815894681,-0.0947103520506845,0.111091307996075,150,0.3992334677308284,0.0036484815894681,0.2058016600467596,SHAP_content
-0.1205337323627714,-0.0615809661894688,-0.0450152490941484,0.0,-0.0023135374574469,0.0706219894052981,-0.0670498549246299,3109,0.2271299476463886,0.0023135374574469,0.137671844329928,SHAP_content
0.0185624484693715,-0.0435982290731588,0.0474518700291703,0.0,0.0040510010329106,-0.0988431138736947,0.0735497080082424,1580,0.1096125475717008,0.0040510010329106,0.1723928218819372,SHAP_spat
0.1310978673490881,-0.0452773941383349,0.0607587791790384,0.0,0.0042587320602996,-0.1078013152903605,0.0947372462163348,626,0.2371340406664615,0.0042587320602996,0.2025385615066954,SHAP_content
-0.1347507083914383,-0.0334402006393587,-0.0544087182462959,0.0,-0.0027286494272786,0.0809477445608353,-0.0797966900659634,3002,0.2225996272770931,0.0027286494272786,0.1607444346267987,SHAP_content
-0.0683731345191927,-0.0768409589186254,-0.0637370866911096,0.0,-0.0031443479288363,0.092228230131593,-0.0964328829304161,3796,0.2089511801289277,0.0031443479288363,0.1886611130620091,SHAP_content
0.2463560572349234,-0.0502600492762637,0.0708768062131139,0.0,0.0040524061911678,-0.1080511273455146,0.1109716028852766,3481,0.3674929127243011,0.0040524061911678,0.2190227302307912,SHAP_content
-0.2584571914665763,0.4319347687921273,0.0555749130855915,0.0,0.0041299259746759,-0.0888447069980307,0.0852611306360856,143,0.7459668733442952,0.0041299259746759,0.1741058376341163,SHAP_content
-0.1433422833681533,-0.0326692775755568,-0.0490305854863771,0.0,-0.0023413693406684,0.0749180514004126,-0.073399147849786,2574,0.2250421464300874,0.0023413693406684,0.1483171992501987,SHAP_content
-0.1106984528289856,-0.0640326060104146,-0.0500685510456684,0.0,-0.0025545585404052,0.0771566247650697,-0.0747818247035516,4014,0.2247996098850687,0.0025545585404052,0.1519384494686214,SHAP_content
0.0428150586864535,-0.0073052453472767,0.0537283055684197,0.0,0.0041515754703948,-0.1034761614722395,0.0834057390419878,1880,0.10384860960215,0.0041515754703948,0.1868819005142274,SHAP_spat
-0.1065496476532693,-0.0655162900403856,-0.0515773566796445,0.0,-0.0026231510850205,0.0789058716683786,-0.0770550728077847,3452,0.2236432943732995,0.0026231510850205,0.1559609444761633,SHAP_content
-0.117510192759804,-0.0596420311801889,-0.0485705627298785,0.0,-0.0024835040193735,0.0752679325388587,-0.0725597663463752,3605,0.2257227866698714,0.0024835040193735,0.147827698885234,SHAP_content
-0.151185711664104,-0.0234839510567148,-0.0496981420868047,0.0,-0.0025181486213005,0.0754197942590607,-0.0744060694221688,3342,0.2243678048076235,0.0025181486213005,0.1498258636812295,SHAP_content
-0.1304016154238446,-0.048878464434999,-0.0468021645401863,0.0,-0.0023938933075137,0.0725868325371137,-0.0699829023277736,4508,0.22608224439903,0.0023938933075137,0.1425697348648873,SHAP_content
-0.1387125994403532,-0.0371155161803727,-0.049144252246409,0.0,-0.0025002413577399,0.0752470314049241,-0.0735924322470174,2171,0.2249723678671349,0.0025002413577399,0.1488394636519416,SHAP_content
-0.0995971011833005,-0.0647476632962524,-0.0555373984536078,0.0,-0.0027977886075958,0.0832575096417906,-0.0831750539628341,2780,0.2198821629331608,0.0027977886075958,0.1664325636046247,SHAP_content
-0.108664466630413,-0.0400091165873076,0.0273938709645881,0.0,0.002854135396817,-0.0664588370290888,0.0421237098705052,2832,0.1760674541823089,0.002854135396817,0.108582546899594,SHAP_content
-0.1272723192825361,-0.052893239120485,-0.0462394434349059,0.0,-0.0023687843192184,0.0719830020540762,-0.0690814444933714,4681,0.2264050018379272,0.0023687843192184,0.1410644465474477,SHAP_content
-0.1264366571136098,-0.053973436478705,-0.0460839530643349,0.0,-0.0023617728610069,0.071812252086987,-0.0688286610357574,2230,0.2264940466566497,0.0023617728610069,0.1406409131227445,SHAP_content
0.1019549354344443,0.4220984514594858,0.0633858864858299,0.0,0.0026070325477108,-0.0763548728184558,0.1094691003448051,617,0.58743927337976,0.0026070325477108,0.1858239731632609,SHAP_content
0.000396457426563,0.7504256157511707,0.015210228750017,0.0,0.0005133867179998,-0.0208329189626644,0.0260237813889131,1324,0.7660323019277507,0.0005133867179998,0.0468567003515776,SHAP_content
0.1510783067274519,-0.0163388165987499,0.0647555718772279,0.0,0.0046825165224314,-0.1079473593900412,0.1010938605796719,690,0.2321726952034298,0.0046825165224314,0.2090412199697131,SHAP_content
-0.2251864290772946,0.0535130587072075,-0.0518398553222399,0.0,-0.0026495697761107,0.0780909056802962,-0.0773183611573053,2288,0.3305393431067422,0.0026495697761107,0.1554092668376016,SHAP_content
-0.1182599248587313,-0.0641925956476609,-0.044866643294391,0.0,-0.002307403573138,0.0705212238912587,-0.06676173914401,3302,0.2273191638007833,0.002307403573138,0.1372829630352688,SHAP_content
0.0297948357507525,0.2855496447580894,0.0678080560825509,0.0,0.00300822798904,-0.0933921060035418,0.107608306971503,1350,0.383152536591393,0.00300822798904,0.2010004129750449,SHAP_content
0.0002594050883822,-0.1255825699168981,-0.0713946624932529,0.0,0.0002244472733609,0.0998378982063658,-0.1094655518902547,2729,0.1972366374985333,0.0002244472733609,0.2093034500966205,SHAP_spat
0.1663144575491496,-0.0910854641741633,0.0611251808085825,0.0,0.0042802145050988,-0.1087606761647378,0.0953964938339052,1187,0.3185251025318955,0.0042802145050988,0.204157169998643,SHAP_content
-0.0014576330786031,-0.1200346667582155,-0.07195246444855,0.0,-0.0025498033590809,0.1003895013453391,-0.1098480806246717,1191,0.1934447642853687,0.0025498033590809,0.2102375819700109,SHAP_spat
-0.1556232293115305,0.1563637775901512,0.043471370641182,0.0,0.0022892010069816,-0.0909206586502837,0.0671869960853148,145,0.3554583775428637,0.0022892010069816,0.1581076547355985,SHAP_content
-0.1199391757451502,-0.0610723490731061,-0.0458827366823125,0.0,-0.0023559491194251,0.0718091615528345,-0.0684055153554032,3572,0.226894261500569,0.0023559491194251,0.1402146769082378,SHAP_content
-0.1040004557087201,-0.0672849300615822,-0.0520035926023229,0.0,-0.0026424608648299,0.0794182012016407,-0.0776867452317479,4420,0.2232889783726253,0.0026424608648299,0.1571049464333886,SHAP_content
-0.2708449485735151,0.0923361541574654,-0.0477988514714802,0.0,-0.0024687949593445,0.0733586745752901,-0.0704444887769294,3742,0.4109799542024608,0.0024687949593445,0.1438031633522195,SHAP_content
0.2592060017309332,0.1710955950620587,0.0747483746584496,0.0,0.0036755066520359,-0.0933068098981624,0.1235953119705358,1762,0.5050499714514416,0.0036755066520359,0.2169021218686983,SHAP_content
-0.0089773523692952,0.0559519519207473,0.0526426643064181,0.0,0.0036723634411452,-0.1011235423670747,0.0814972384364876,3800,0.1175719685964607,0.0036723634411452,0.1826207808035624,SHAP_spat
0.1201650524882394,0.1125777604443157,0.0689649899987393,0.0,0.0038916008912762,-0.1034183521498775,0.1082899938470146,1834,0.3017078029312945,0.0038916008912762,0.2117083459968921,SHAP_content
0.1500802330257562,-0.1727431646975698,0.0550510304161743,0.0,0.0014199560794193,-0.0766746826487808,0.07800328771124,4603,0.3778744281395004,0.0014199560794193,0.1546779703600208,SHAP_content
0.1743177357640444,-0.0748861812669736,0.0630313348163102,0.0,0.0033248423071642,-0.1089822351485095,0.0983808251101604,1111,0.3122352518473283,0.0033248423071642,0.2073630602586699,SHAP_content
-0.1498647817162591,-0.0250354012679422,-0.0495569520627862,0.0,-0.0025121950810784,0.0752879774334899,-0.07419086937664,2127,0.2244571350469876,0.0025121950810784,0.14947884681013,SHAP_content
-0.1151363231609822,-0.056976960137492,-0.0515243335409462,0.0,-0.0026191007237688,0.0786833069714677,-0.0771046407677474,2277,0.2236376168394205,0.0026191007237688,0.1557879477392152,SHAP_content
0.1520365600117226,-0.1645896816430463,0.0536277042637341,0.0,0.0035322269806854,-0.1054286102676302,0.0838245276820681,3795,0.370253945918503,0.0035322269806854,0.1892531379496983,SHAP_content
-0.0543654490996878,0.2102313970296044,0.0583945408509791,0.0,0.0032159348713464,-0.0975853233030236,0.0906560388441953,2499,0.3229913869802714,0.0032159348713464,0.188241362147219,SHAP_content
0.2276279055887995,-0.0868325814513238,0.0672911392462072,0.0,0.0044634913199492,-0.1094660434684478,0.105099488348511,1824,0.3817516262863306,0.0044634913199492,0.2145655318169589,SHAP_content
-0.1299851438277378,-0.0197595947559423,-0.061890307374803,0.0,-0.003057865167242,0.0887661509970288,-0.0932866145050943,2788,0.2116350459584832,0.003057865167242,0.1820527655021231,SHAP_content
-0.1286162759577308,-0.033190103527168,-0.0567329712955591,0.0,-0.0028419201610643,0.0837383330728793,-0.0851477166234387,4196,0.2185393507804581,0.0028419201610643,0.1688860496963181,SHAP_content
-0.0886875930157203,-0.0781624331926457,-0.0543429668896481,0.0,-0.0027463652811977,0.0822049060533566,-0.0811249433182896,4386,0.2211929930980141,0.0027463652811977,0.1633298493716463,SHAP_content
-0.1320925682497915,-0.0460945579192996,-0.0476168589615607,0.0,-0.0024322366113349,0.0736126772837821,-0.0712350721218299,3827,0.2258039851306519,0.0024322366113349,0.144847749405612,SHAP_content
-0.1088275567823131,-0.0701570015241279,-0.0474856606186158,0.0,-0.0024354569427285,0.0741466248170867,-0.0707292488369117,2492,0.2264702189250569,0.0024354569427285,0.1448758736539985,SHAP_content
0.0860161020000047,0.6635540326049723,0.0202159693078752,0.0,0.0010121668059464,-0.0317342858866343,0.0350637865710275,878,0.7697861039128523,0.0010121668059464,0.0667980724576618,SHAP_content
0.0791044529747729,-0.0200642254078512,0.0568268125270755,0.0,0.0025644687906943,-0.1056000692072344,0.0883967874866903,1455,0.1559954909096997,0.0025644687906943,0.1939968566939247,SHAP_spat
-0.2303731796271315,0.0899915102046107,0.0259643499035732,0.0,0.0011896502675841,-0.0640175531206698,0.0402735971292021,391,0.3463290397353156,0.0011896502675841,0.104291150249872,SHAP_content
-0.0335168884302198,-0.0036353705428051,0.0459992854605751,0.0,0.0027313719874745,0.1304354919794996,-0.0913742114738181,4182,0.0831515444336001,0.0027313719874745,0.2218097034533177,SHAP_spat
-0.1216494781891692,-0.0601657557194018,-0.045197263331855,0.0,-0.0023216972103846,0.0708218435731664,-0.0673594306600274,2283,0.2270124972404262,0.0023216972103846,0.1381812742331938,SHAP_content
-0.1217332747262243,-0.0581084034013559,-0.0466723329610178,0.0,-0.0023925159757051,0.0727574112603349,-0.0696717470607702,2714,0.2265140110885981,0.0023925159757051,0.1424291583211052,SHAP_content
-0.1262358329762124,-0.0542339890513125,-0.0460478181016661,0.0,-0.0023601625814123,0.0717721607386311,-0.0687665734206336,2958,0.2265176401291911,0.0023601625814123,0.1405387341592648,SHAP_content
-0.0336571561395811,0.3219035277040195,0.0645523899678527,0.0,0.0030498134814999,-0.0910975382995342,0.1017265023738715,475,0.4201130738114534,0.0030498134814999,0.1928240406734058,SHAP_content
0.1539236247193332,0.0062241036665135,0.0662552273420484,0.0,0.0021883931714383,-0.1074784362044485,0.103526339278146,1694,0.2264029557278952,0.0021883931714383,0.2110047754825945,SHAP_content
0.0628151176132707,-0.0339812950332279,0.0539809279344109,0.0,0.0046890975200547,-0.1041055511236581,0.0838816786482632,1295,0.1507773405809097,0.0046890975200547,0.1879872297719214,SHAP_spat
-0.1280857126374642,-0.0455356833936981,-0.0506515650821957,0.0,-0.0025747416077253,0.0773874456408074,-0.0758456339678703,2092,0.2242729611133581,0.0025747416077253,0.1532330796086778,SHAP_content
-0.1318369584413165,-0.0466540701225967,-0.0473947243550497,0.0,-0.0024217975540648,0.0733310975853162,-0.0708886068985986,3050,0.2258857529189629,0.0024217975540648,0.1442197044839149,SHAP_content
-0.0300509666830369,-0.0154178997012395,0.0434065563019714,0.0,0.0029327121346961,-0.0938729531037274,0.066995320914344,1137,0.0888754226862479,0.0029327121346961,0.1608682740180715,SHAP_spat
-0.1220266390627254,-0.0582199041896365,-0.0463794524579913,0.0,-0.0023788029592003,0.0723861958631744,-0.0692218473046383,2072,0.2266259957103533,0.0023788029592003,0.1416080431678127,SHAP_content
-0.0493413147263223,0.0697189762318711,0.0560469320035278,0.0,-7.144015325961667e-05,0.0942577570905823,-0.0175788857988075,832,0.1751072229617213,7.144015325961667e-05,0.1118366428893898,SHAP_content
-0.0459722175250442,-0.0224775947467255,0.0403730006196197,0.0,0.0032117343720231,-0.0898878698162041,0.0622060932220035,591,0.1088228128913895,0.0032117343720231,0.1520939630382076,SHAP_spat
-0.1182454635429245,-0.0647190102351048,-0.0444269754707722,0.0,-0.0022855589193662,0.0698871449796203,-0.0660823654016079,3592,0.2273914492488017,0.0022855589193662,0.1359695103812283,SHAP_content
-0.0348036692105377,-0.0658363666798764,0.0369660563511894,0.0,0.0022018052590747,-0.0848226251851515,0.0570677809557926,109,0.1376060922416036,0.0022018052590747,0.1418904061409442,SHAP_spat
-0.0055133327025282,-0.1250938572712743,-0.0708684106850414,0.0,-0.0034298513785166,0.0973684077160455,-0.0994030429118725,4318,0.201475600658844,0.0034298513785166,0.196771450627918,SHAP_content
0.1549354752068739,-0.1041025053831043,0.0588295525246405,0.0,0.0027672868181859,-0.1080672856773316,0.0918054943409866,1052,0.3178675331146188,0.0027672868181859,0.1998727800183183,SHAP_content
-0.0035653839197509,0.3640170249269757,0.0664335592999048,0.0,0.0046100823301617,-0.0868223069115186,0.1065786152670339,1311,0.4340159681466315,0.0046100823301617,0.1934009221785525,SHAP_content
0.2094541999349899,0.397529764076869,0.0575533303560146,0.0,0.0023220997895607,-0.071154476967165,0.1032549383918468,668,0.6645372943678736,0.0023220997895607,0.1744094153590119,SHAP_content
-0.0337188981881738,-0.0431006553377598,0.039989425431713,0.0,0.0037993067279262,-0.0895592618721979,0.0617057018506609,253,0.1168089789576467,0.0037993067279262,0.1512649637228589,SHAP_spat
-0.1349221360683172,-0.0431676506316093,-0.0475570271177376,0.0,-0.0024270148358841,0.0733645864882308,-0.0711629275354204,2690,0.2256468138176643,0.0024270148358841,0.1445275140236513,SHAP_content
0.2535866037855279,0.1363682131327347,0.0755586136926745,0.0,0.0025582254671701,-0.0967093535376726,0.122960062530741,843,0.4655134306109371,0.0025582254671701,0.2196694160684137,SHAP_content
-0.0987183470094448,-0.0642085134919898,-0.0562111018453888,0.0,-0.0028268710935557,0.0839750616089751,-0.0842440760018174,4159,0.2191379623468236,0.0028268710935557,0.1682191376107926,SHAP_content
0.0442883780865783,-0.1552515767724765,-0.0741703476463905,0.0,-0.0035562050651192,0.1017161066332578,-0.1136374499234327,4509,0.2737103025054455,0.0035562050651192,0.2153535565566906,SHAP_content
-0.1202262231925334,-0.0620940900452683,-0.0448513869627683,0.0,-0.0023053438072774,0.0703997601389659,-0.0667949381907738,3374,0.2271717002005701,0.0023053438072774,0.1371946983297398,SHAP_content
-0.1332746899792019,-0.0446074400889183,-0.0478057654548745,0.0,-0.0024404624150731,0.0738048278064825,-0.0715346616501768,3394,0.2256878955229949,0.0024404624150731,0.1453394894566594,SHAP_content
0.1360843296179461,0.5707222977242273,0.0345785662560254,0.0,0.0021893953698993,-0.0457686735401923,0.0599064942132391,884,0.7413851935981989,0.0021893953698993,0.1056751677534314,SHAP_content
-0.1773719312626988,0.0054893742622361,-0.0515445897824848,0.0,-0.0026029843545768,0.0772419489586413,-0.0770765483498815,4547,0.2344058953074198,0.0026029843545768,0.1543184973085229,SHAP_content
0.1511279847152637,-0.2109310696771858,-0.0897156371475478,0.0,0.0040536784730114,-0.0700484645275174,0.0550433105119918,3996,0.4517746915399974,0.0040536784730114,0.1250917750395092,SHAP_content
0.1515210822290607,0.4117788266912274,0.0612854952398752,0.0,0.0026744405768632,-0.0744296968320103,0.1081428390571811,1879,0.6245854041601635,0.0026744405768632,0.1825725358891914,SHAP_content
0.2206635742602991,0.0061129837400061,0.0717212686439689,0.0,0.003992765233804,-0.1065047506628811,0.1126843739402834,1485,0.2984978266442741,0.003992765233804,0.2191891246031645,SHAP_content
-0.1576313621779463,-0.0160670317669436,-0.0503151469948838,0.0,-0.0025445092069105,0.0759911266548295,-0.0753053051048912,2417,0.2240135409397737,0.0025445092069105,0.1512964317597207,SHAP_content
-0.0205398230648182,-0.1206536558257013,-0.0650328702723484,0.0,-0.0031898066381887,0.0935895805707734,-0.0983011537129471,2737,0.206226349162868,0.0031898066381887,0.1918907342837206,SHAP_content
-0.1633447115301465,-0.0027576054792721,-0.0547653486865873,0.0,-0.002751524159165,0.0810979533292121,-0.0819936394769358,2267,0.2208676656960059,0.002751524159165,0.163091592806148,SHAP_content
0.0231152850750269,-0.0307421541984706,0.0491667673855127,0.0,0.0031708476444387,-0.1003475678537278,0.0762312493796363,4173,0.1030242066590103,0.0031708476444387,0.1765788172333641,SHAP_spat
-0.1212785405685938,-0.060706392300212,-0.0450694358143842,0.0,-0.0023154404424587,0.0706579120461074,-0.0671603315170813,3368,0.2270543686831901,0.0023154404424587,0.1378182435631887,SHAP_content
-0.1435347269331232,-0.0292223499014599,-0.0511111399130153,0.0,-0.002587655583547,0.07741057682593,-0.0765279312057236,2808,0.2238682167475985,0.002587655583547,0.1539385080316536,SHAP_content
-0.0412632749479905,-0.0386117201803358,0.0391956942636158,0.0,0.0025341204772384,-0.0884046337309617,0.0604503484758607,869,0.1190706893919421,0.0025341204772384,0.1488549822068225,SHAP_spat
-0.1475435674703138,-0.0255611635754508,-0.0508727417177156,0.0,-0.0025752851474046,0.0770083267285446,-0.0761587633600524,2468,0.2239774727634803,0.0025752851474046,0.153167090088597,SHAP_content
0.2015203989718922,-0.2428138173188518,0.0538556209089249,0.0,0.0012982345640648,-0.0906440775337755,0.0804732622395184,3893,0.498189837199669,0.0012982345640648,0.1711173397732939,SHAP_content
0.173622609089661,-0.1180873319207156,0.0598362398833298,0.0,0.0035701675417896,-0.1086910488488123,0.0934094540711967,450,0.3515461808937066,0.0035701675417896,0.2021005029200091,SHAP_content
0.265590784918501,0.0550953703850854,0.0756935607527212,0.0,0.0037571504536991,-0.1019014120384364,0.120717051857845,1979,0.3963797160563077,0.0037571504536991,0.2226184638962814,SHAP_content
0.0858258107996231,0.5127042725932136,0.0533397092548629,0.0,0.0016237235051347,-0.0634843317951802,0.0953514161394706,696,0.6518697926476996,0.0016237235051347,0.1588357479346508,SHAP_content
0.1868543657863063,-0.237548999097088,0.0517786357549444,0.0,0.0036621047970198,-0.1000383532863642,0.0801784650954679,1741,0.4761820006383389,0.0036621047970198,0.1802168183818321,SHAP_content
-0.1319889107563193,-0.046170202766285,-0.04763611066883,0.0,-0.0024332373065336,0.0736434816484994,-0.0712721332873661,3718,0.2257952241914343,0.0024332373065336,0.1449156149358657,SHAP_content
0.0455916156962843,0.0738518433648107,0.0600034489615079,0.0,0.0030513965599044,-0.1041237960437998,0.0932548552025692,811,0.179446908022603,0.0030513965599044,0.197378651246369,SHAP_spat
-0.0470156274914302,-0.1081599288522939,-0.0596792978458427,0.0,-0.0029702359342199,0.0881827367259633,-0.0893442157837098,3284,0.2148548541895669,0.0029702359342199,0.1775269525096731,SHAP_content
-0.1284858801077481,-0.0512778500284152,-0.0465163352285748,0.0,-0.0023816273059577,0.0723011175175575,-0.0695109971347853,2189,0.2262800653647381,0.0023816273059577,0.1418121146523429,SHAP_content
0.1408526860119379,-0.1729372608291285,0.0515519323010838,0.0,0.0038356916865004,-0.103559784444752,0.0805910075058162,505,0.3653418791421502,0.0038356916865004,0.1841507919505682,SHAP_content
-0.1070961700802144,-0.0747024473294168,-0.0456117322449924,0.0,-0.0023461678463813,0.0717639431372194,-0.0677120199094341,3303,0.2274103496546237,0.0023461678463813,0.1394759630466535,SHAP_content
-0.0402500034892399,-0.0537017529195829,0.0375111963588863,0.0,0.0018637364683518,-0.0857607965373755,0.0578657217676469,405,0.1314629527677092,0.0018637364683518,0.1436265183050224,SHAP_spat
-0.0062703778811324,0.1624565025065366,0.0603611282051607,0.0,0.003882723926593,-0.1005417983216513,0.093798936424907,3640,0.2290880085928297,0.003882723926593,0.1943407347465583,SHAP_content
-0.0089042681045377,-0.1176804381748228,-0.0717260837739474,0.0,0.0010212895887558,-0.0356647111658305,0.0274574620463021,183,0.198310790053308,0.0010212895887558,0.0631221732121326,SHAP_content
-0.1493615215493209,0.30424733458972,0.0550914060884538,0.0,0.0039849951215664,-0.0919161349557018,0.0855085193007807,4608,0.5087002622274948,0.0039849951215664,0.1774246542564826,SHAP_content
0.0594333901361218,-0.0992127545717874,0.0475780721161917,0.0,0.0028898452102107,-0.0994525162475586,0.0740282439400824,1876,0.206224216824101,0.0028898452102107,0.1734807601876411,SHAP_content
-0.0167518079988607,-0.0412005187658284,0.0425502543568683,0.0,0.0020577023918844,-0.0931139500924865,0.0657642074755504,609,0.1005025811215576,0.0020577023918844,0.158878157568037,SHAP_spat
0.1016611474949213,-0.1794049028428514,-0.0815633272477037,0.0,-0.0032971961990466,0.1084403031737108,-0.1275325349961689,2674,0.3626293775854765,0.0032971961990466,0.2359728381698798,SHAP_content
0.0308304429824787,-0.0289991964485862,0.0503224392443511,0.0,0.0032239663799315,-0.1013329995045684,0.0780613792667052,2033,0.1101520786754161,0.0032239663799315,0.1793943787712736,SHAP_spat
-0.1057720177981024,-0.0583580943454769,-0.0556326037658752,0.0,-0.0028008765191236,0.0832088262495554,-0.0833737940102112,3981,0.2197627159094545,0.0028008765191236,0.1665826202597667,SHAP_content
-0.216336115031672,0.1089041131512487,0.0307063143938932,0.0,0.0020586866282216,-0.0738849162754615,0.0474831794737178,1968,0.355946542576814,0.0020586866282216,0.1213680957491794,SHAP_content
0.1464754572084761,-0.0960004867270643,0.0585153347154007,0.0,0.0026225423682478,-0.1077978493105462,0.0912911762401082,20,0.3009912786509411,0.0026225423682478,0.1990890255506544,SHAP_content
-0.1234872270212001,-0.0578249920525097,-0.0455181469022173,0.0,-0.0023360790669327,0.0711719948531642,-0.0678777759366184,2218,0.2268303659759272,0.0023360790669327,0.1390497707897826,SHAP_content
0.0034128499966075,0.2081424417900831,0.0640375206015519,0.0,0.0030176418414215,-0.0915662743555548,0.0981482401573173,2224,0.2755928123882427,0.0030176418414215,0.1897145145128721,SHAP_content
0.1613108602048796,-0.0291601306517129,0.0649069697296413,0.0,0.0046589104403501,-0.1082761401229523,0.1013435122851063,327,0.2553779605862339,0.0046589104403501,0.2096196524080587,SHAP_content
-0.0653080067964913,-0.0401851836205012,0.0258517766459875,0.0,-0.0006880536268665,0.1294354084649357,-0.1536718993029257,3270,0.13134496706298,0.0006880536268665,0.2831073077678614,SHAP_spat
0.0318985580772228,-0.1489536970468417,-0.0729599137790816,0.0,-0.0035081266616146,0.1003763892586463,-0.1098468102210049,2518,0.2538121689031462,0.0035081266616146,0.2102231994796512,SHAP_content
-0.051334113341382,0.1624272503819411,0.0556433838833712,0.0,0.0021025552491893,-0.0989454644295295,0.0862044758312475,1874,0.2694047476066945,0.0021025552491893,0.1851499402607771,SHAP_content
-0.084395728490387,-0.0837894792104503,-0.0536909483897034,0.0,-0.002717372043046,0.0815496574898299,-0.079994012971813,4362,0.2218761560905408,0.002717372043046,0.161543670461643,SHAP_content
0.1406937613219626,-0.1036389224417576,0.057307564885901,0.0,0.0030579869123819,-0.1072531192157373,0.089399544475601,1756,0.3016402486496213,0.0030579869123819,0.1966526636913383,SHAP_content
-0.0953171860654105,-0.0483932539737943,-0.0645736711528467,0.0,-0.0026192765984578,0.0923267477839221,-0.0976467831060453,2178,0.2082841111920516,0.0026192765984578,0.1899735308899675,SHAP_content
-0.104598476778105,-0.0698653862166084,-0.0502464928158163,0.0,-0.0025634622900659,0.0774548625797152,-0.0749484543024719,3410,0.2247103558105297,0.0025634622900659,0.1524033168821872,SHAP_content
-0.1862254906573707,0.0156445502849419,-0.0524446025895125,0.0,-0.0026514707583057,0.0784278542622598,-0.078445404776694,4605,0.2543146435318252,0.0026514707583057,0.1568732590389539,SHAP_content
0.17208869064478,-0.0873908224161811,0.0620192651324038,0.0,0.004735274281737,-0.108938113931207,0.0967951145019618,489,0.321498778193365,0.004735274281737,0.2057332284331688,SHAP_content
0.2499712237843755,-0.0216827163817144,0.0724795428715407,0.0,0.0034843715611411,-0.1067596065605766,0.113802505261726,606,0.3441334830376308,0.0034843715611411,0.2205621118223027,SHAP_content
0.0322715403434445,-0.0187277207263124,0.0513640411661939,0.0,0.0027663300661123,-0.1020246972064536,0.0796862660223836,3212,0.102363302235951,0.0027663300661123,0.1817109632288373,SHAP_spat
-0.1377385166953953,-0.0185979972973183,-0.0591565070173849,0.0,-0.0029428706147475,0.0859282363680839,-0.0889284162876407,2464,0.2154930210100987,0.0029428706147475,0.1748566526557247,SHAP_content
0.2275968086688261,-0.1441452057932384,0.0632680196818073,0.0,0.0014811636853757,-0.1099428705015717,0.0987027893263144,1738,0.4350100341438719,0.0014811636853757,0.2086456598278862,SHAP_content
-0.0178389544769644,0.0279123239227605,0.0491364830045124,0.0,0.0029576504407593,-0.0992141023043253,0.075994469395379,152,0.0948877614042373,0.0029576504407593,0.1752085716997043,SHAP_spat
0.1159653979411016,-0.0978493181415741,0.0550199875657431,0.0,0.0045151976103351,-0.1058782114459639,0.0857935044398072,889,0.2688347036484189,0.0045151976103351,0.1916717158857711,SHAP_content
-0.25390708655467,0.0784394846648831,-0.0498362966969173,0.0,-0.0025632083551327,0.0760566273082363,-0.0740617489632076,4648,0.3821828679164704,0.0025632083551327,0.1501183762714439,SHAP_content
-0.0797352103324097,-0.0667456420924674,-0.0632803795315412,0.0,-0.0031251287219426,0.0915175394869626,-0.0956064753995275,3082,0.2097612319564185,0.0031251287219426,0.1871240148864902,SHAP_content
-0.018794275721584,0.1374697476511415,0.0575137403861135,0.0,0.0035550032629806,-0.1007324369575025,0.089178474900649,269,0.2137777637588391,0.0035550032629806,0.1899109118581516,SHAP_content
0.0365865744085537,0.1013093665095857,0.0608777005570111,0.0,0.0031852596093008,-0.1032601783428145,0.0946218396466623,96,0.1987736414751507,0.0031852596093008,0.1978820179894769,SHAP_content
-0.1165562121384056,-0.0669686157222898,-0.044054095509048,0.0,-0.0022680553883845,0.0694257979586914,-0.0654510442038648,3824,0.2275789233697436,0.0022680553883845,0.1348768421625563,SHAP_content
-0.1093711501206355,-0.0753271784965992,-0.0434105024265665,0.0,-0.0022396884947827,0.0687131907118646,-0.0642235697573542,3885,0.2281088310438014,0.0022396884947827,0.1329367604692188,SHAP_content
0.1854081790376639,-0.0721961152749116,0.0643446101521317,0.0,0.0040067208564417,-0.1091273355595934,0.1004538143185346,1799,0.3219489044647073,0.0040067208564417,0.209581149878128,SHAP_content
0.2317289468892708,0.0250961466809302,0.0732177664798414,0.0,0.0040479370251625,-0.1052081386591785,0.1154587813335701,1572,0.3300428600500426,0.0040479370251625,0.2206669199927487,SHAP_content
0.1228832406211677,0.4165415952231408,0.0627709528106176,0.0,0.0028114204424998,-0.0758102138932612,0.1093717192017278,1067,0.6021957886549263,0.0028114204424998,0.185181933094989,SHAP_content
-0.1163492298213727,-0.0620400173293404,-0.0477799348770056,0.0,-0.0024466983744327,0.0743343523635505,-0.0713250398828482,2760,0.2261691820277188,0.0024466983744327,0.1456593922463987,SHAP_content
-0.0089012484681084,-0.0248220321711657,0.0452854401499042,0.0,0.0015680615654155,-0.0963127680016978,0.0700453071076736,715,0.0790087207891784,0.0015680615654155,0.1663580751093714,SHAP_spat
-0.2879853733087555,0.0939550815086575,0.0123187171983224,0.0,-0.0032012014747223,0.0884868301444441,-0.1010826655276802,4059,0.3942591720157355,0.0032012014747223,0.1895694956721244,SHAP_content
-0.1298854300248251,0.0178963866148525,0.0319339206737539,0.0,0.0021713692602066,-0.0763046950878871,0.0490479090029833,4665,0.1797157373134315,0.0021713692602066,0.1253526040908704,SHAP_content
-0.1915100877855574,0.0200887800312733,-0.0520768494761868,0.0,-0.0025220467680248,0.0779909980655931,-0.0777740148770998,4565,0.2636757172930176,0.0025220467680248,0.155765012942693,SHAP_content
0.2633985557695533,-0.0054729313084723,0.0739729291612261,0.0,0.0037902656425943,-0.1055804870579852,0.1165863984581696,1798,0.3428444162392518,0.0037902656425943,0.2221668855161548,SHAP_content
-0.240500058231241,0.073194064828201,-0.0587783851744558,0.0,0.000583560345,-0.0121786653099951,0.0131146077409483,461,0.372472508233898,0.000583560345,0.0252932730509434,SHAP_content
0.0362544749547229,-0.1512507254426878,-0.0733366686446097,0.0,-0.0035229585477278,0.100828042457501,-0.1112339989259648,2944,0.2608418690420204,0.0035229585477278,0.2120620413834659,SHAP_content
0.2045931602229183,-0.0624692393770701,0.0666647732333558,0.0,0.0025535228994327,-0.1091042543278814,0.1041434263967464,1795,0.3337271728333443,0.0025535228994327,0.2132476807246279,SHAP_content
0.0887203986576363,-0.1258173972849947,0.0491269005865114,0.0,0.0041794778959143,-0.1011311661276583,0.076596763660375,1869,0.2636646965291425,0.0041794778959143,0.1777279297880334,SHAP_content
0.1685234162000643,-0.1098578697347564,0.0599502200610207,0.0,0.0040718619707587,-0.108620597987602,0.0935766651090232,1345,0.3383315059958414,0.0040718619707587,0.2021972630966252,SHAP_content
0.0376289926107841,0.1493035176090166,0.0636994974958688,0.0,0.002381603020134,-0.1018417181009826,0.0993087689022282,1214,0.2506320077156697,0.002381603020134,0.2011504870032108,SHAP_content
0.2632045604437513,0.0952033582532569,0.0759614511928515,0.0,0.0030188501014241,-0.0992729640210749,0.1223497229887534,1372,0.4343693698898598,0.0030188501014241,0.2216226870098284,SHAP_content
-0.0434050261180931,0.0212668265883023,0.0452964345296882,0.0,0.0040753439304412,-0.0955420785491439,0.0698922148448578,243,0.1099682872360837,0.0040753439304412,0.1654342933940018,SHAP_spat
-0.1146946080766216,-0.0693400575930322,-0.0437425845221648,0.0,-0.0022539259826364,0.0690559147096142,-0.0648962242420286,4039,0.2277772501918187,0.0022539259826364,0.1339521389516428,SHAP_content
-0.0994726818897016,-0.0788825023246887,-0.0479596945696709,0.0,-0.0024586520371633,0.0748227634064059,-0.0712407989444162,2799,0.2263148787840612,0.0024586520371633,0.1460635623508222,SHAP_content
0.255289404397196,-0.0157580469957794,0.0730183628078596,0.0,0.0022583958408759,-0.1064726770199029,0.1147985065796764,1679,0.3440658142008351,0.0022583958408759,0.2212711835995793,SHAP_content
-0.124232688316812,-0.0568370883853969,-0.0456623589439209,0.0,-0.0023426643508758,0.0713411427809988,-0.0681385703451151,3850,0.2267321356461298,0.0023426643508758,0.1394797131261139,SHAP_content
0.1967561711043048,-0.1761581530415273,0.0578378478087194,0.0,0.0038593857138226,-0.1082109883248216,0.0903342786733946,1312,0.4307521719545515,0.0038593857138226,0.1985452669982163,SHAP_content
-0.0263025178967074,-0.1176088424002315,-0.0650611940089778,0.0,-0.0016818266872522,0.0932827502453464,-0.0967639301339726,648,0.2089725543059168,0.0016818266872522,0.1900466803793191,SHAP_content
-0.0762253483865799,0.0218248612580401,0.0406465149009994,0.0,0.002410817744888,-0.0899049448655926,0.0625456908217036,3238,0.1386967245456195,0.002410817744888,0.1524506356872963,SHAP_spat
-0.0942693145148043,-0.0486640657049234,-0.0650966654712514,0.0,-0.0023117148447992,0.0927979327766237,-0.0981551322214541,2643,0.2080300456909791,0.0023117148447992,0.1909530649980778,SHAP_content
-0.1240125115020905,-0.0563162638600641,-0.0462703650957803,0.0,-0.0023726364585901,0.0721973198612512,-0.0690846758004468,4409,0.2265991404579351,0.0023726364585901,0.141281995661698,SHAP_content
0.2464281784539234,0.0518818359742339,0.0747718987411051,0.0,0.0022943900589176,-0.1031383574012358,0.1186860562500373,155,0.3730819131692625,0.0022943900589176,0.2218244136512732,SHAP_content
-0.1278255922539882,-0.0521850307182477,-0.0463417068457518,0.0,-0.0023733712775912,0.0720926361047644,-0.0692391635946645,3428,0.2263523298179878,0.0023733712775912,0.141331799699429,SHAP_content
-0.141450690458819,-0.0361142298371091,-0.0480591618970717,0.0,-0.0024486954518249,0.0741587833536872,-0.0719582343056706,3453,0.2256240821929999,0.0024486954518249,0.1461170176593578,SHAP_content
0.1219019009984632,0.6232726088444771,0.0227333974197204,0.0,0.0007292270553474,-0.0337813284577903,0.0392719655429742,1303,0.7679079072626607,0.0007292270553474,0.0730532940007646,SHAP_content
0.258969131655932,0.1495257872300399,0.0753577013610029,0.0,0.0036283851882927,-0.0952053294908328,0.1235042557456602,1150,0.4838526202469749,0.0036283851882927,0.218709585236493,SHAP_content
-0.1214544118506499,-0.0601914043101517,-0.0453580626445652,0.0,-0.0023298480411898,0.0710662291022567,-0.0676019110451302,3047,0.227003878805367,0.0023298480411898,0.138668140147387,SHAP_content
0.1962704677475365,-0.0296235697863295,0.067986481526331,0.0,0.0039354251121914,-0.1083090568985363,0.1063251724327533,1046,0.2938805190601971,0.0039354251121914,0.2146342293312897,SHAP_content
0.24960168493823,0.0461100564381358,0.0748211661475477,0.0,0.0035502995230158,-0.1032861386125629,0.1187239410364519,1640,0.3705329075239136,0.0035502995230158,0.2220100796490148,SHAP_content
-0.0912517049425986,-0.0273907193252945,0.0324675714033951,0.0,0.0029767330578184,-0.0769255467221092,0.0498676849898952,1306,0.1511099956712883,0.0029767330578184,0.1267932317120045,SHAP_content
0.2162490253271004,-0.0848490413816622,0.0662767011421813,0.0,0.0022074033119423,-0.1095057835573177,0.1034941321836588,1927,0.367374767850944,0.0022074033119423,0.2129999157409765,SHAP_content
-0.0642552300888052,-0.0976627018860044,-0.0567545581595428,0.0,-0.0028484124181742,0.0850408498582912,-0.0846271449746166,3439,0.2186724901343525,0.0028484124181742,0.1696679948329079,SHAP_content
0.0191081494134237,-0.1260218255323737,-0.0759701835699428,0.0,-0.0035021855224841,0.1040596381467326,-0.1161371136452296,4121,0.2211001585157402,0.0035021855224841,0.2201967517919623,SHAP_content
-0.15026434106656,-0.0245612652985682,-0.049599942745764,0.0,-0.0025140000154431,0.0753290657971636,-0.0742617336117645,2244,0.2244255491108922,0.0025140000154431,0.1495907994089281,SHAP_content
-0.0868780272148487,-0.0802038794911117,-0.0542310339406545,0.0,-0.0027413775300138,0.0821117039722049,-0.0809210403848397,3136,0.221312940646615,0.0027413775300138,0.1630327443570447,SHAP_content
0.0586396518652337,0.3102753951046477,0.0692179617249246,0.0,0.0041106826810457,-0.0905404671646454,0.1115307409728845,15,0.4381330086948062,0.0041106826810457,0.20207120813753,SHAP_content
-0.1508420313469641,-0.0090633667194616,-0.0575974970562868,0.0,-0.002875928283603,0.0841569736359978,-0.0864436384601954,3538,0.2175028951227127,0.002875928283603,0.1706006120961933,SHAP_content
-0.1061922936357252,-0.0625365030867161,-0.0533840518070768,0.0,-0.0027031976446091,0.0808390167077429,-0.0797692751429458,2669,0.2221128485295182,0.0027031976446091,0.1606082918506887,SHAP_content
0.1449678283028547,-0.0052554293106358,0.0647993222768226,0.0,0.0034352218094141,-0.1076918541982212,0.1011594063751147,1360,0.2150225798903132,0.0034352218094141,0.208851260573336,SHAP_content
0.2289147194051891,-0.0186427825135255,0.0711675445495829,0.0,0.0040425505449441,-0.1073270844687038,0.1116127846515434,1844,0.3187250464682976,0.0040425505449441,0.2189398691202473,SHAP_content
-0.1176431765734344,-0.0621692388846661,-0.046794752829818,0.0,-0.0023991939490932,0.0730306797363461,-0.0697810962268795,3098,0.2266071682879185,0.0023991939490932,0.1428117759632257,SHAP_content
0.0248221109706972,-0.0121348055918778,0.0512957087456726,0.0,0.0062787510347613,-0.1018009294393168,0.0795371057996797,1612,0.0882526253082477,0.0062787510347613,0.1813380352389965,SHAP_spat
0.1032651094409624,0.2595304616581101,0.0711276466648711,0.0,0.0052803665699803,-0.0936059894359538,0.1145880522576705,497,0.4339232177639437,0.0052803665699803,0.2081940416936244,SHAP_content
-0.1340485969155358,-0.0352237359170941,-0.0530637862017399,0.0,-0.0026807711887693,0.0798651604815703,-0.0795340502122552,2840,0.2223361190343699,0.0026807711887693,0.1593992106938255,SHAP_content
-0.0630172880552552,-0.0934889648685765,-0.0591389351012938,0.0,-0.0029507662805299,0.0876087444447031,-0.0886551303255482,4611,0.2156451880251256,0.0029507662805299,0.1762638747702513,SHAP_content
0.1448104148513117,0.0169789312765101,0.066153239781402,0.0,0.0036790372563512,-0.1071264108399334,0.1033602359459887,4673,0.2279425859092238,0.0036790372563512,0.2104866467859222,SHAP_content
0.0377589936326676,-0.1528463748716018,-0.0729542848525306,0.0,-0.0035066130064375,0.1006842428868357,-0.1119674320772374,3633,0.2635596533568002,0.0035066130064375,0.2126516749640732,SHAP_content
0.0199756130391584,0.461350292814945,0.0628679228607408,0.0,0.0031276434606576,-0.0749059124892103,0.1058274582512474,1478,0.5441938287148443,0.0031276434606576,0.1807333707404578,SHAP_content
0.1196082989191321,-0.0751646348104323,0.0570829719199094,0.0,0.0020502577725149,-0.1068452880004742,0.0889936681321628,1095,0.2518559056494739,0.0020502577725149,0.195838956132637,SHAP_content
0.0472311098663976,0.2218572038966307,0.0675295303811512,0.0,0.0027634267708562,-0.0978840875254647,0.1062884964532567,542,0.3366178441441796,0.0027634267708562,0.2041725839787214,SHAP_content
0.0673470968395357,0.0464580583786266,0.0604878880770121,0.0,0.0040493406926802,-0.1052470648198843,0.0940989803767198,4074,0.1742930432951745,0.0040493406926802,0.1993460451966041,SHAP_spat
-0.0635352619804731,0.4383662676892264,0.0635612386000041,0.0,0.0030297500996476,-0.0806697363499373,0.1019814828929494,431,0.5654627682697038,0.0030297500996476,0.1826512192428868,SHAP_content
0.037988510842703,-0.0659633121179848,0.0479676836897364,0.0,0.0042597562949138,-0.099610421574929,0.0744708557633508,728,0.1519195066504243,0.0042597562949138,0.1740812773382799,SHAP_spat
-0.0763097693730307,-0.0942551155111166,-0.0525038142264335,0.0,-0.0026634392897913,0.0802632360019125,-0.0778763141742737,4412,0.2230686991105809,0.0026634392897913,0.1581395501761862,SHAP_content
-0.1262451964668088,-0.053304934207383,-0.0467808700137152,0.0,-0.0023959605649069,0.0727729861112042,-0.0699005093281632,2561,0.2263310006879071,0.0023959605649069,0.1426734954393674,SHAP_content
0.118357386822966,-0.1698283977842289,0.0490436935288732,0.0,0.0041300544887167,-0.0999375830613087,0.0763964541305474,1337,0.3372294781360682,0.0041300544887167,0.1763340371918562,SHAP_content
-0.1789379138979201,0.0108133271696091,-0.0537723762341362,0.0,-0.0027099633350321,0.0799172039157933,-0.0804310066628428,3606,0.2435236173016655,0.0027099633350321,0.1603482105786362,SHAP_content
-0.1148541189461339,-0.0677811310320399,-0.0448178923062848,0.0,-0.0023064626751369,0.0705364439278878,-0.0666278646891406,2877,0.2274531422844587,0.0023064626751369,0.1371643086170285,SHAP_content
0.0032871133419564,-0.0927890553265102,0.0318723299043637,0.0,-0.0027954981840718,0.1337281171683054,-0.1618155269532596,4415,0.1279484985728304,0.0027954981840718,0.2955436441215651,SHAP_spat
0.0808519740922646,0.6345225415336745,0.0294845291176011,0.0,0.0013543610102987,-0.0379012923934849,0.0509011537532106,1031,0.7448590447435404,0.0013543610102987,0.0888024461466955,SHAP_content
0.2621641029365198,-0.0140832161808502,0.0735242755711768,0.0,0.0024939213691319,-0.1060995240466329,0.1156974048786174,1110,0.3497715946885469,0.0024939213691319,0.2217969289252504,SHAP_content
0.1955860313359778,-0.2020607364229523,0.0556892978272639,0.0,0.004145997148173,-0.1061036618932916,0.0868182625745858,1888,0.4533360655861941,0.004145997148173,0.1929219244678774,SHAP_content
-0.1019447734267909,-0.0629475509631093,-0.0552670848574191,0.0,-0.0027857843633458,0.0829245025207255,-0.0827745538957691,3550,0.2201594092473194,0.0027857843633458,0.1656990564164947,SHAP_content
0.2558606970887874,-0.0315239461439747,0.0724343165552507,0.0,0.0037187107487685,-0.1071168385942234,0.1136994865709329,1527,0.359818959788013,0.0037187107487685,0.2208163251651564,SHAP_content
0.2141725907871476,-0.0175610280264003,0.0700523544067506,0.0,0.002891878758964,-0.1076629496843481,0.109744959901049,753,0.3017859732202986,0.002891878758964,0.2174079095853971,SHAP_content
-0.1179323885943851,-0.0631462951770058,-0.0458783546835853,0.0,-0.0023561225384336,0.0718446414408516,-0.0683612550321043,3049,0.2269570384549762,0.0023561225384336,0.140205896472956,SHAP_content
-0.1172800979857184,-0.0660040471853272,-0.0442150263788133,0.0,-0.0022756172818523,0.0696259860273875,-0.0657234257842278,2628,0.227499171549859,0.0022756172818523,0.1353494118116154,SHAP_content
0.0179813603449575,0.5233652885506361,0.0571474893606645,0.0,0.0027805821228159,-0.0660227778341716,0.0992688165864081,562,0.5984941382562582,0.0027805821228159,0.1652915944205797,SHAP_content
-0.1976954962790123,0.0253716275901272,-0.051699392908791,0.0,-0.0022515461296181,0.0774875168665717,-0.0770807761811879,3562,0.2747665167779306,0.0022515461296181,0.1545682930477596,SHAP_content
-0.0593823989811816,0.1532759059424166,0.0542874897034135,0.0,0.0040761720439752,-0.0985638705043764,0.0840195876780092,252,0.2669457946270118,0.0040761720439752,0.1825834581823857,SHAP_content
-0.2151767617786783,0.0425077847623303,-0.0512921284911297,0.0,-0.0026158376062031,0.0773074708250334,-0.0765840313729443,2516,0.3089766750321385,0.0026158376062031,0.1538915021979777,SHAP_content
-0.124507824652942,-0.0564514027826734,-0.0457404336247993,0.0,-0.0023464222561585,0.0714377117965248,-0.0682636188942356,2962,0.2266996610604148,0.0023464222561585,0.1397013306907605,SHAP_content
-0.1494789084322197,-0.0257676182377106,-0.0494586187603396,0.0,-0.002509638679529,0.0754307217857699,-0.0740881662727791,4453,0.2247051454302701,0.002509638679529,0.149518888058549,SHAP_content
0.1110025032594546,-0.0665645055282964,0.056871166197185,0.0,0.0032261398790054,-0.1065619572678764,0.0886251700099939,1202,0.2344381749849362,0.0032261398790054,0.1951871272778704,SHAP_content
0.0312740667290883,-0.0725494576576375,0.0464725624728259,0.0,0.0046193350297345,-0.0978410985633363,0.0720696255890574,3462,0.1502960868595519,0.0046193350297345,0.1699107241523937,SHAP_spat
0.1340721942371066,-0.058683554250107,0.0600699354469922,0.0,0.0038046539943435,-0.1077933792887818,0.0936596112937361,2797,0.2528256839342059,0.0038046539943435,0.201452990582518,SHAP_content
-0.1081638002169308,-0.0747764892659061,-0.0447644068218772,0.0,-0.0023045714587749,0.0705769514550528,-0.0663591087397457,4225,0.2277046963047141,0.0023045714587749,0.1369360601947985,SHAP_content
-0.0673346942722321,0.2355932707735434,0.0585305418710034,0.0,0.0024686531544212,-0.0963392318680557,0.0909452064139679,144,0.361458506916779,0.0024686531544212,0.1872844382820236,SHAP_content
-0.0968425361249333,-0.0641452295687693,-0.0571131695855782,0.0,-0.0028656615958985,0.0849457932588563,-0.0856773425895211,2895,0.2181009352792809,0.0028656615958985,0.1706231358483775,SHAP_content
-0.1247835164933432,-0.0557597385301317,-0.0460808763721461,0.0,-0.0023630412683204,0.0719085166185968,-0.068789139357783,2763,0.2266241313956211,0.0023630412683204,0.1406976559763798,SHAP_content
0.2475485519817138,-0.0781352043356174,0.0694369589944702,0.0,0.0038976193223326,-0.1090258397428388,0.1085391383138533,905,0.3951207153118016,0.0038976193223326,0.2175649780566921,SHAP_content
-0.1540141339407847,-0.0220215600682552,-0.048988645287342,0.0,-0.0024893324169935,0.075029535514883,-0.0733880923983157,3980,0.225024339296382,0.0024893324169935,0.1484176279131988,SHAP_content
0.1121313165721771,-0.1812654327302001,0.0449468560946558,0.0,0.0031100198014347,0.1362848609420861,-0.1642092349867246,235,0.3383436053970332,0.0031100198014347,0.3004940959288108,SHAP_content
