AE_safe_err,AE_risk_err,label_content,prob_safe_rel,prob_risk_rel,prob_safe_spat,prob_risk_spat,user_id,SHAP_content,SHAP_rel,SHAP_spat,dominant_perspective
0.0015025693529838,-0.0316795289920813,0.0158738689948637,0.0,0.003720811625083,-0.0713266005689279,0.036185699412866,2598,0.0490559673399289,0.003720811625083,0.107512299981794,SHAP_spat
-0.0317181091501979,-0.0410247308937397,-0.0208220568854245,0.0,-0.0033608522534807,0.0814409458150103,-0.04143303297648,3140,0.0935648969293622,0.0033608522534807,0.1228739787914904,SHAP_spat
0.0684577402246594,-0.0159615773399228,0.0268644125720832,0.0,0.006071891804788,-0.1437998300514529,0.0749104692634425,989,0.1112837301366655,0.006071891804788,0.2187102993148955,SHAP_spat
0.0239727161270988,-0.0226449616780941,0.022021697601235,0.0,0.0053703396854313,-0.1112550536468032,0.0537201993059026,923,0.0686393754064279,0.0053703396854313,0.1649752529527059,SHAP_spat
0.0058242908808366,-0.0589643177730516,0.004124447914968,0.0,-0.0014754069201778,0.1282489584081527,-0.119635133179486,3272,0.0689130565688564,0.0014754069201778,0.2478840915876388,SHAP_spat
-0.0180146155277539,0.030351218139662,0.0212724021303262,0.0,0.0044158602691409,-0.1142240177794479,0.0534648212418255,2397,0.0696382357977422,0.0044158602691409,0.1676888390212735,SHAP_spat
0.0414042916287909,-0.0615739565842922,0.0202246025926492,0.0,0.0029328981148159,-0.0943243986581447,0.0494548145424202,2044,0.1232028508057324,0.0029328981148159,0.1437792132005649,SHAP_spat
0.0681016205538647,-0.0509871217638607,0.0247625652186907,0.0,0.0051990127467855,-0.1299269162114608,0.0668649132521659,1980,0.1438513075364162,0.0051990127467855,0.1967918294636267,SHAP_spat
0.0624222592233455,-0.0481661952778583,0.024447545178889,0.0,0.0049364246910756,-0.127126189663401,0.0649343779110459,249,0.1350359996800929,0.0049364246910756,0.1920605675744469,SHAP_spat
0.0375205102884956,-0.0164940078409812,0.0241406128244868,0.0,0.0050722590582263,-0.1263373895125769,0.0621083501579818,1056,0.0781551309539637,0.0050722590582263,0.1884457396705587,SHAP_spat
0.0138862656331348,-0.0229809807938319,0.0201649320278345,0.0,0.0041517319901466,-0.0992794808196448,0.047757259337036,2683,0.0570321784548014,0.0041517319901466,0.1470367401566809,SHAP_spat
0.0597921595444419,-0.0453004817580889,0.0244204390250775,0.0,0.0052842519834871,-0.1269954543566136,0.0645572408252712,1346,0.1295130803276084,0.0052842519834871,0.1915526951818848,SHAP_spat
-0.0384332876961832,-0.0394365596774177,-0.0168964806862227,0.0,-0.0027334575367564,0.0736299150447579,-0.0332780474654162,4297,0.0947663280598237,0.0027334575367564,0.1069079625101741,SHAP_spat
-0.0618729379539045,-0.0141443504810912,-0.0184229698103701,0.0,-0.0029567373039114,0.0796714845854294,-0.0394237464356787,2366,0.094440258245366,0.0029567373039114,0.1190952310211082,SHAP_spat
-0.0479916286843171,-0.0275410334048277,-0.0187810727601847,0.0,-0.0030151582389069,0.080836176628592,-0.0406513638592437,3950,0.0943137348493296,0.0030151582389069,0.1214875404878357,SHAP_spat
-0.0450701866753909,-0.0313486027698978,-0.0181577270876881,0.0,-0.0029137350919113,0.0785168154060481,-0.0381754929352948,2591,0.0945765165329769,0.0029137350919113,0.1166923083413429,SHAP_spat
-0.0434271980583688,-0.0333451411398383,-0.0179005060418073,0.0,-0.0028738771978083,0.0774147668000041,-0.0370166020038445,3653,0.0946728452400145,0.0028738771978083,0.1144313688038487,SHAP_spat
-0.0165332810479542,-0.0267405408068162,0.011607335310707,0.0,0.0025159111911582,-0.0465870414462529,0.0264749693935063,355,0.0548811571654775,0.0025159111911582,0.0730620108397593,SHAP_spat
0.0439257280611323,-0.0405320968457415,0.0230904038951895,0.0,0.0050093184121939,-0.11667265680188,0.0581331831864479,744,0.1075482288020633,0.0050093184121939,0.174805839988328,SHAP_spat
-0.0347091197299158,-0.0364511174871598,-0.0217694886049451,0.0,-0.0034957050896434,0.0840897514928607,-0.0445096833919994,3097,0.0929297258220208,0.0034957050896434,0.1285994348848601,SHAP_spat
-0.0450778888958371,-0.0309421104605237,-0.0185159288994551,0.0,-0.0029699349901396,0.0794309645428163,-0.0390646439357699,2541,0.094535928255816,0.0029699349901396,0.1184956084785862,SHAP_spat
-0.0887777414697072,0.0046888064073752,0.0014222414708179,0.0,-0.0049305081912414,0.107329906332589,-0.0747529448067814,3012,0.0948887893479004,0.0049305081912414,0.1820828511393704,SHAP_spat
0.0570260416526213,-0.0384105217385336,0.0246211555138797,0.0,0.0052981930436411,-0.1286788920472938,0.0650591237251105,844,0.1200577189050347,0.0052981930436411,0.1937380157724044,SHAP_spat
0.0561389448732652,-0.0408342599689103,0.0243977258776326,0.0,0.0052791472172282,-0.1265331411145543,0.0639876180551366,723,0.1213709307198082,0.0052791472172282,0.1905207591696909,SHAP_spat
-0.0290078772251395,-0.0433603782734272,-0.0210575979660731,0.0,-0.0034033940535691,0.0814415411163697,-0.041500470184326,2228,0.09342585346464,0.0034033940535691,0.1229420113006958,SHAP_spat
0.014654573832977,-0.0368134292452788,0.0183185506200674,0.0,0.0040430686920878,-0.0858057660867143,0.042572225674598,1976,0.0697865536983233,0.0040430686920878,0.1283779917613124,SHAP_spat
-0.0410098988079459,-0.0360295436574143,-0.0177272892629093,0.0,-0.0028499605530341,0.0763533201564261,-0.0358800837311511,2955,0.0947667317282696,0.0028499605530341,0.1122334038875772,SHAP_spat
0.0191874458552904,0.2502582300386313,0.0450689261677428,0.0,0.0114030318899442,-0.1497077377012944,0.1079008325123445,244,0.3145146020616645,0.0114030318899442,0.257608570213639,SHAP_content
-0.0365999654412528,-0.0405032322186763,-0.0176324605370693,0.0,-0.0028584911235173,0.0752359678504816,-0.0347641289770352,2214,0.0947356581969985,0.0028584911235173,0.1100000968275168,SHAP_spat
0.0749207916271545,-0.0339374983170391,0.0261675264545636,0.0,0.00361751363227,-0.1404602132534175,0.0731340854565239,1298,0.1350258163987573,0.00361751363227,0.2135942987099414,SHAP_spat
0.0636399875568296,-0.014616765368146,0.0265458299026856,0.0,0.0056336068016615,-0.1420651223266405,0.0733542447350211,717,0.1048025828276614,0.0056336068016615,0.2154193670616616,SHAP_spat
0.0587686053441866,-0.0923046131658472,0.0220316499721974,0.0,-0.0067255982350846,-0.0123665560250799,0.0249077853189935,3648,0.1731048684822312,0.0067255982350846,0.0372743413440734,SHAP_content
0.041816261626768,-0.0658751942619709,-0.019179063223996,0.0,0.0021301612152098,-0.0437565934382093,0.0329059324425488,392,0.126870519112735,0.0021301612152098,0.0766625258807582,SHAP_content
0.0388252650115641,-0.0454815636604196,0.0218723559149176,0.0,0.0042677283498888,-0.1072435799403379,0.0536710149713965,1746,0.1061791845869014,0.0042677283498888,0.1609145949117344,SHAP_spat
-0.0315416046600694,-0.0411761694530261,-0.0208381265959092,0.0,-0.0033637225164676,0.08143955695832,-0.0414357508215345,3292,0.0935559007090049,0.0033637225164676,0.1228753077798545,SHAP_spat
-0.0414511960393682,-0.0358166752068326,-0.0174728264788911,0.0,-0.0028105055333332,0.075802949261283,-0.0354009232906001,4523,0.094740697725092,0.0028105055333332,0.1112038725518831,SHAP_spat
0.068401512657163,-0.0426871395448833,0.0252982426263101,0.0,0.0053436712958901,-0.1341674718435903,0.0689834298045575,1258,0.1363868948283566,0.0053436712958901,0.2031509016481478,SHAP_spat
-0.0410379093507315,-0.0363146717367672,-0.0174494292604314,0.0,-0.0028100542165963,0.0755611307439636,-0.0350983235781832,2988,0.0948020103479302,0.0028100542165963,0.1106594543221468,SHAP_spat
-0.0448704114386254,-0.0316089472364462,-0.0181185354570564,0.0,-0.0029081994087888,0.078347960566591,-0.0379911243970855,3106,0.0945978941321281,0.0029081994087888,0.1163390849636765,SHAP_spat
0.0065693792103759,-0.0124519171187694,0.0202193607083245,0.0,0.0047029953274605,-0.101562287104914,0.048203234076961,85,0.0392406570374699,0.0047029953274605,0.149765521181875,SHAP_spat
0.0697197030929669,-0.0406176178684004,0.0255369737052195,0.0,0.0056505332298256,-0.1359596946069629,0.0700665135157036,746,0.1358742946665869,0.0056505332298256,0.2060262081226665,SHAP_spat
0.0002987438628009,0.0842614992282897,0.0273355579809288,0.0,0.0057194878984963,-0.1446313700329568,0.0752037895814551,1180,0.1118958010720194,0.0057194878984963,0.219835159614412,SHAP_spat
-0.0056602315649191,-0.0528697994835498,-0.0283325759486601,0.0,-0.004421029921104,0.0941857321968542,-0.0586802099675889,3964,0.0868626069971291,0.004421029921104,0.1528659421644432,SHAP_spat
-0.0061329713923553,-0.0146508189986527,0.0171076656140646,0.0,0.0037797816686152,-0.0830499108112576,0.0399406264509726,1315,0.0378914560050727,0.0037797816686152,0.1229905372622303,SHAP_spat
-0.0439233634466136,-0.0304487094781094,-0.0196710705379017,0.0,-0.0031635173618587,0.0819355193514554,-0.0417967171207206,2090,0.0940431434626248,0.0031635173618587,0.123732236472176,SHAP_spat
0.0551423172409796,-0.0456710558713233,0.0239265742608318,0.0,0.0049032069403184,-0.1229201063001451,0.0621809478043567,1101,0.1247399473731349,0.0049032069403184,0.1851010541045019,SHAP_spat
0.0325853515215051,-0.0374188623963579,0.0217286156128117,0.0,0.004054199503152,-0.1070966910238468,0.0528292561476257,912,0.0917328295306749,0.004054199503152,0.1599259471714726,SHAP_spat
0.0190645544620687,-0.0636380128220598,0.0057278455242147,0.0,-0.0020236476293276,0.1326153491804256,-0.1277955402829393,3435,0.0884304128083433,0.0020236476293276,0.2604108894633649,SHAP_spat
0.0733365418243943,0.0643524768261852,0.0331189103115963,0.0,0.0076287676559283,-0.1558553691750715,0.0906900320225986,962,0.1708079289621759,0.0076287676559283,0.2465454011976701,SHAP_spat
0.0628329018371665,-0.0299918338191877,0.0256036587598944,0.0,0.0053885925051034,-0.1362368118038966,0.0696003997353552,554,0.1184283944162487,0.0053885925051034,0.2058372115392518,SHAP_spat
0.0478701737806962,-0.0512408676155425,0.0226335193579098,0.0,0.0049096154853967,-0.1125486424318377,0.0569561994020969,265,0.1217445607541487,0.0049096154853967,0.1695048418339347,SHAP_spat
-0.0437631126052593,-0.0327633865040666,-0.0181260725806537,0.0,-0.0029086638515135,0.0780814651351469,-0.0376654744723407,3029,0.0946525716899796,0.0029086638515135,0.1157469396074877,SHAP_spat
-0.0419203910332413,-0.0339267228507891,-0.0186952014104637,0.0,-0.0030050602056796,0.0791058085213532,-0.0386711213093077,2428,0.0945423152944943,0.0030050602056796,0.1177769298306609,SHAP_spat
-0.0356214051604524,-0.0377145892553363,-0.0204302835868785,0.0,-0.0032927453184152,0.0814585574628203,-0.0413652743876277,3051,0.0937662780026672,0.0032927453184152,0.1228238318504481,SHAP_spat
-0.0853729805723879,0.0210339142095643,-0.0252166068456569,0.0,-0.0039120834564148,0.0913450584920115,-0.0550265591866109,4588,0.1316235016276093,0.0039120834564148,0.1463716176786224,SHAP_spat
-0.0382275263822622,-0.0382498246475589,-0.0181958950628417,0.0,-0.002938161724819,0.0769750998756288,-0.0364754669002554,3086,0.0946732460926629,0.002938161724819,0.1134505667758843,SHAP_spat
-0.0432070911057985,-0.03346747292787,-0.0180096184135572,0.0,-0.0028908155109027,0.077634382655188,-0.0372051998319121,2557,0.0946841824472258,0.0028908155109027,0.1148395824871001,SHAP_spat
-0.0331328802502907,-0.0384614717506516,-0.021533230529012,0.0,-0.0034625781548491,0.0832432635372559,-0.0435152238400446,3139,0.0931275825299544,0.0034625781548491,0.1267584873773005,SHAP_spat
-0.0400819927444611,-0.0374942723148835,-0.0171838333267194,0.0,-0.0027703566850172,0.0747278279431378,-0.0343464081899195,2069,0.0947600983860641,0.0027703566850172,0.1090742361330573,SHAP_spat
0.0256417168239858,-0.0246765119549298,0.0220178156058409,0.0,0.0048116445250322,-0.1108702910751283,0.0537016056585246,106,0.0723360443847567,0.0048116445250322,0.164571896733653,SHAP_spat
-0.0548029854425148,-0.018192050879284,-0.0202293415844377,0.0,-0.0032553918472255,0.085375111396911,-0.0460077147492805,3602,0.0932243779062367,0.0032553918472255,0.1313828261461915,SHAP_spat
0.0237801578690827,-0.030464724633753,0.0212677849976547,0.0,0.0041676078948727,-0.099188612126386,0.049525208003976,2007,0.0755126675004906,0.0041676078948727,0.1487138201303621,SHAP_spat
0.0563733838741112,-0.0574304864584444,0.023113283219792,0.0,0.0048324441187631,-0.116170909703623,0.0595423518792206,437,0.1369171535523477,0.0048324441187631,0.1757132615828436,SHAP_spat
0.0182657422380558,-0.0414235483398043,0.018461690121156,0.0,0.0042057431194568,-0.0857625836393482,0.0429955077895976,1800,0.0781509806990162,0.0042057431194568,0.1287580914289459,SHAP_spat
-0.0172121885481948,-0.0220075392006467,0.0123333226864724,0.0,0.0033909929994077,-0.0565794349903129,0.0295865614442996,2235,0.051553050435314,0.0033909929994077,0.0861659964346125,SHAP_spat
-0.0371059318737301,-0.0405942719261356,-0.0170814104896905,0.0,-0.0027676421134908,0.0738941303870711,-0.0334847160844321,3543,0.0947816142895563,0.0027676421134908,0.1073788464715032,SHAP_spat
6.341231623876922e-05,-0.0204882045519459,0.0175615139796203,0.0,0.0039353739881083,-0.084562580010484,0.0408542975740378,3062,0.038113130847805,0.0039353739881083,0.1254168775845219,SHAP_spat
0.0167229197574815,-0.0410965531555669,0.0181617705944916,0.0,0.0043266741849595,-0.0841763284074132,0.042222801202295,2212,0.0759812435075401,0.0043266741849595,0.1263991296097082,SHAP_spat
-0.0397824462727646,-0.0378842474501858,-0.0170900484519755,0.0,-0.0027571041554819,0.0744215549020127,-0.0340569561768455,2441,0.094756742174926,0.0027571041554819,0.1084785110788583,SHAP_spat
0.0522495532114535,-0.0617962303147358,0.0221401189115252,0.0,0.0045823461432065,-0.1084423057618101,0.0560545860076431,4572,0.1361859024377146,0.0045823461432065,0.1644968917694533,SHAP_spat
0.0408416339503835,-0.0303839302993418,0.0235849756966532,0.0,0.0057480704728691,-0.1211572683901265,0.0598107072906553,170,0.0948105399463786,0.0057480704728691,0.1809679756807818,SHAP_spat
-0.0270100213768377,-0.0454509788188024,-0.0209807679232786,0.0,-0.0033992612524998,0.0809728549726543,-0.0410188296551901,4139,0.0934417681189188,0.0033992612524998,0.1219916846278444,SHAP_spat
0.0696835179357227,-0.0954076552604554,0.0235522087936168,0.0,-0.0016105680831828,-0.0510437658682939,0.0421100549406822,4431,0.188643381989795,0.0016105680831828,0.0931538208089761,SHAP_content
0.0326064903432666,-0.0380637865491441,0.0217223462926271,0.0,0.0046142460869242,-0.1070304394320243,0.0528045509396987,1985,0.0923926231850379,0.0046142460869242,0.1598349903717231,SHAP_spat
-0.0573229947954481,0.0019472037258033,0.0068383524657852,0.0,0.0018394580767476,-0.029922310044988,0.0212009665394511,1371,0.0661085509870367,0.0018394580767476,0.0511232765844391,SHAP_content
0.0221804708927674,-0.0382937687789739,0.0197480254146539,0.0,0.0039542644966743,-0.0940430803052473,0.0465187994406983,2122,0.0802222650863954,0.0039542644966743,0.1405618797459457,SHAP_spat
-0.0286560252916081,-0.0455475080910021,-0.0197810667567469,0.0,-0.0032209394041124,0.0786715404372722,-0.0384444028330192,3401,0.0939846001393573,0.0032209394041124,0.1171159432702915,SHAP_spat
0.0646693180038008,-0.0529039820736366,0.0243263881033747,0.0,0.0049768279518412,-0.1262440908834277,0.0647903979720166,1676,0.1418996881808122,0.0049768279518412,0.1910344888554443,SHAP_spat
-0.0431911122687077,-0.0275124929345311,-0.0218188364220776,0.0,-0.0035051938987376,0.0861885343332873,-0.047037495210307,3730,0.0925224416253164,0.0035051938987376,0.1332260295435944,SHAP_spat
0.0025669527580576,-0.0555646706641189,-0.030484290130714,0.0,-0.0046991883466496,0.0984372469004293,-0.0654159853230954,4551,0.0886159135528906,0.0046991883466496,0.1638532322235248,SHAP_spat
-0.0044246683510851,-0.0394681837021468,-0.0114295789228269,0.0,0.0012619148846369,-0.0165802338899826,0.0145309631278253,1158,0.0553224309760589,0.0012619148846369,0.0311111970178079,SHAP_content
0.1766017916357272,0.6391087058615555,0.0403955377693671,0.0,0.0048920208961109,-0.0990892623086404,0.151451597069412,1127,0.85610603526665,0.0048920208961109,0.2505408593780525,SHAP_content
0.0064519005982869,-0.0351870287916458,0.0165136662745716,0.0,0.0040488579191677,-0.0759953693808245,0.0381171809318363,2057,0.0581525956645044,0.0040488579191677,0.1141125503126608,SHAP_spat
-0.0386474957454393,-0.0390377094277954,-0.0171025941781093,0.0,-0.0027628064980269,0.0742035858094888,-0.0337989427101306,4507,0.0947877993513441,0.0027628064980269,0.1080025285196194,SHAP_spat
-0.0299371870490563,-0.0407787265884643,-0.0220857883480499,0.0,-0.0035491745015695,0.0837595010885224,-0.0442071211321585,4177,0.0928017019855706,0.0035491745015695,0.1279666222206809,SHAP_spat
-0.0328462951351738,-0.0403390480537875,-0.0205338920700602,0.0,-0.0033151028037681,0.081055455308013,-0.0409661999419375,2058,0.0937192352590217,0.0033151028037681,0.1220216552499506,SHAP_spat
-0.0400282937921605,-0.0375472970173277,-0.017187032653163,0.0,-0.0027710561856813,0.0747226070359409,-0.0343378069619504,2355,0.0947626234626513,0.0027710561856813,0.1090604139978914,SHAP_spat
-0.0633889111251436,-0.008031634089387,-0.0209104364059545,0.0,-0.0033586200734046,0.0872118412734841,-0.0486712148716983,3711,0.0923309816204852,0.0033586200734046,0.1358830561451825,SHAP_spat
-0.0124194413764208,0.0027971599391547,0.0187951601566806,0.0,0.0045400467960873,-0.0955690945591975,0.0448492548188349,2904,0.0340117614722561,0.0045400467960873,0.1404183493780325,SHAP_spat
0.0494378476916518,-0.0588864268721934,0.0220388724591776,0.0,0.0044560316837935,-0.1077374841159259,0.0553706438557581,826,0.1303631470230229,0.0044560316837935,0.1631081279716841,SHAP_spat
-0.0384324193593343,-0.0394493457265977,-0.0168821775836091,0.0,-0.0027313835729794,0.0735926432449887,-0.0332453817021707,3838,0.0947639426695412,0.0027313835729794,0.1068380249471594,SHAP_spat
0.031427008501637,-0.0515735998382239,0.0200996946829939,0.0,0.0041639852607251,-0.087530246557667,0.0460942392079104,3286,0.1031003030228549,0.0041639852607251,0.1336244857655775,SHAP_spat
-0.0309627943518244,-0.0443145474661563,-0.0190124957048343,0.0,-0.0030984274078024,0.0773691295563573,-0.0370137126438224,4215,0.0942898375228151,0.0030984274078024,0.1143828422001797,SHAP_spat
0.0070759292731767,-0.0564104067834936,0.0040497744386721,0.0,-0.006346327869672,0.1276933528902726,-0.1185425773147125,4652,0.0675361104953425,0.006346327869672,0.246235930204985,SHAP_spat
-0.0025071673197796,0.0226884863541758,0.0224451763976579,0.0,0.00430385365637,-0.1204412567592429,0.0570245378892377,284,0.0476408300716133,0.00430385365637,0.1774657946484806,SHAP_spat
-0.0533139397236829,0.2325018143973273,0.0355898626920623,0.0,0.0097647846860311,-0.1492578093654925,0.0926897184928333,95,0.3214056168130725,0.0097647846860311,0.2419475278583258,SHAP_content
-0.0135502743577378,-0.0440876151233723,-0.0287631302168413,0.0,-0.0044706525517353,0.0953098923266145,-0.0601301188579546,4487,0.0864010196979515,0.0044706525517353,0.1554400111845691,SHAP_spat
-0.0150102851116343,-0.0479763096168401,-0.0263257437048201,0.0,-0.0041538821094855,0.0905437008669823,-0.0532797681510413,2664,0.0893123384332947,0.0041538821094855,0.1438234690180237,SHAP_spat
-0.0241602122003217,-0.0428659097107693,-0.0242142780474015,0.0,-0.0038590322464232,0.0871975396666956,-0.0486367425982587,3442,0.0912403999584925,0.0038590322464232,0.1358342822649543,SHAP_spat
-0.0280484095071669,-0.0429000994829433,-0.0219528799079516,0.0,-0.003534459482646,0.0831545265783831,-0.0435242713796944,3906,0.092901388898062,0.003534459482646,0.1266787979580776,SHAP_spat
0.0035668807007804,-0.0575841979642533,-0.030070183890576,0.0,-0.0046503491140219,0.0974617723581594,-0.0639767053284301,4615,0.0912212625556097,0.0046503491140219,0.1614384776865896,SHAP_spat
-0.0391789248084608,-0.0381350686131765,-0.0174801949575644,0.0,-0.0028178484591939,0.0753105517541707,-0.0348394347077963,2649,0.0947941883792018,0.0028178484591939,0.1101499864619671,SHAP_spat
-0.0411901049413811,-0.0361448193598773,-0.0174102853912873,0.0,-0.0028015142687907,0.0755775659070691,-0.0351800967298749,3197,0.0947452096925457,0.0028015142687907,0.110757662636944,SHAP_spat
-0.0436158522829284,-0.0331565407478472,-0.0178888439767475,0.0,-0.0028717567917281,0.0774372553612592,-0.0370535039317142,2931,0.0946612370075232,0.0028717567917281,0.1144907592929734,SHAP_spat
0.0468721825350829,-0.0407786273284146,0.0234163252273684,0.0,0.0049487163523188,-0.1190379049571508,0.0595122694480739,1431,0.111067135090866,0.0049487163523188,0.1785501744052247,SHAP_spat
-0.0388878834633616,-0.0389949394028328,-0.0168654864306412,0.0,-0.0027268661432788,0.0736530416051748,-0.0333271182541373,4008,0.0947483092968357,0.0027268661432788,0.1069801598593122,SHAP_spat
-0.0409480916039287,-0.0357416739700896,-0.0180405637941332,0.0,-0.0028998963323874,0.0771808835685852,-0.0366848104086151,3763,0.0947303293681516,0.0028998963323874,0.1138656939772004,SHAP_spat
-0.0338091932335255,-0.0433571926810096,-0.0174940241777103,0.0,-0.0028564344856754,0.0744073318610087,-0.0340013650647787,2280,0.0946604100922455,0.0028564344856754,0.1084086969257875,SHAP_spat
-0.036796566535525,0.0134216111073846,0.0156365854455615,0.0,0.0038189306387781,-0.0781111051498917,0.0376336393765704,3762,0.0658547630884712,0.0038189306387781,0.1157447445264622,SHAP_spat
-0.0374917584012482,-0.0207796280980597,0.0079425653182156,0.0,0.0016014231346067,-0.0176410977465767,0.0163765217629873,1440,0.0662139518175237,0.0016014231346067,0.034017619509564,SHAP_content
-0.0416045118491935,-0.0356337082349322,-0.0174982385667344,0.0,-0.002814039206046,0.0759078178673294,-0.0355065725363538,2521,0.0947364586508602,0.002814039206046,0.1114143904036833,SHAP_spat
-0.071262434662473,0.002501984511937,-0.0224248869169071,0.0,-0.0035675638642276,0.0892079874672207,-0.0516012341040174,3942,0.0961893060913172,0.0035675638642276,0.1408092215712381,SHAP_spat
0.0606052688006231,-0.0542165897090088,0.0238730074724492,0.0,0.0053441221301075,-0.1224025919103337,0.0626343716377781,3613,0.1386948659820812,0.0053441221301075,0.1850369635481119,SHAP_spat
-0.0415123017006756,-0.0346294656900019,-0.0184768972696555,0.0,-0.0029699821706374,0.0784533633260779,-0.0379850572857718,2187,0.0946186646603331,0.0029699821706374,0.1164384206118497,SHAP_spat
0.0229980671056572,-0.0501438566348879,0.0180909208673009,0.0,0.0036443369879603,-0.0820814573196381,0.04236221869194,3970,0.0912328446078461,0.0036443369879603,0.1244436760115782,SHAP_spat
0.024980271251957,-0.0187260250784832,0.0224852947037218,0.0,0.0050108817774297,-0.114889685161601,0.0554609982313974,1284,0.066191591034162,0.0050108817774297,0.1703506833929985,SHAP_spat
-0.0143823176841918,-0.0463012136053406,-0.0274215602620244,0.0,-0.0042969852245379,0.092661176572582,-0.056253416387822,3545,0.0881050915515568,0.0042969852245379,0.1489145929604041,SHAP_spat
0.0050388893290359,-0.0588368146687816,0.0041108294426701,0.0,-0.0064439741177945,0.1232013977236825,-0.1088482373307938,3237,0.0679865334404878,0.0064439741177945,0.2320496350544763,SHAP_spat
0.0105603109105794,-0.0285181424449653,0.0187338909586318,0.0,0.0043351450692039,-0.0896861545469427,0.0436480243268729,2003,0.0578123443141766,0.0043351450692039,0.1333341788738157,SHAP_spat
0.0439830910890129,-0.0385142822548812,0.0232673722214735,0.0,0.0050662874763982,-0.1181306248408463,0.0587730137716984,1250,0.1057647455653677,0.0050662874763982,0.1769036386125448,SHAP_spat
0.0316158975742981,-0.0185819587113586,0.0233684422485122,0.0,0.0053917048112715,-0.1208767144997664,0.0588523032652357,1954,0.073566298534169,0.0053917048112715,0.1797290177650022,SHAP_spat
-0.0456488402674724,-0.0301741468373423,-0.0186533733953889,0.0,-0.0029921554935911,0.0799276403122535,-0.039596464427009,2153,0.0944763605002037,0.0029921554935911,0.1195241047392625,SHAP_spat
-0.0422667371703108,-0.0332903546487592,-0.0189015381865588,0.0,-0.0030385072279008,0.0797011688026645,-0.0393083391104596,3764,0.0944586300056289,0.0030385072279008,0.1190095079131242,SHAP_spat
-0.0427516173939812,-0.0341153905344604,-0.0178391912515336,0.0,-0.0028649571932214,0.0770763227606222,-0.0366527464890924,2239,0.0947061991799753,0.0028649571932214,0.1137290692497146,SHAP_spat
-0.03837762097955,-0.0391478133999809,-0.0172706940035941,0.0,-0.0027892586336431,0.0746029403263516,-0.0341593914503965,3378,0.0947961283831251,0.0027892586336431,0.1087623317767482,SHAP_spat
0.014140555506366,-0.0639791644659331,0.0044835162561595,0.0,-0.0063402703048983,0.1272189625498212,-0.11802916825485,4156,0.0826032362284586,0.0063402703048983,0.2452481308046712,SHAP_spat
0.0505590176720828,-0.0315157004402991,0.0244248178538711,0.0,0.0043509541081922,-0.1269328951562331,0.0636303000498759,1256,0.1064995359662532,0.0043509541081922,0.1905631952061091,SHAP_spat
0.0290386272960553,-0.0325673774187937,0.0217584159676398,0.0,0.0048679234261335,-0.1080259618118666,0.0528110086926545,55,0.0833644206824889,0.0048679234261335,0.1608369705045211,SHAP_spat
0.0243243590583132,-0.0496113506501942,0.0184321862270489,0.0,0.0032450005541412,-0.0841872618981992,0.0432710867556182,482,0.0923678959355564,0.0032450005541412,0.1274583486538175,SHAP_spat
-0.0074497572068864,-0.0081541048045867,0.0179759894421793,0.0,0.0039534064612052,-0.089042355363146,0.0422867004588174,43,0.0335798514536525,0.0039534064612052,0.1313290558219635,SHAP_spat
-0.0362103633921919,-0.0352642803106863,-0.0215612472090386,0.0,-0.0034632926406014,0.0840048980370344,-0.0443768604241226,3555,0.0930358909119169,0.0034632926406014,0.128381758461157,SHAP_spat
-0.0347468280080077,-0.0375321232856843,-0.0211013020232055,0.0,-0.0033956050600104,0.0826920032026387,-0.0428232991370178,4299,0.0933802533168976,0.0033956050600104,0.1255153023396565,SHAP_spat
-0.0406586541113053,-0.030044436618039,-0.0218918148739651,0.0,-0.0035142340161358,0.0857468183003668,-0.0464941603354103,3767,0.0925949056033095,0.0035142340161358,0.1322409786357771,SHAP_spat
0.059531350810199,-0.0536118805559989,0.0237672521866119,0.0,0.0047848198584996,-0.12157620241777,0.0621404370982946,1821,0.13691048355281,0.0047848198584996,0.1837166395160647,SHAP_spat
0.069153393877421,-0.0374950046778531,0.0256714887164057,0.0,0.0055675809092135,-0.1368250494488634,0.0705063586307486,1543,0.1323198872716799,0.0055675809092135,0.2073314080796121,SHAP_spat
0.06404595683864,-0.0405636972823836,0.02495778943575,0.0,0.0032791893384195,-0.1313561062257393,0.0671336501009272,320,0.1295674435567737,0.0032791893384195,0.1984897563266665,SHAP_spat
0.0653061419501651,-0.0573711300260926,0.0240584339116516,0.0,0.0048613445812804,-0.124073028888935,0.0639258517907039,1341,0.1467357058879093,0.0048613445812804,0.1879988806796389,SHAP_spat
-0.0297824308737331,-0.0429810580908376,-0.0208016409166839,0.0,-0.0033638943722537,0.0810326585400375,-0.0410152311521616,2134,0.0935651298812547,0.0033638943722537,0.1220478896921991,SHAP_spat
-0.036517084140516,-0.0338062872459158,-0.0222079164531694,0.0,-0.003560625280164,0.0854093319302169,-0.0461241399440166,2802,0.0925312878396013,0.003560625280164,0.1315334718742336,SHAP_spat
-0.0446410767599057,-0.0284562045233997,-0.022054388567676,0.0,-0.0008721962602873,0.0862977260626309,-0.047120637981323,3089,0.0951516698509815,0.0008721962602873,0.1334183640439539,SHAP_spat
0.0595517422381835,-0.1050494167298008,0.0183955083861113,0.0,-0.0085528483255814,0.0789312097541649,-0.0359960950747085,4677,0.1829966673540957,0.0085528483255814,0.1149273048288734,SHAP_content
-0.009557793930951,-0.0463528054875416,-0.029498880087251,0.0,-0.004566750788013,0.0964953510746256,-0.0620047907750492,2478,0.0854094795057437,0.004566750788013,0.1585001418496748,SHAP_spat
-0.0400606898116775,-0.0374900763706886,-0.0172147068528145,0.0,-0.0027751499151586,0.0748003736451409,-0.0344084194411686,2257,0.0947654730351807,0.0027751499151586,0.1092087930863095,SHAP_spat
-0.0344575244279381,-0.0343606015915062,-0.0230740730309177,0.0,-0.0036892233025671,0.0867108041525649,-0.0478315012676843,4326,0.0918921990503621,0.0036892233025671,0.1345423054202492,SHAP_spat
0.0711669002653259,-0.0478734429288121,0.0252097206746973,0.0,0.0054077845876513,-0.1335735234641619,0.0689680010151157,1437,0.1442500638688355,0.0054077845876513,0.2025415244792776,SHAP_spat
0.0650717993592932,-0.0890503636093162,0.0232113923046167,0.0,-0.0005823613014051,-0.0597320410093735,0.0441818731596824,4217,0.1773335552732261,0.0005823613014051,0.103913914169056,SHAP_content
-0.0378088157312042,-0.0394116724714812,-0.0175522927621915,0.0,-0.0028375030225285,0.0752514732632379,-0.0347729200934902,2442,0.094772780964877,0.0028375030225285,0.1100243933567281,SHAP_spat
-0.0329859683743272,-0.0409174344941715,-0.0200507447226152,0.0,-0.0032429272415146,0.080037928226411,-0.0398214078012223,2255,0.0939541475911139,0.0032429272415146,0.1198593360276334,SHAP_spat
0.013523217529891,-0.0364529776252437,0.018026768298591,0.0,0.0035336116496365,-0.0840574180703271,0.0418081594408245,237,0.0680029634537257,0.0035336116496365,0.1258655775111517,SHAP_spat
0.0414912285525021,-0.0692725927331637,-0.0223188042359671,0.0,0.0012461508128231,-0.0274985807149281,0.0270180872692569,1797,0.1330826255216329,0.0012461508128231,0.0545166679841851,SHAP_content
0.0788311319136469,0.0095391049458382,0.0293956291213331,0.0,0.0080264667869375,-0.1525085985931205,0.0833656481256544,1809,0.1177658659808183,0.0080264667869375,0.235874246718775,SHAP_spat
0.0489517793601971,-0.0242719151938506,0.024789437393571,0.0,0.0055080265197325,-0.1303430022481536,0.0651608993935074,1003,0.0980131319476188,0.0055080265197325,0.1955039016416611,SHAP_spat
-0.0303490396761703,-0.0400283385349463,-0.0222818107693377,0.0,-0.0035767238992599,0.0842423931708339,-0.044786339827832,3859,0.0926591889804544,0.0035767238992599,0.1290287329986659,SHAP_spat
-0.0116083913888707,-0.0493547290659834,0.0025458935438388,0.0,-0.0050731346805089,0.1207434102149986,-0.1048065766123528,4544,0.0635090139986929,0.0050731346805089,0.2255499868273515,SHAP_spat
-0.0364749087300442,-0.0390436962104702,-0.0189212020153969,0.0,-0.0030595520557262,0.0782954191820427,-0.0378634086632091,2393,0.0944398069559113,0.0030595520557262,0.1161588278452518,SHAP_spat
-0.0449686875145303,-0.0297587776790656,-0.019425080143883,0.0,-0.0031220152725675,0.081647324072507,-0.0414640382930089,3010,0.094152545337479,0.0031220152725675,0.1231113623655159,SHAP_spat
-0.028198905886868,-0.0428252540583066,-0.0219063702270598,0.0,-0.0035274353685684,0.0830819500721382,-0.0434344571605787,4068,0.0929305301722344,0.0035274353685684,0.1265164072327169,SHAP_spat
0.06045329573564,-0.0666849917007312,0.0227377125792493,0.0,0.0047385644206435,-0.1131870929989871,0.0590036591693321,1076,0.1498760000156206,0.0047385644206435,0.1721907521683192,SHAP_spat
-0.0454387089787858,-0.0308221959822808,-0.018351701991136,0.0,-0.0029474522959984,0.0782050191110457,-0.0377942172623569,4108,0.0946126069522027,0.0029474522959984,0.1159992363734026,SHAP_spat
-0.07965377650002,-0.0055845378573659,0.0011275438760093,0.0,-0.0046412453078046,0.1057630249052432,-0.0723277757542901,3855,0.0863658582333954,0.0046412453078046,0.1780908006595334,SHAP_spat
0.003897573052814,-0.0539692987950624,-0.0315734050629405,0.0,-0.0048372403750711,0.1005911290237677,-0.0688784562625695,3412,0.089440276910817,0.0048372403750711,0.1694695852863372,SHAP_spat
-0.0260925703162101,-0.0455656809107959,-0.021500329006082,0.0,-0.0034760394263004,0.0819258515978587,-0.0421317625291258,3935,0.0931585802330881,0.0034760394263004,0.1240576141269846,SHAP_spat
-0.0304890043711454,-0.0437936651939293,-0.019754470378894,0.0,-0.0032090313577251,0.078910095967087,-0.0386521044728636,2505,0.0940371399439688,0.0032090313577251,0.1175622004399507,SHAP_spat
0.0593473821081777,-0.0520661918316797,0.0238259032835907,0.0,0.0042196258944387,-0.1220431850569904,0.0623136635743161,1199,0.1352394772234482,0.0042196258944387,0.1843568486313066,SHAP_spat
0.0364209009809116,-0.0271505938202271,0.0231979142391464,0.0,0.0042929560709096,-0.1186143356752258,0.0582064609138585,4411,0.0867694090402852,0.0042929560709096,0.1768207965890843,SHAP_spat
-0.0372237663212006,-0.0327661458539085,-0.0223733837363503,0.0,-0.0035856101549754,0.08590865891636,-0.0467509106138195,3904,0.0923632959114595,0.0035856101549754,0.1326595695301796,SHAP_spat
-0.0007955790674453,-0.0176512235922343,0.0178083534567818,0.0,0.0036800516235963,-0.086426850952438,0.0415424620478878,300,0.0362551561164614,0.0036800516235963,0.1279693130003259,SHAP_spat
-0.0515112689531843,-0.0205399090938954,-0.0208528708556923,0.0,-0.0033580631259335,0.0860507539754362,-0.0468195026283769,2898,0.0929040489027721,0.0033580631259335,0.1328702566038132,SHAP_spat
-0.0470348972910148,-0.0289436301329986,-0.0184487439851448,0.0,-0.0029610823406898,0.07977662692369,-0.0395375301459828,2507,0.0944272714091582,0.0029610823406898,0.1193141570696729,SHAP_spat
0.0493067547138059,-0.058697407410335,0.0219542048527897,0.0,0.0035646736600538,-0.1070350587890807,0.0550895525792874,942,0.1299583669769307,0.0035646736600538,0.1621246113683682,SHAP_spat
-0.0278105921807706,-0.0418265295826738,-0.0227329965041658,0.0,-0.0036459598156037,0.0847249623071447,-0.0454341019452749,4071,0.0923701182676103,0.0036459598156037,0.1301590642524196,SHAP_spat
-0.0408188184527945,-0.0359354102949231,-0.0179862624035637,0.0,-0.0028915464914159,0.0770075179970604,-0.0365107222326888,2370,0.0947404911512814,0.0028915464914159,0.1135182402297493,SHAP_spat
0.0600092474874638,-0.0466691323978375,0.0243448437886555,0.0,0.0052192155312503,-0.1263517744224356,0.0642886547426356,1259,0.131023223673957,0.0052192155312503,0.1906404291650713,SHAP_spat
0.0269669725760433,-0.0721883343240174,-0.0346845279438396,0.0,-0.005331129289659,0.0634074378275757,-0.0240806579543946,4075,0.1338398348439005,0.005331129289659,0.0874880957819704,SHAP_content
0.029811503057587,-0.0734391887952146,-0.0341601207803702,0.0,-0.0052559214075963,0.054755074887981,-0.0168656855535726,2522,0.137410812633172,0.0052559214075963,0.0716207604415536,SHAP_content
-0.0257214683435915,-0.0460555756602529,-0.021420261300693,0.0,-0.0034659628493668,0.0817125334480696,-0.0418954962012173,3956,0.0931973053045375,0.0034659628493668,0.123608029649287,SHAP_spat
-0.044042750744356,-0.0320942689628464,-0.0184515331573325,0.0,-0.0029598736040972,0.0790034811858858,-0.038591571150131,4042,0.094588552864535,0.0029598736040972,0.1175950523360168,SHAP_spat
-0.0206736411847272,-0.0258314078608645,0.0097910110856166,0.0,0.0021734991314589,-0.0430690932212906,0.0246530817791028,3156,0.0562960601312084,0.0021734991314589,0.0677221750003935,SHAP_spat
-0.0145333832587404,0.0075920159386625,0.0191221887180468,0.0,0.0046375612180058,-0.0981922547164564,0.0459382645550188,463,0.0412475879154498,0.0046375612180058,0.1441305192714753,SHAP_spat
-0.0121425575169272,-0.0146892824171003,0.0157439808858731,0.0,0.0041772131309381,-0.0747215941623012,0.0366011657563724,5,0.0425758208199007,0.0041772131309381,0.1113227599186737,SHAP_spat
-0.0049923523956705,-0.0197835258731233,0.0164478039549059,0.0,0.0036773832212491,-0.0776261956377254,0.0380167118743893,841,0.0412236822236998,0.0036773832212491,0.1156429075121148,SHAP_spat
0.0436169626927309,-0.0364263008647178,0.0233816970877863,0.0,0.0049670850551981,-0.1191316781729478,0.0591754055617599,1868,0.1034249606452352,0.0049670850551981,0.1783070837347078,SHAP_spat
0.0076558490339689,-0.03497781008541,0.0168295124523174,0.0,0.0037787593561378,-0.077696091338189,0.0388577998469183,326,0.0594631715716965,0.0037787593561378,0.1165538911851073,SHAP_spat
-0.0361487725971486,-0.0419206985459193,-0.016678391136687,0.0,-0.0027121603921973,0.0727001750442455,-0.0323831668855816,4049,0.094747862279755,0.0027121603921973,0.1050833419298271,SHAP_spat
-0.0155620626431926,-0.04467709985556,-0.0276183071086211,0.0,-0.0043217510482959,0.0931379099869266,-0.0569134194733168,4207,0.0878574696073739,0.0043217510482959,0.1500513294602434,SHAP_spat
-0.0227718858396817,-0.0455254777265764,-0.0235207309453858,0.0,-0.0037661816635338,0.0856334531757811,-0.0466729331333096,3208,0.0918180945116441,0.0037661816635338,0.1323063863090907,SHAP_spat
-0.0838593123309055,0.0142222417280083,-0.0219080742320375,0.0,-0.0034978891188927,0.0886301151949394,-0.0507363386406387,4387,0.1199896282909514,0.0034978891188927,0.1393664538355781,SHAP_spat
0.0486873796695514,-0.0649847978645923,0.0211397250086083,0.0,0.0037049588583346,-0.1008852341680424,0.0528575462634553,1464,0.134811902542752,0.0037049588583346,0.1537427804314978,SHAP_spat
-0.138634195940501,0.0840173925220076,0.00968145567236,0.0,0.0028954940564595,-0.0417616161684607,0.0291665822443935,892,0.2323330441348688,0.0028954940564595,0.0709281984128543,SHAP_content
-0.0583105180930285,-0.0185276954114154,-0.0178390146515028,0.0,-0.0028644481213214,0.0772288888517163,-0.0368364699739748,3131,0.0946772281559468,0.0028644481213214,0.1140653588256912,SHAP_spat
-0.0331134839637364,-0.0410138076910055,-0.0198962703983947,0.0,-0.0032195173861277,0.079727077997618,-0.0394755383566297,2061,0.0940235620531367,0.0032195173861277,0.1192026163542477,SHAP_spat
-0.0419738788597081,-0.0349274714043253,-0.0178362479865899,0.0,-0.002865098705411,0.0768693268083165,-0.0364115729103455,3201,0.0947375982506234,0.002865098705411,0.113280899718662,SHAP_spat
0.05188903540389,-0.0267744921430026,0.0248926397452718,0.0,0.0054011448479395,-0.1310160003084936,0.0657710264708502,694,0.1035561672921645,0.0054011448479395,0.1967870267793438,SHAP_spat
0.0673301527525353,-0.0462822211434083,0.025003529149378,0.0,0.0053862200600339,-0.1318386759956304,0.0676965955388286,387,0.1386159030453217,0.0053862200600339,0.199535271534459,SHAP_spat
-0.0118788625601992,-0.0489794261618568,-0.0273358804623553,0.0,-0.0042880289241639,0.0923721310504385,-0.0558982107175021,2571,0.0881941691844115,0.0042880289241639,0.1482703417679406,SHAP_spat
-0.0368626523599374,-0.0377760698661782,-0.0195575405436368,0.0,-0.0031563495202864,0.0798368494677467,-0.0395171517498478,3103,0.0941962627697525,0.0031563495202864,0.1193540012175946,SHAP_spat
-0.0386539550434944,-0.039284910348661,-0.0168055758138396,0.0,-0.0027189285178594,0.0734525536646739,-0.0331384240985709,4232,0.0947444412059951,0.0027189285178594,0.1065909777632449,SHAP_spat
-0.0381430846769257,-0.0396575155780487,-0.0169814135044363,0.0,-0.0027468018575246,0.0737933356192135,-0.0334105128729523,4658,0.0947820137594108,0.0027468018575246,0.1072038484921658,SHAP_spat
-0.0359113538224146,-0.0337520405510639,-0.0225839447747264,0.0,-0.003616836089011,0.0860377918559,-0.0469370491362509,3333,0.0922473391482051,0.003616836089011,0.1329748409921509,SHAP_spat
0.0416413609085307,0.8887365900465077,0.0099838612068841,0.0,0.0023043777372028,-0.0333419779653526,0.0335265306667008,603,0.9403618121619228,0.0023043777372028,0.0668685086320535,SHAP_content
0.0268783550020384,-0.0202808990986014,0.0226233683493141,0.0,0.005155216269375,-0.1155131274888484,0.0559197141540066,842,0.0697826224499539,0.005155216269375,0.171432841642855,SHAP_spat
0.0344943640812618,-0.0451478405294385,0.0212707961432005,0.0,0.0047125528713692,-0.1029989817633839,0.0514839378532197,322,0.1009130007539009,0.0047125528713692,0.1544829196166036,SHAP_spat
0.0498238775165872,-0.0984813669966531,0.0161216953725829,0.0,-0.0013469164924748,0.098184102808653,-0.0588630754838858,2747,0.1644269398858233,0.0013469164924748,0.1570471782925389,SHAP_content
0.0669653618779935,-0.0525695512331128,0.0245796604522998,0.0,0.0054106284286686,-0.1283762655058373,0.0660220360169204,1867,0.1441145735634063,0.0054106284286686,0.1943983015227577,SHAP_spat
0.01005704604469,0.0089701580296791,0.0228517056180178,0.0,0.0046974577657614,-0.1211232964989912,0.0577648548423309,865,0.041878909692387,0.0046974577657614,0.1788881513413222,SHAP_spat
-0.0419527623901972,-0.0352016718791392,-0.0175777933819436,0.0,-0.0028262008812074,0.0761901024132564,-0.0357809312493056,3061,0.0947322276512801,0.0028262008812074,0.111971033662562,SHAP_spat
-0.0473333884074939,-0.0277324264150127,-0.0191511376197463,0.0,-0.0030745285471393,0.0815829870843099,-0.0414153700360444,4089,0.094216952442253,0.0030745285471393,0.1229983571203544,SHAP_spat
-0.0080428224898308,-0.0520666813249522,-0.0276474255571099,0.0,-0.0043317364791256,0.0928857090798015,-0.0567322576960488,4319,0.087756929371893,0.0043317364791256,0.1496179667758504,SHAP_spat
-0.0442078538523038,-0.0324153484702892,-0.0180527998309296,0.0,-0.0029045297785046,0.0779081382471939,-0.0374768637145796,2613,0.0946760021535226,0.0029045297785046,0.1153850019617735,SHAP_spat
0.0203959054637384,-0.0311238639480834,0.0087156116081178,0.0,-0.0071432011668366,0.1464898302175835,-0.1498744250463441,4260,0.0602353810199396,0.0071432011668366,0.2963642552639277,SHAP_spat
0.0183466877758623,-0.046236478756275,0.0175097766222667,0.0,0.0031643507661972,-0.0792811306697317,0.0407106178070195,4438,0.0820929431544041,0.0031643507661972,0.1199917484767513,SHAP_spat
-0.0755445091776435,0.0081270683467783,-0.0232245020580061,0.0,-0.0036685438192718,0.0899046059649092,-0.052743333647135,2563,0.106896079582428,0.0036685438192718,0.1426479396120442,SHAP_spat
-0.0133001425689949,-0.0486530610142864,-0.0268232202892982,0.0,-0.0042204520308207,0.0914313050234466,-0.0545442833024268,3367,0.0887764238725797,0.0042204520308207,0.1459755883258735,SHAP_spat
-0.0137266847359064,-0.0484676480298779,-0.0267086135688262,0.0,-0.004205133042789,0.0912276610361512,-0.0542514128000923,2602,0.0889029463346107,0.004205133042789,0.1454790738362435,SHAP_spat
0.0503519629268681,-0.06413058322345,0.0214998715350469,0.0,0.0035202634563008,-0.1033303553523703,0.05396853932862,1280,0.1359824176853651,0.0035202634563008,0.1572988946809903,SHAP_spat
-0.0368922275198367,-0.0360196014975575,-0.0206881690725735,0.0,-0.0033299328935457,0.082324686680499,-0.0423461838288037,3632,0.0935999980899678,0.0033299328935457,0.1246708705093028,SHAP_spat
0.0737013085043348,-0.0003140596861186,0.028324866437921,0.0,0.0078585704323816,-0.1495430603906405,0.0800178559886797,830,0.1023402346283745,0.0078585704323816,0.2295609163793203,SHAP_spat
-0.0450735528609121,-0.0313010806113718,-0.0182012365186309,0.0,-0.0029206977014181,0.0786259665481694,-0.0382775372596902,3149,0.0945758699909149,0.0029206977014181,0.1169035038078596,SHAP_spat
-0.011262096987182,-0.0476882237783259,-0.028202093428484,0.0,-0.0043996189463991,0.0940516150571396,-0.0583226602647364,3799,0.0871524141939919,0.0043996189463991,0.152374275321876,SHAP_spat
0.0303169775657552,-0.0171438034917002,0.0232903205056493,0.0,0.0049539632843588,-0.1204058943394237,0.0585433058212962,1904,0.0707511015631048,0.0049539632843588,0.1789492001607199,SHAP_spat
0.048281578763456,-0.0498047000666147,0.0228222008154384,0.0,0.0049342934586077,-0.1140308540060212,0.0575995171338847,455,0.1209084796455091,0.0049342934586077,0.1716303711399059,SHAP_spat
0.0185491937995044,-0.0142185507249084,0.0219463313921167,0.0,0.0045446901355948,-0.1120016679618955,0.0536503821976824,307,0.0547140759165297,0.0045446901355948,0.165652050159578,SHAP_spat
-0.0387469461017505,-0.0389878953139495,-0.0170455176254202,0.0,-0.0027541358572839,0.0740751659518218,-0.0336877455281786,2120,0.0947803590411202,0.0027541358572839,0.1077629114800004,SHAP_spat
-0.0388728682350441,-0.0390116666349559,-0.0168670870288618,0.0,-0.0027278027612746,0.0736459317352225,-0.0333157644495897,2305,0.0947516218988619,0.0027278027612746,0.1069616961848122,SHAP_spat
-0.0544924683330733,-0.0195796552321359,-0.0195164581967158,0.0,-0.0031419121489081,0.083885285293392,-0.0443035941557295,2262,0.0935885817619251,0.0031419121489081,0.1281888794491215,SHAP_spat
-0.0375046737408361,-0.0378911160359931,-0.0190206307562938,0.0,-0.0030711551439203,0.078772597169973,-0.0383531311722631,2050,0.0944164205331231,0.0030711551439203,0.1171257283422362,SHAP_spat
0.0250858928435732,-0.0175875603564046,0.0226194913632712,0.0,0.0052288315820716,-0.1159167209411128,0.0559572051638661,1302,0.065292944563249,0.0052288315820716,0.171873926104979,SHAP_spat
0.0220729373936041,-0.0152694255740297,0.0223329898369649,0.0,0.0043900883783394,-0.1143396453497719,0.054993487425533,328,0.0596753528045988,0.0043900883783394,0.1693331327753049,SHAP_spat
-0.0192982211230877,-0.0417170448464802,-0.0272279083723238,0.0,-0.0042691356573299,0.092685766533625,-0.0562089515417333,4682,0.0882431743418917,0.0042691356573299,0.1488947180753583,SHAP_spat
0.0593729354985676,-0.0352746194773935,0.0250718977130955,0.0,0.0060620990731853,-0.1320735526337346,0.0670382987047335,1704,0.1197194526890568,0.0060620990731853,0.1991118513384681,SHAP_spat
0.0201211775009091,-0.0294401161591646,0.0204616169665366,0.0,0.0036683985439066,-0.0999135686678154,0.0485836685715651,4017,0.0700229106266104,0.0036683985439066,0.1484972372393806,SHAP_spat
-0.0422554163538679,-0.032888078079255,-0.0191884334503708,0.0,-0.0030859918592659,0.0803752857626171,-0.0400453827391592,4649,0.0943319278834939,0.0030859918592659,0.1204206685017763,SHAP_spat
-0.0425987220731042,-0.034264080136155,-0.0178505980020362,0.0,-0.0028668160805572,0.0770644275949337,-0.0366311034446954,4531,0.0947134002112954,0.0028668160805572,0.1136955310396291,SHAP_spat
0.0553416166003325,-0.041211885490865,0.0242536534376714,0.0,0.0046861199186885,-0.1254392229763655,0.0633774510728737,1718,0.120807155528869,0.0046861199186885,0.1888166740492393,SHAP_spat
-0.0402933219713749,-0.0334403622239562,-0.020131563658879,0.0,-0.0032399516497612,0.0819930847020509,-0.0419004202432424,2977,0.0938652478542101,0.0032399516497612,0.1238935049452933,SHAP_spat
-0.0424220627499909,-0.0300937871450422,-0.020825590205981,0.0,-0.0033492500355282,0.0840181243703323,-0.0442953232453139,2612,0.0933414401010142,0.0033492500355282,0.1283134476156462,SHAP_spat
-0.0423867674581376,-0.0342638102001692,-0.0180578686382065,0.0,-0.0028987986453931,0.0775575890810569,-0.0370914888082842,4214,0.0947084462965134,0.0028987986453931,0.1146490778893411,SHAP_spat
0.0412538532218327,-0.0261245306947707,0.0238783745536176,0.0,0.005029176736401,-0.1236596279567781,0.0610501756346309,479,0.0912567584702211,0.005029176736401,0.1847098035914091,SHAP_spat
0.0114043103519843,-0.0058692868642699,0.0216800388235905,0.0,0.0042153548416161,-0.1115128956181526,0.0530075119969294,3629,0.0389536360398448,0.0042153548416161,0.164520407615082,SHAP_spat
0.0457519156112838,-0.0459805415394387,0.022821959137277,0.0,0.0046763941964932,-0.1142393630269855,0.0573478036600088,1175,0.1145544162879997,0.0046763941964932,0.1715871666869943,SHAP_spat
-0.0098990386793898,-0.0503967063134439,-0.0275833464081219,0.0,-0.0043217043840769,0.0927897822186192,-0.0565423726783355,4302,0.0878790914009557,0.0043217043840769,0.1493321548969547,SHAP_spat
-0.0363311264613419,-0.0409873828410456,-0.0174297421487952,0.0,-0.0028284677123953,0.0746767575227925,-0.0342269466131756,2957,0.0947482514511828,0.0028284677123953,0.1089037041359682,SHAP_spat
-0.0334687407194344,-0.0423588239081978,-0.0186330238582716,0.0,-0.0030295562458173,0.0769840265020055,-0.0365585000534896,3657,0.094460588485904,0.0030295562458173,0.1135425265554951,SHAP_spat
-0.1058999605467806,0.0651131068728724,0.0124298618530348,0.0,0.00364847507843,-0.0593809596049647,0.0331655040216235,117,0.1834429292726879,0.00364847507843,0.0925464636265883,SHAP_content
0.0418332043329804,-0.0400223140070115,0.0228481451331418,0.0,0.0047107990589831,-0.1148805888226448,0.0571266125870598,1971,0.1047036634731339,0.0047107990589831,0.1720072014097046,SHAP_spat
0.0573974584072009,-0.0352013753186436,0.0248375431453307,0.0,0.0050660610786601,-0.1304433949832298,0.0659772152573123,1557,0.1174363768711753,0.0050660610786601,0.1964206102405421,SHAP_spat
-0.0597061877039302,-0.012353674758577,-0.0206437326556315,0.0,-0.0033208042901632,0.0866211866496876,-0.0477272690592826,2862,0.0927035951181388,0.0033208042901632,0.1343484557089703,SHAP_spat
-0.0237306184686167,-0.0384033752400671,0.0021070662195545,0.0,-0.0059032111792233,0.1194465192135837,-0.1020747105972169,3754,0.0642410599282384,0.0059032111792233,0.2215212298108006,SHAP_spat
0.0705789844116944,-0.0339762939521933,0.0259918850039479,0.0,0.0059090508281292,-0.1390760955435941,0.0719210335038881,879,0.1305471633678358,0.0059090508281292,0.2109971290474822,SHAP_spat
0.0253568933120362,-0.042516134552259,0.0199181410377402,0.0,0.0047376158074297,-0.0946013654665873,0.0471212164771465,1029,0.0877911689020356,0.0047376158074297,0.1417225819437338,SHAP_spat
-0.0214274756405367,-0.0442720842125954,-0.0249361251851905,0.0,-0.0039612804061681,0.088317973424864,-0.0501546783810508,3282,0.0906356850383226,0.0039612804061681,0.1384726518059148,SHAP_spat
0.0070297242580846,-0.0370474413086654,0.0161177546921339,0.0,0.0030143393935306,-0.073262300643594,0.0371918190650651,466,0.0601949202588841,0.0030143393935306,0.1104541197086592,SHAP_spat
-0.0445840254060042,-0.0319076791082028,-0.0181163368847553,0.0,-0.0029072777056311,0.0782770447839623,-0.0379099736165232,2265,0.0946080413989623,0.0029072777056311,0.1161870184004856,SHAP_spat
-0.0476205012681903,-0.0300718178201616,0.0024140752546595,0.0,-0.001488096291541,0.1066090448801291,-0.0755332625629646,4236,0.0801063943430115,0.001488096291541,0.1821423074430938,SHAP_spat
-0.0389794400620016,-0.0377347428903927,-0.0180105015581042,0.0,-0.0029043379416117,0.0766737567590033,-0.0361683022668482,4045,0.0947246845104985,0.0029043379416117,0.1128420590258515,SHAP_spat
-0.032394636760341,-0.0375898515808741,-0.0224802715315616,0.0,-0.0036029092597307,0.0850568546872683,-0.04575380216167,4521,0.0924647598727768,0.0036029092597307,0.1308106568489383,SHAP_spat
0.0320353671553872,-0.0510617638865619,0.0200041558871201,0.0,0.0041024916781179,-0.0939814554661928,0.0478309224518821,2493,0.1031012869290693,0.0041024916781179,0.141812377918075,SHAP_spat
0.0064575808221594,-0.0177274944718721,0.0194323669067832,0.0,0.0040126784749694,-0.0952031402371516,0.0456313839321515,1160,0.0436174422008148,0.0040126784749694,0.1408345241693032,SHAP_spat
-0.0946066510166083,0.0076943457641029,0.0014438146758492,0.0,-0.0047528425687093,0.1059605269318074,-0.0713490528519797,3083,0.1037448114565604,0.0047528425687093,0.1773095797837871,SHAP_spat
0.0275442436394501,-0.0138315638571601,0.023196209877642,0.0,0.004834793387775,-0.1202642502546172,0.0582519892359607,1969,0.0645720173742523,0.004834793387775,0.1785162394905779,SHAP_spat
-0.0258531648198653,-0.0188918909497406,0.0104633215468657,0.0,0.0025302527886914,-0.0455966141462624,0.0256863607567885,1198,0.0552083773164717,0.0025302527886914,0.0712829749030509,SHAP_spat
0.0625247088936723,-0.0506334095945936,0.0242139210866747,0.0,0.0038996637953325,-0.1252954052504951,0.0641088513122539,1356,0.1373720395749408,0.0038996637953325,0.1894042565627491,SHAP_spat
0.0422538448835205,-0.0515954416077618,0.0217442636083535,0.0,0.0042648154986246,-0.1058182321649391,0.0536086827532351,1901,0.1155935500996359,0.0042648154986246,0.1594269149181743,SHAP_spat
0.0140144833308998,-0.0100444738571949,0.0217167038366069,0.0,0.0048592395077016,-0.111238028092966,0.0529927827489184,1975,0.0457756610247017,0.0048592395077016,0.1642308108418845,SHAP_spat
0.0507545324202633,-0.0279626349842352,0.0247109455944522,0.0,0.0052150566589735,-0.1295417573595786,0.064910725859015,776,0.1034281129989508,0.0052150566589735,0.1944524832185936,SHAP_spat
-0.0437155436221291,-0.0330319182305198,-0.0179089747657469,0.0,-0.0028748436800003,0.07751705382279,-0.0371349803348297,2652,0.0946564366183958,0.0028748436800003,0.1146520341576197,SHAP_spat
0.0675964342066579,-0.0465881085099867,0.0249687426816506,0.0,0.004745339705882,-0.131533549266782,0.0675843261298626,568,0.1391532853982954,0.004745339705882,0.1991178753966447,SHAP_spat
0.2044286721545816,0.3997689480205133,0.0638842039938564,0.0,0.0098844203267372,-0.1278243797989123,0.157948772293803,1786,0.6680818241689513,0.0098844203267372,0.2857731520927153,SHAP_content
0.0188131872805602,-0.063728167466574,0.0057410966116463,0.0,-0.0035610271865684,0.1310562315561672,-0.1241670883904902,4205,0.0882824513587807,0.0035610271865684,0.2552233199466575,SHAP_spat
-0.04549038183789,-0.0308290654957676,-0.0182852405772184,0.0,-0.0029349371670651,0.0788739325366673,-0.0384835648557412,4091,0.0946046879108761,0.0029349371670651,0.1173574973924085,SHAP_spat
0.0017374431848434,-0.0268133129992988,0.0167864493734397,0.0,0.0037059911956761,-0.0790594252639833,0.0388529573520585,25,0.045337205557582,0.0037059911956761,0.1179123826160418,SHAP_spat
0.0008507754767894,-0.0572019030988639,-0.0291466731186361,0.0,-0.0045305721359508,0.0957850513240247,-0.0613013502877826,3126,0.0871993516942895,0.0045305721359508,0.1570864016118073,SHAP_spat
-0.0135919532584018,0.0454933158077856,0.0231303525387478,0.0,0.0050780272687087,-0.1267080781526891,0.06055069207436,1092,0.0822156216049353,0.0050780272687087,0.1872587702270492,SHAP_spat
-0.0097549640933236,-0.0324136292235676,0.0117859372977698,0.0,0.0025843498957122,-0.0519251263399829,0.0281779476519395,1257,0.053954530614661,0.0025843498957122,0.0801030739919225,SHAP_spat
0.0576610668510974,-0.0748318017858205,0.0225383334154801,0.0,0.0024260372816241,-0.0850531945522964,0.0505401005000858,1998,0.1550312020523981,0.0024260372816241,0.1355932950523822,SHAP_content
-0.0040044680664035,-0.0094118815381086,0.0185461771458953,0.0,0.0042652898373015,-0.0921610944804972,0.043695462418747,84,0.0319625267504074,0.0042652898373015,0.1358565568992443,SHAP_spat
0.0448758420648927,-0.0511613323717845,0.0222218527273388,0.0,0.0047505672676039,-0.1094028778499641,0.0553311818436241,1665,0.1182590271640162,0.0047505672676039,0.1647340596935882,SHAP_spat
-0.0181139051100369,-0.049335781552535,-0.0239866207654823,0.0,-0.0038392718788484,0.0861628930677431,-0.0474438778109042,3487,0.0914363074280543,0.0038392718788484,0.1336067708786473,SHAP_spat
-0.044663695696256,-0.0300660183776835,-0.0194290760504459,0.0,-0.0031229182025313,0.0815790308860841,-0.041386276247187,4455,0.0941587901243855,0.0031229182025313,0.1229653071332711,SHAP_spat
-0.0389021033541788,-0.0327145417260824,-0.0214252645874709,0.0,-0.0034418283727893,0.0843749176738542,-0.0447864816651979,2685,0.0930419096677322,0.0034418283727893,0.1291613993390521,SHAP_spat
-0.0387194288194337,-0.0385464743226782,-0.0175232309027986,0.0,-0.002827079611464,0.0753404504326755,-0.0348617673811816,2789,0.0947891340449106,0.002827079611464,0.1102022178138572,SHAP_spat
0.0439538419796875,-0.0696913082470841,-0.0233733217939684,0.0,0.0007643644439976,-0.0244961621272988,0.0263735679927662,3259,0.1370184720207401,0.0007643644439976,0.0508697301200651,SHAP_content
0.0334066934154662,0.0784477947351966,0.0303110887406636,0.0,0.0074817175377951,-0.1509572208444363,0.0829924196173179,755,0.1421655768913265,0.0074817175377951,0.2339496404617543,SHAP_spat
-0.0305563395347762,-0.0412460039670334,-0.0214213107327889,0.0,-0.0034515340541486,0.0824849751179976,-0.0426727213489392,2143,0.0932236542345987,0.0034515340541486,0.1251576964669368,SHAP_spat
0.0215364299193838,-0.0150891009567145,0.0223603710383861,0.0,0.0052720943345386,-0.1146049873232891,0.0550681256839504,2199,0.0589859019144845,0.0052720943345386,0.1696731130072395,SHAP_spat
-0.0431633750839816,-0.0328567075267548,-0.0185569694883281,0.0,-0.0029787353858745,0.0790633961532652,-0.0386346566783357,3903,0.0945770520990645,0.0029787353858745,0.1176980528316009,SHAP_spat
0.0309980541287082,-0.0140074938528058,0.0236019199107224,0.0,0.0050181249151441,-0.1229464332106832,0.0598594050237935,511,0.0686074678922364,0.0050181249151441,0.1828058382344768,SHAP_spat
-0.0111703748831738,-0.0522502558970891,-0.0260786477729731,0.0,-0.0041267751516549,0.089923703443896,-0.0525325406883709,2125,0.0894992785532362,0.0041267751516549,0.1424562441322669,SHAP_spat
0.0201461268159184,-0.0359274139847838,0.0196944643879497,0.0,0.0042460876682598,-0.0941699579695029,0.046327736166425,2436,0.075768005188652,0.0042460876682598,0.1404976941359279,SHAP_spat
-0.0485619046704027,-0.0263558333141412,-0.0192141686002903,0.0,-0.0030854328524418,0.0820224251059237,-0.0419334931004061,3209,0.0941319065848343,0.0030854328524418,0.1239559182063298,SHAP_spat
0.0678843937094542,0.0032559634382662,0.0280089113756841,0.0,0.0066109373819054,-0.1482105844910692,0.0785802470257041,731,0.0991492685234046,0.0066109373819054,0.2267908315167733,SHAP_spat
-0.0257747398340033,-0.0469772225940529,-0.0207679734009629,0.0,-0.0033736941249233,0.0803680338079866,-0.0403734629185915,2220,0.0935199358290192,0.0033736941249233,0.1207414967265782,SHAP_spat
0.0629969200148078,-0.0519476650128709,0.0242138067965799,0.0,0.0046136338522678,-0.1253152259565736,0.0641734140086952,686,0.1391583918242587,0.0046136338522678,0.1894886399652689,SHAP_spat
0.0422605540277787,0.8882895384742622,0.0100046768133414,0.0,0.0020942438064774,-0.0334827283954729,0.0336844578740866,530,0.9405547693153824,0.0020942438064774,0.0671671862695595,SHAP_content
-0.0513379633654196,-0.0207385367486606,-0.0208425764544373,0.0,-0.0033563931474986,0.0860053715746868,-0.0467600924569986,4578,0.0929190765685176,0.0033563931474986,0.1327654640316855,SHAP_spat
0.0653153404717266,-0.0525740154035656,0.0244095279631272,0.0,0.0050423865201599,-0.126976047479683,0.0651890588442712,765,0.1422988838384195,0.0050423865201599,0.1921651063239543,SHAP_spat
0.0235590306333751,-0.05943877636607,0.0069213297400335,0.0,-0.0017795758133428,0.1371986924638664,-0.1354755151915405,1479,0.0899191367394787,0.0017795758133428,0.2726742076554069,SHAP_spat
0.0037592998937088,-0.0573575968746739,-0.0302154626555311,0.0,-0.0046674638634365,0.0978924058187689,-0.0646389754949483,2783,0.0913323594239139,0.0046674638634365,0.1625313813137173,SHAP_spat
0.0190127212494283,-0.0426483057112784,0.018478517643297,0.0,0.0044606350124907,-0.0857690493072053,0.0430869055196494,2002,0.0801395446040038,0.0044606350124907,0.1288559548268547,SHAP_spat
0.0146400124860552,-0.0134918827821611,0.0214539143708724,0.0,0.0047139639191187,-0.1088791733746149,0.0519746412399272,1361,0.0495858096390887,0.0047139639191187,0.1608538146145421,SHAP_spat
0.0550481261242212,-0.06865682863785,0.0216735817502758,0.0,0.0034337085077599,-0.1046327749579502,0.0551675187191125,4560,0.145378536512347,0.0034337085077599,0.1598002936770627,SHAP_spat
-0.0378823358880181,-0.0358986737555626,-0.0201281461146016,0.0,-0.0032423029689088,0.0813603363630559,-0.0412085567543661,3666,0.0939091557581824,0.0032423029689088,0.1225688931174221,SHAP_spat
-0.0419071501619292,-0.0352609762325979,-0.0175604608962097,0.0,-0.002822993628001,0.0761453512769887,-0.0357430242689291,4282,0.0947285872907369,0.002822993628001,0.1118883755459179,SHAP_spat
0.0252090427795468,-0.0362207516108405,0.0207399173766034,0.0,0.0051145899093926,-0.1008417819794215,0.0494796224046166,179,0.0821697117669908,0.0051145899093926,0.1503214043840381,SHAP_spat
-0.0037091123787271,-0.0105267198828773,0.0184352095117712,0.0,0.0042839966078988,-0.091336387641236,0.0433675246527654,374,0.0326710417733757,0.0042839966078988,0.1347039122940015,SHAP_spat
-0.0766491041972965,0.0464264180356973,-0.0276486306851165,0.0,-0.0011041480782156,-0.0153199517696116,0.0171474257155704,1633,0.1507241529181104,0.0011041480782156,0.032467377485182,SHAP_content
-0.0161395682930045,-0.0483668238039004,-0.0255634518367694,0.0,-0.0040524159143335,0.089121985670587,-0.0513303096659008,4102,0.0900698439336744,0.0040524159143335,0.1404522953364879,SHAP_spat
-0.0381137826054011,-0.0340899218188287,-0.0210993357261452,0.0,-0.0033919172949112,0.083500844616326,-0.043727796570668,2757,0.093303040150375,0.0033919172949112,0.1272286411869941,SHAP_spat
-0.0533149824753178,-0.0195020066384418,-0.0203753600204065,0.0,-0.0032795279739185,0.0854430836340167,-0.0460589403663338,2985,0.0931923491341662,0.0032795279739185,0.1315020240003506,SHAP_spat
-0.0407113481490535,-0.0367347897517745,-0.0173074431456495,0.0,-0.0027873066335778,0.0751919347932443,-0.0348003044215823,2859,0.0947535810464777,0.0027873066335778,0.1099922392148266,SHAP_spat
0.0480678270175914,-0.0551794157587102,0.022216094093024,0.0,0.0042704679029741,-0.1091641584462487,0.0556908626690891,1184,0.1254633368693257,0.0042704679029741,0.1648550211153379,SHAP_spat
0.0550743190537664,-0.0290054841721752,0.025012185045732,0.0,0.0050399217254187,-0.1318399205557808,0.0664983937873999,1714,0.1090919882716737,0.0050399217254187,0.1983383143431807,SHAP_spat
-0.0059534783473839,-0.0275535064631944,0.0143941692798897,0.0,0.0032792055092767,-0.066134045943415,0.033540598837905,3122,0.0479011540904682,0.0032792055092767,0.0996746447813201,SHAP_spat
-0.0283242263635743,-0.0428150703477697,-0.0218354918598289,0.0,-0.0035169872548563,0.0829550307998698,-0.043280806081022,3184,0.092974788571173,0.0035169872548563,0.1262358368808918,SHAP_spat
-0.0393110441818927,-0.0384691691152543,-0.016973528484765,0.0,-0.0027413407505267,0.0740185933702995,-0.0336727636579553,2055,0.0947537417819121,0.0027413407505267,0.1076913570282548,SHAP_spat
-0.0398462248864053,-0.037464497515602,-0.0174796291053386,0.0,-0.0028152058049825,0.0754403078130458,-0.0349786647810476,4069,0.094790351507346,0.0028152058049825,0.1104189725940934,SHAP_spat
-0.0474984480439035,-0.0279634612675558,-0.0188617369428523,0.0,-0.0030271118873033,0.0809136740694845,-0.0407016659749062,2718,0.0943236462543117,0.0030271118873033,0.1216153400443908,SHAP_spat
-0.0416823598898804,-0.035452296083546,-0.0175662884117574,0.0,-0.0028366499725113,0.0755941950751931,-0.0352058581170012,2080,0.094700944385184,0.0028366499725113,0.1108000531921944,SHAP_spat
0.0304167532566767,-0.04651017062742,0.0202049065958246,0.0,0.00329857142054,-0.0955527107938078,0.0481620524655041,1793,0.0971318304799215,0.00329857142054,0.1437147632593119,SHAP_spat
0.0206757780802802,-0.0242337961575143,0.0212408276175384,0.0,0.0043716568258817,-0.1058497638988749,0.0510831304778892,238,0.066150401855333,0.0043716568258817,0.1569328943767642,SHAP_spat
0.0151950790713041,0.0250921086721113,0.0245406648025981,0.0,0.0045207513251813,-0.13251182661857,0.0647516978178838,127,0.0648278525460136,0.0045207513251813,0.1972635244364539,SHAP_spat
0.0230887947338943,-0.0487752850840038,0.0184031534109998,0.0,0.0040868209600058,-0.0842689667025587,0.0431237826414734,354,0.090267233228898,0.0040868209600058,0.1273927493440322,SHAP_spat
0.0198843018450356,-0.0157975929381401,0.021984064090516,0.0,0.0044815978719009,-0.1119986188224517,0.0537434844437489,164,0.0576659588736917,0.0044815978719009,0.1657421032662006,SHAP_spat
0.0278639328472319,-0.0633469049151863,0.0066618213461214,0.0,-0.0066542311940817,0.1351637662772507,-0.1330101001413235,4458,0.0978726591085397,0.0066542311940817,0.2681738664185742,SHAP_spat
0.0527697302107795,-0.0601237019978524,0.0224063570468986,0.0,0.0048007225254008,-0.1105084120075583,0.0568868834623582,1510,0.1352997892555306,0.0048007225254008,0.1673952954699166,SHAP_spat
-0.0384994222903722,-0.0394132951583194,-0.0168429956500765,0.0,-0.0027253515505228,0.0735090690298414,-0.0331766058515887,4147,0.0947557130987682,0.0027253515505228,0.1066856748814301,SHAP_spat
-0.0436842457141293,-0.0330676861804363,-0.0179744870949511,0.0,-0.0028877056301739,0.0776250222647767,-0.0371601550442103,2319,0.0947264189895169,0.0028877056301739,0.114785177308987,SHAP_spat
0.1360033123358723,0.6478091727495134,0.0442626428131925,0.0,0.008805223568275,-0.0986430138895435,0.1559537227492983,3199,0.8280751278985784,0.008805223568275,0.2545967366388418,SHAP_content
0.0258326712557889,-0.038628052738134,0.0204626196320034,0.0,0.0043015872993932,-0.0985779359786866,0.0486754090848327,1890,0.0849233436259265,0.0043015872993932,0.1472533450635193,SHAP_spat
0.0281337191284472,-0.0400610242360371,0.02075116411379,0.0,0.004638844179427,-0.1002406199674842,0.049600145563351,1319,0.0889459074782743,0.004638844179427,0.1498407655308353,SHAP_spat
-0.0392416510361139,-0.0385555076202528,-0.0169558483240287,0.0,-0.0027389634209214,0.0739582981875122,-0.0336155827443099,4266,0.0947530069803955,0.0027389634209214,0.1075738809318221,SHAP_spat
-0.0420810155865762,-0.0349390346790286,-0.0177121047145393,0.0,-0.0028462139680622,0.0765735823037127,-0.0361428516235363,3546,0.0947321549801441,0.0028462139680622,0.112716433927249,SHAP_spat
-0.0357490401346111,-0.0396267889884306,-0.0190203426984033,0.0,-0.003077629929303,0.0783555443017187,-0.0379396596178415,2540,0.0943961718214451,0.003077629929303,0.1162952039195602,SHAP_spat
0.0359462558938269,-0.021857540564625,0.0235902856869319,0.0,0.0049319834308071,-0.1220071223753872,0.0597727616107389,472,0.0813940821453839,0.0049319834308071,0.1817798839861262,SHAP_spat
-0.0393821762804778,-0.0382058889546714,-0.017195482894813,0.0,-0.0027742463754412,0.074595575633614,-0.0341848165534505,3021,0.0947835481299623,0.0027742463754412,0.1087803921870646,SHAP_spat
0.0328386743589817,-0.0344554327159687,0.0221637767930321,0.0,0.0050970972398867,-0.1105952217486996,0.0542921474249824,1997,0.0894578838679826,0.0050970972398867,0.1648873691736821,SHAP_spat
0.0167538313695095,-0.0231563193505158,0.0207374351357489,0.0,0.0047411697123873,-0.1028755410432744,0.0494846183104716,18,0.0606475858557744,0.0047411697123873,0.1523601593537461,SHAP_spat
0.0243863777582783,-0.070817873709491,0.0060769783363142,0.0,-0.0066547076832278,0.1276706893533797,-0.1174683546848703,3952,0.1012812298040835,0.0066547076832278,0.2451390440382501,SHAP_spat
0.0272369365771885,-0.034348833305185,0.0212672301140084,0.0,0.0047546263322944,-0.1044987858162483,0.0511668390482753,2956,0.082852999996382,0.0047546263322944,0.1556656248645237,SHAP_spat
0.009027825017642,-0.0364075483020458,0.017029182031102,0.0,0.0043403951676204,-0.0786471186838755,0.0393412037734888,2042,0.06246455535079,0.0043403951676204,0.1179883224573643,SHAP_spat
-0.0312898612623195,-0.0438629295694134,-0.0191139272291938,0.0,-0.0031119290448748,0.0776190228960642,-0.0372691086108287,2137,0.0942667180609268,0.0031119290448748,0.114888131506893,SHAP_spat
0.0170879194955288,-0.0651957517676178,0.0050057994940869,0.0,-0.0064662644804836,0.127695314553654,-0.1184093914317031,1025,0.0872894707572336,0.0064662644804836,0.2461047059853571,SHAP_spat
0.0451850010957852,-0.0665201437004588,0.0212112185143862,0.0,0.0016635175872023,-0.0764648208132681,0.0455091394128858,97,0.1329163633106303,0.0016635175872023,0.121973960226154,SHAP_content
-0.0292117164423307,-0.042264887101818,-0.0216261570722761,0.0,-0.0034846269099588,0.0826698967568231,-0.0429223487436559,4216,0.0931027606164249,0.0034846269099588,0.125592245500479,SHAP_spat
-0.0221671538112559,-0.017281742562046,0.0119719167542766,0.0,0.0029717700596739,-0.0552386016656735,0.0290419845255618,3114,0.0514208131275786,0.0029717700596739,0.0842805861912353,SHAP_spat
-0.0578704757603627,-0.0152534768692099,-0.0200241531519723,0.0,-0.0032255254343679,0.0853453717040674,-0.0461209978418069,2835,0.093148105781545,0.0032255254343679,0.1314663695458744,SHAP_spat
-0.0340558118591308,-0.0361511216423704,-0.0223254191754015,0.0,-0.003578830441409,0.0850952291401358,-0.0457702788861692,3161,0.0925323526769028,0.003578830441409,0.130865508026305,SHAP_spat
0.0096496957795227,-0.0599797063473325,-0.0319687627124175,0.0,-0.0036993034631466,0.1000936033791231,-0.0684358788286554,449,0.1015981648392728,0.0036993034631466,0.1685294822077785,SHAP_spat
0.0665265985489382,-0.0283721005860137,0.0260272859107051,0.0,0.00613687372043,-0.1390291836396294,0.0715856860240512,550,0.1209259850456572,0.00613687372043,0.2106148696636806,SHAP_spat
0.0121917183783406,-0.0602252538523711,-0.0320799086960692,0.0,-0.0049127771693616,0.1016566412792976,-0.0711101904236704,3744,0.104496880926781,0.0049127771693616,0.1727668317029681,SHAP_spat
0.0178428591924188,-0.027819353511024,0.0203417742044456,0.0,0.0045136056575804,-0.099596371499182,0.0482240511052497,178,0.0660039869078885,0.0045136056575804,0.1478204226044317,SHAP_spat
0.0432799266349195,-0.066879897600645,-0.021028975174323,0.0,-0.0012044518217391,-0.0317981114978772,0.0289118855136265,3654,0.1311887994098876,0.0012044518217391,0.0607099970115037,SHAP_content
0.0646841086651516,-0.0390764252217386,0.0251896224436872,0.0,0.0047816567023315,-0.133185172368302,0.0681170383852696,1340,0.1289501563305775,0.0047816567023315,0.2013022107535716,SHAP_spat
-0.0071639036916478,-0.0386752575815507,0.0036528647381078,0.0,-0.0064035876585379,0.1299335027436769,-0.122276383669211,4563,0.0494920260113064,0.0064035876585379,0.2522098864128879,SHAP_spat
-0.0094077806557774,-0.0463213430357911,-0.0295638585371458,0.0,-0.0045742977521579,0.096710720502232,-0.0623224705453065,3548,0.0852929822287143,0.0045742977521579,0.1590331910475386,SHAP_spat
-0.0378598805788285,-0.0396167382533558,-0.0173135636887888,0.0,-0.0027990488038301,0.0746301399661964,-0.0341792647707493,3520,0.0947901825209732,0.0027990488038301,0.1088094047369457,SHAP_spat
0.0353828301633231,0.0001312410683759,0.0249999259139861,0.0,0.0054134222547509,-0.1331195490407074,0.06588249649664,1591,0.0605139971456853,0.0054134222547509,0.1990020455373475,SHAP_spat
0.0079177871817865,-0.0210562909587208,0.0192889538784111,0.0,0.0044423201822241,-0.0944416099843701,0.0453076345846678,1516,0.0482630320189185,0.0044423201822241,0.1397492445690379,SHAP_spat
0.0430891451696322,0.887110987467693,0.0103768061435271,0.0,0.0021803700746861,-0.0346189311111082,0.0347123648560432,741,0.9405769387808524,0.0021803700746861,0.0693312959671514,SHAP_content
0.055587610656179,-0.0479435328286424,0.0238188718130739,0.0,0.0051102846490137,-0.1220139281489882,0.0618379651270485,1769,0.1273500152978954,0.0051102846490137,0.1838518932760368,SHAP_spat
-0.0302462248647737,-0.0420222974823835,-0.0211264352514612,0.0,-0.0034095239888298,0.0818055916202038,-0.0418882939850529,4358,0.0933949575986185,0.0034095239888298,0.1236938856052567,SHAP_spat
0.0649703026322039,-0.0393869119081706,0.025134990838531,0.0,0.003859607682221,-0.1328236286092244,0.0679564435508152,483,0.1294922053789056,0.003859607682221,0.2007800721600396,SHAP_spat
-0.0111093546575009,-0.0493395711259323,-0.027522105005629,0.0,-0.0043126912467882,0.092706228184387,-0.0563913883203585,4671,0.0879710307890623,0.0043126912467882,0.1490976165047455,SHAP_spat
-0.040488426308817,-0.0296326926456827,-0.0222119011632912,0.0,-0.0035631121529336,0.0863403206250317,-0.0472656464763956,2810,0.092333020117791,0.0035631121529336,0.1336059671014274,SHAP_spat
0.2063651545554124,0.5749040809748107,0.0459741607798566,0.0,0.0040214348449756,-0.1078633557629243,0.1640947828886551,2021,0.8272433963100797,0.0040214348449756,0.2719581386515793,SHAP_content
-0.0666587615527473,-0.0068089886974015,-0.0215665826471019,0.0,-0.0008418097507093,0.0882831863105793,-0.04955615488982,4647,0.0950343328972509,0.0008418097507093,0.1378393412003994,SHAP_spat
0.0028191825997391,0.012355371728594,0.0223126567485109,0.0,0.0053639513635907,-0.118293166964029,0.0559903976162587,1910,0.0374872110768441,0.0053639513635907,0.1742835645802878,SHAP_spat
0.0342925219509352,0.0003370238736293,0.024849186152399,0.0,0.004609798647242,-0.132250278290142,0.0652992831407459,2485,0.0594787319769635,0.004609798647242,0.1975495614308879,SHAP_spat
0.0571771584393058,-0.0596819043060139,0.0229184749691232,0.0,0.0037729617648015,-0.1145509276763668,0.0590257012428822,780,0.1397775377144431,0.0037729617648015,0.173576628919249,SHAP_spat
-0.0193566147245355,-0.0087849748797558,0.0150303834288228,0.0,0.0038812289183462,-0.0726379282615556,0.0355099423958654,77,0.0431719730331141,0.0038812289183462,0.108147870657421,SHAP_spat
0.0599929182985535,-0.04662013235308,0.0244035648318075,0.0,0.0060429788036809,-0.1267950253595323,0.0644958919403495,1889,0.1310166154834411,0.0060429788036809,0.1912909172998819,SHAP_spat
-0.0474667402027124,-0.0279191924847195,-0.0189203501780919,0.0,-0.0030364944027652,0.0810502168317507,-0.0408435513666755,4340,0.094306282865524,0.0030364944027652,0.1218937681984262,SHAP_spat
0.0375338301478833,-0.0497067547277305,0.0212519746799248,0.0,0.0047406711737334,-0.1025239833491745,0.0517164173321439,673,0.1084925595555387,0.0047406711737334,0.1542404006813185,SHAP_spat
-0.0054977297579688,-0.053065046113765,-0.0283148477681346,0.0,-0.0044189217156409,0.0941532059979002,-0.0586383534808391,2203,0.0868776236398685,0.0044189217156409,0.1527915594787393,SHAP_spat
0.0088039437463896,-0.0241517405002877,0.0189572293646502,0.0,0.0039948645699779,-0.0918536482188205,0.0443404182177429,458,0.0519129136113275,0.0039948645699779,0.1361940664365634,SHAP_spat
-0.0357955601037782,-0.0371735017626408,-0.020662979011467,0.0,-0.0033277461349209,0.0820016927843838,-0.0419902345765357,2865,0.0936320408778861,0.0033277461349209,0.1239919273609195,SHAP_spat
0.0228184551036493,-0.0380646929729839,0.0200364194578201,0.0,0.0049569791508888,-0.0960714526084417,0.0473571910770492,752,0.0809195675344534,0.0049569791508888,0.1434286436854909,SHAP_spat
-0.0135762674064171,0.000305843507527,0.0181949772094825,0.0,0.0045946979789319,-0.0916788087875062,0.0431796100423695,121,0.0320770881234267,0.0045946979789319,0.1348584188298758,SHAP_spat
-0.0426138291959964,-0.0343872019577565,-0.0177412345495,0.0,-0.0028575006969597,0.076734496570031,-0.036283987569213,3637,0.094742265703253,0.0028575006969597,0.113018484139244,SHAP_spat
0.0552821531210474,-0.0423223104170944,0.0242055204566225,0.0,0.0053358682695509,-0.1252796242526373,0.0632560016742142,699,0.1218099839947644,0.0053358682695509,0.1885356259268516,SHAP_spat
-0.0427423469952097,-0.0324767173328445,-0.0191318545156584,0.0,-0.0030757753728205,0.0803814950921773,-0.0400492993156846,2924,0.0943509188437127,0.0030757753728205,0.1204307944078619,SHAP_spat
-0.0357361382458861,-0.0332024681393162,0.0015785569480177,0.0,-0.0055628518935548,0.114732356663622,-0.0927618231717397,4167,0.07051716333322,0.0055628518935548,0.2074941798353617,SHAP_spat
0.0589532557992029,-0.0752848929019771,0.0218568524993248,0.0,0.0024944616627897,-0.0970938748958568,0.0538091843723361,1492,0.1560950012005049,0.0024944616627897,0.150903059268193,SHAP_content
-0.0182806822640901,-0.0448964258161994,-0.0262257693254813,0.0,-0.0041372492703569,0.0905760805040508,-0.0532595512937401,4633,0.089402877405771,0.0041372492703569,0.1438356317977909,SHAP_spat
0.0608258117805054,-0.0591261770089845,0.0234786574762835,0.0,0.0049566137455442,-0.1191544853119652,0.0613304221340181,1948,0.1434306462657735,0.0049566137455442,0.1804849074459834,SHAP_spat
-0.0384214014626069,-0.0305342705959317,-0.0228900672472011,0.0,-0.0036638832698506,0.0872099392790594,-0.0484359431094245,2086,0.0918457393057399,0.0036638832698506,0.135645882388484,SHAP_spat
-0.0602075803617678,-0.0138873131083864,-0.0197821648484735,0.0,-0.0031846353302593,0.0837450861482025,-0.0438326498988419,3365,0.0938770583186279,0.0031846353302593,0.1275777360470445,SHAP_spat
0.0315299768482088,-0.0496490186170429,0.0200445960745105,0.0,0.0036814291058518,-0.0943263333196722,0.0478742109928756,31,0.1012235915397623,0.0036814291058518,0.1422005443125479,SHAP_spat
-0.0308315371474114,-0.043823365217024,-0.0194858700002692,0.0,-0.0031682881972314,0.078386322238143,-0.0380833248878935,2154,0.0941407723647047,0.0031682881972314,0.1164696471260366,SHAP_spat
-0.0644602909420334,-0.0065965380428517,-0.0211124923401038,0.0,-0.003387902508111,0.0875442854173157,-0.0491353636950934,2758,0.0921693213249889,0.003387902508111,0.1366796491124092,SHAP_spat
-0.0368453785165236,-0.0095316840035543,0.0095909507717374,0.0,0.0024119138155168,-0.043591127591248,0.0250341421519938,69,0.0559680132918154,0.0024119138155168,0.0686252697432419,SHAP_spat
0.0067888037408935,-0.0107730037532871,0.0204198016191814,0.0,0.0043329696519749,-0.1029941986035965,0.048853158582349,1449,0.037981609113362,0.0043329696519749,0.1518473571859455,SHAP_spat
-0.0229936940806193,-0.046169184006011,-0.0230211215930709,0.0,-0.0036969473471032,0.0846546451106865,-0.045455452311587,3175,0.0921839996797013,0.0036969473471032,0.1301100974222736,SHAP_spat
0.0010978252841594,-0.0555347034791664,0.0033927118955315,0.0,-0.0062150263836732,0.1244770985907132,-0.1122729319846837,3627,0.0600252406588574,0.0062150263836732,0.236750030575397,SHAP_spat
-0.0451288861044838,-0.0312885571357807,-0.0181550795960292,0.0,-0.0029132721217854,0.0785266826291194,-0.0381900283238413,3877,0.0945725228362938,0.0029132721217854,0.1167167109529607,SHAP_spat
-0.0375407216170116,-0.0376340002749608,-0.0191811073066006,0.0,-0.0030960457499198,0.0791509073164505,-0.0387584073469046,3959,0.0943558291985731,0.0030960457499198,0.1179093146633552,SHAP_spat
-0.0346978779309808,-0.0359455531356458,-0.0220667573243569,0.0,-0.0035400504147521,0.0847040049921745,-0.0452692069210318,4465,0.0927101883909837,0.0035400504147521,0.1299732119132063,SHAP_spat
-0.0374897660037746,0.0048894894924318,0.0044555799655016,0.0,-0.0067727357828383,0.1357189236239145,-0.1344025608205043,3221,0.0468348354617081,0.0067727357828383,0.2701214844444188,SHAP_spat
-0.046678823719071,-0.0288706623346487,-0.0188272979039319,0.0,-0.0030207939006193,0.0806246755560322,-0.0403628720743479,3146,0.0943767839576517,0.0030207939006193,0.1209875476303802,SHAP_spat
0.0283475088157661,-0.026278094729687,0.0222452862017613,0.0,0.0046656049574428,-0.1121524249231654,0.0545165038187633,1531,0.0768708897472145,0.0046656049574428,0.1666689287419288,SHAP_spat
-0.0243306618852044,-0.0401526128022408,-0.0255125350283187,0.0,-0.0040369343374696,0.0898358793363002,-0.0521501370831832,2432,0.0899958097157639,0.0040369343374696,0.1419860164194835,SHAP_spat
-0.0473661222007196,-0.0250320206154549,-0.020766808116088,0.0,-0.0033426724705232,0.085072758728723,-0.0455698134231773,3574,0.0931649509322626,0.0033426724705232,0.1306425721519003,SHAP_spat
-0.0212976751177777,-0.0444400117534997,-0.0249171993363302,0.0,-0.0039589129240079,0.0882650158762139,-0.0500873981993203,3182,0.0906548862076078,0.0039589129240079,0.1383524140755343,SHAP_spat
0.0331960108802277,-0.0560017160689825,0.0193515731145892,0.0,0.0022773914132642,-0.0876209901449859,0.0459228116666535,1912,0.1085493000637994,0.0022773914132642,0.1335438018116395,SHAP_spat
0.0363555902657576,-0.023593865073268,0.023525493155799,0.0,0.0051144132825576,-0.1213678892355605,0.0594959398159071,504,0.0834749484948247,0.0051144132825576,0.1808638290514677,SHAP_spat
0.0138459150847006,-0.0263157308823203,0.0197633706669341,0.0,0.0044113968583194,-0.0960155749888294,0.0464636762837316,339,0.059925016633955,0.0044113968583194,0.1424792512725611,SHAP_spat
-0.044078893796672,-0.032279976020656,-0.0182652546011134,0.0,-0.0029302251349503,0.078524520761112,-0.0381130672015571,3580,0.0946241244184415,0.0029302251349503,0.1166375879626692,SHAP_spat
-0.0314421801256925,-0.037398011379928,-0.0231306220812454,0.0,-0.0036983313115507,0.0861908276512988,-0.0472096046547334,4408,0.091970813586866,0.0036983313115507,0.1334004323060323,SHAP_spat
0.0374218879253142,-0.0503213601628021,0.0211523068878368,0.0,0.0045900593407743,-0.1015742158924993,0.0513697374089632,798,0.1088955549759531,0.0045900593407743,0.1529439533014625,SHAP_spat
-0.0380166686038712,-0.039615019884541,-0.0171614376506002,0.0,-0.00277434910165,0.074249200362995,-0.0338241619007576,4413,0.0947931261390125,0.00277434910165,0.1080733622637527,SHAP_spat
-0.034265922845351,-0.0385868146751951,-0.0207465410553844,0.0,-0.003343271492757,0.0818246825526632,-0.0418168697053782,4517,0.0935992785759306,0.003343271492757,0.1236415522580414,SHAP_spat
0.012380816146911,-0.0369355474095675,0.017768450461573,0.0,0.0041794769570657,-0.0826391527962278,0.041158435653065,61,0.0670848140180515,0.0041794769570657,0.1237975884492928,SHAP_spat
0.0166717524125808,-0.0371883415353154,0.0187363513995976,0.0,0.0040951099603009,-0.0881856336535357,0.0436810213244244,1775,0.072596445347494,0.0040951099603009,0.1318666549779602,SHAP_spat
0.0084910452940462,-0.0605676033646423,0.0039696065487763,0.0,-0.0062872310164433,0.125872063282575,-0.1151900644660605,2845,0.073028255207465,0.0062872310164433,0.2410621277486356,SHAP_spat
0.0668751781987734,-0.0864850692709494,0.0227664216802878,0.0,-0.001151839937102,-0.0780095877509135,0.0499728628835591,4632,0.1761266691500107,0.001151839937102,0.1279824506344727,SHAP_content
-0.0467209365648891,-0.0269905833965832,-0.0200191804523409,0.0,-0.003220426252449,0.0834018898560862,-0.0435124234026298,2460,0.0937307004138133,0.003220426252449,0.1269143132587161,SHAP_spat
0.0554192881887047,-0.0510501777352362,0.0235392948932016,0.0,0.0048327812257059,-0.1197222407034315,0.0608399785642594,1567,0.1300087608171426,0.0048327812257059,0.1805622192676909,SHAP_spat
-0.0453456038160551,-0.0310281236261136,-0.0181844559354842,0.0,-0.0029179764484949,0.0786594197396092,-0.038332516769115,2848,0.094558183377653,0.0029179764484949,0.1169919365087243,SHAP_spat
0.0689219689151893,-0.0573950975104681,0.02440939770833,0.0,0.0051889184666055,-0.1270714780902906,0.0656670829826114,1689,0.1507264641339875,0.0051889184666055,0.1927385610729021,SHAP_spat
-0.0440215765737967,-0.0323933989920142,-0.0182175294447859,0.0,-0.0029228191702212,0.0783850493366995,-0.0379736983686536,4153,0.094632505010597,0.0029228191702212,0.1163587477053531,SHAP_spat
-0.0332268804053299,-0.0372318895991069,-0.022197479783584,0.0,-0.0035605731809965,0.084651949094043,-0.0452323470480096,2986,0.0926562497880209,0.0035605731809965,0.1298842961420526,SHAP_spat
-0.0380000492044547,-0.0400917638122472,-0.0166380135985434,0.0,-0.0026970734090958,0.0728959883429872,-0.0326182569885333,2419,0.0947298266152454,0.0026970734090958,0.1055142453315205,SHAP_spat
0.0638705143369187,-0.0546679979710315,0.0240389729706315,0.0,0.0036850144143244,-0.1238357930890476,0.0636449458972867,1568,0.1425774852785818,0.0036850144143244,0.1874807389863344,SHAP_spat
-0.0393939247270214,-0.0383650389264602,-0.0169979184255254,0.0,-0.0027450916236867,0.0740934084068069,-0.0337406920623899,3965,0.0947568820790072,0.0027450916236867,0.1078341004691968,SHAP_spat
-0.0350034121168932,-0.0415844294759382,-0.0180419734913236,0.0,-0.0029319671957232,0.0759211400463708,-0.0354579055002809,2339,0.0946298150841551,0.0029319671957232,0.1113790455466517,SHAP_spat
-0.01979208455349,-0.0460588544954356,-0.0248643633424515,0.0,-0.0039540037699388,0.0880116798774283,-0.0497839328631214,2094,0.0907153023913771,0.0039540037699388,0.1377956127405497,SHAP_spat
0.0038525965652237,-0.0301807096133234,0.0166782989516155,0.0,0.0035605223404263,-0.0777833046073583,0.0385420105908595,2041,0.0507116051301628,0.0035605223404263,0.1163253151982178,SHAP_spat
-0.0221067860579112,-0.045529891706304,-0.0238926242700408,0.0,-0.0038184408302659,0.0863061033434381,-0.047535106328753,2200,0.0915293020342561,0.0038184408302659,0.1338412096721912,SHAP_spat
-0.0355646006385234,-0.040746175990281,-0.0182862824833876,0.0,-0.0029661809778138,0.0766116792742082,-0.0361403991233215,2272,0.0945970591121921,0.0029661809778138,0.1127520783975297,SHAP_spat
0.0424634443248639,0.8880228040162236,0.0100337695604502,0.0,0.0021390849077111,-0.0335819606001748,0.0337736003913993,381,0.9405200179015376,0.0021390849077111,0.0673555609915742,SHAP_content
-0.0409007194907542,-0.0346988787521009,-0.0188784608250688,0.0,-0.003038101279006,0.0792963743547249,-0.0388769529944725,3864,0.094478059067924,0.003038101279006,0.1181733273491974,SHAP_spat
-0.045318630831121,-0.0309779669899553,-0.0182614986350292,0.0,-0.0029302919693947,0.0788446119265607,-0.0385039259088237,2412,0.0945580964561056,0.0029302919693947,0.1173485378353844,SHAP_spat
-0.0378862417525637,-0.0377610055908075,-0.0188373249914537,0.0,-0.0030411262428486,0.0784393478365636,-0.0379937576621538,3912,0.094484572334825,0.0030411262428486,0.1164331054987175,SHAP_spat
0.0527798354701602,-0.0621717040436485,0.022170240053473,0.0,0.0045056985131242,-0.1085987324233238,0.0561963937388264,1390,0.1371217795672818,0.0045056985131242,0.1647951261621503,SHAP_spat
-0.0163050363785374,-0.0482994054268643,-0.0255134881695036,0.0,-0.0040456115474195,0.0890325839066095,-0.0512076101038824,4238,0.0901179299749054,0.0040456115474195,0.1402401940104919,SHAP_spat
-0.0388158641152142,-0.0390822824443864,-0.0168494344531596,0.0,-0.0027247859788059,0.0735967941556981,-0.0332736581396008,3914,0.0947475810127603,0.0027247859788059,0.1068704522952989,SHAP_spat
0.0243523865264235,-0.0212964643219617,0.0221421131892302,0.0,0.0047507553898992,-0.1122017464999526,0.0541828355378133,1952,0.0677909640376155,0.0047507553898992,0.1663845820377659,SHAP_spat
-0.0083788329612862,-0.0493548367535857,0.0028305562158235,0.0,-0.0061301796363671,0.1221430558576328,-0.1074391808081177,4162,0.0605642259306955,0.0061301796363671,0.2295822366657506,SHAP_spat
-0.0479244815869234,-0.0273962262367399,-0.018950534773114,0.0,-0.0030418674210023,0.0812352573788437,-0.0410594723720024,2915,0.0942712425967774,0.0030418674210023,0.1222947297508461,SHAP_spat
-0.0439304103906412,-0.0324273146228693,-0.0182714664930512,0.0,-0.0029311982396854,0.0785024534938535,-0.0380841157224063,2342,0.0946291915065618,0.0029311982396854,0.1165865692162598,SHAP_spat
0.0610911757807475,-0.0303512902507877,0.0254580213978328,0.0,0.0054978499702795,-0.1350929166082729,0.0688175986551091,245,0.1169004874293681,0.0054978499702795,0.2039105152633821,SHAP_spat
0.057674428196472,-0.0420548982228016,0.0244193857361794,0.0,0.0049527122529205,-0.1270441741452634,0.0643390367938401,1439,0.1241487121554532,0.0049527122529205,0.1913832109391035,SHAP_spat
0.0358365856603865,-0.0370769580447569,0.022293029123031,0.0,0.0045484005685302,-0.1111351123521304,0.0548577673525142,1022,0.0952065728281745,0.0045484005685302,0.1659928797046446,SHAP_spat
-0.0426650059276318,-0.0343250112613645,-0.0177176191700852,0.0,-0.0028465775797047,0.0767360857114843,-0.036331129132199,3233,0.0947076363590816,0.0028465775797047,0.1130672148436834,SHAP_spat
-0.0064037605521353,-0.0274087078467452,0.0142526208924053,0.0,0.0030620105276884,-0.065274716177836,0.0332146123974731,411,0.0480650892912859,0.0030620105276884,0.0984893285753092,SHAP_spat
-0.0506758364082982,-0.0243395449310035,-0.0190350798330355,0.0,-0.0030599530205237,0.0820820341961078,-0.0421190114588869,2261,0.0940504611723374,0.0030599530205237,0.1242010456549948,SHAP_spat
0.0380916027230107,-0.0541833332590842,0.0209241395729704,0.0,0.0043272180119947,-0.0958595958074061,0.0497625234677427,1062,0.1131990755550654,0.0043272180119947,0.1456221192751489,SHAP_spat
0.0360971868925972,-0.071570168897067,-0.0269101822931159,0.0,-0.0042059992582253,0.0079475850373891,0.0114426432179251,4609,0.1345775380827802,0.0042059992582253,0.0193902282553142,SHAP_content
-0.0444677166552318,-0.0320832466827145,-0.0181211505279193,0.0,-0.0029132622043083,0.0772353484954517,-0.0367992298247968,3561,0.0946721138658657,0.0029132622043083,0.1140345783202485,SHAP_spat
0.0216386259584674,-0.032911550299477,0.0203859165972905,0.0,0.0042615195222141,-0.0989734100293813,0.0483550761638987,665,0.074936092855235,0.0042615195222141,0.14732848619328,SHAP_spat
-0.0519293189255267,-0.0227874746040908,-0.0191948100166144,0.0,-0.0030874909001125,0.0826546822221563,-0.0428036317411497,4631,0.0939116035462321,0.0030874909001125,0.125458313963306,SHAP_spat
0.0659240432835911,-0.0370258778780761,0.0254475305637535,0.0,0.0054930790914395,-0.1351633496010235,0.0692794995554992,4379,0.1283974517254208,0.0054930790914395,0.2044428491565227,SHAP_spat
-0.0342387676339891,-0.039493851819376,-0.0201718780589379,0.0,-0.0032571151337916,0.0805758752901481,-0.0403924023659066,4188,0.0939044975123031,0.0032571151337916,0.1209682776560548,SHAP_spat
-0.0344119730051576,-0.0327991313581045,-0.0239061597305672,0.0,-0.003810925524918,0.0883683635134103,-0.0500351795389511,4641,0.0911172640938294,0.003810925524918,0.1384035430523615,SHAP_spat
0.0168564652034158,-0.0406038786106212,0.0182098626812656,0.0,0.0039176721659506,-0.0844768532126397,0.0423450855385212,114,0.0756702064953027,0.0039176721659506,0.126821938751161,SHAP_spat
0.0441139663033986,-0.0619902101559128,0.020818539953992,0.0,0.0040262027984684,-0.0979428742674466,0.0511671079918249,3989,0.1269227164133035,0.0040262027984684,0.1491099822592715,SHAP_spat
-0.0349630582567765,-0.0420406336111307,-0.0176778480131682,0.0,-0.0028765773916177,0.0750449135768251,-0.0345981779051786,2302,0.0946815398810755,0.0028765773916177,0.1096430914820038,SHAP_spat
-0.0425780940737869,-0.034357016392607,-0.0177629654905197,0.0,-0.0028640221677354,0.0763990438464856,-0.0359862031213315,2477,0.0946980759569136,0.0028640221677354,0.1123852469678172,SHAP_spat
-0.0373823181237544,-0.0358984942036867,-0.0204520497025919,0.0,-0.00329305100057,0.0819374437886856,-0.041884164218713,3250,0.0937328620300332,0.00329305100057,0.1238216080073987,SHAP_spat
0.0265218538863649,-0.0418784169402643,0.0201972375540891,0.0,0.0044560484152363,-0.0964244368670001,0.0479471379322,118,0.0885975083807185,0.0044560484152363,0.1443715747992001,SHAP_spat
0.0345774960713691,-0.0038555927264756,0.0246796214044342,0.0,0.0054245731826494,-0.130879792303644,0.0644734443092333,1981,0.063112710202279,0.0054245731826494,0.1953532366128774,SHAP_spat
-0.022451251527163,-0.0465116126064242,-0.0231370211145372,0.0,-0.0037142203055821,0.0848297114882311,-0.045683095047788,2180,0.0920998852481245,0.0037142203055821,0.1305128065360191,SHAP_spat
-0.0646420554095392,0.0287363340519037,0.0126118053966912,0.0,0.0027442588741259,-0.0614838318863653,0.0321777288650504,162,0.1059901948581342,0.0027442588741259,0.0936615607514157,SHAP_content
0.0111920093735088,-0.0383526831513536,0.0171124092609092,0.0,0.003576526264205,-0.0785611229304629,0.0395474367927458,263,0.0666571017857716,0.003576526264205,0.1181085597232087,SHAP_spat
0.0408864001082115,-0.034950550325525,0.023170354431483,0.0,0.0048714326838776,-0.1176231129693411,0.058216296924023,775,0.0990073048652195,0.0048714326838776,0.1758394098933641,SHAP_spat
-0.0290942170540582,-0.0346435344022872,-0.0257510611870596,0.0,-0.0040702550049071,0.0910567826452222,-0.0538044137095825,4264,0.0894888126434051,0.0040702550049071,0.1448611963548047,SHAP_spat
0.0336680886570862,-0.0187627807735496,0.0235481110136676,0.0,0.0048432134971125,-0.1220530582626354,0.0596076905756778,651,0.0759789804443036,0.0048432134971125,0.1816607488383133,SHAP_spat
-0.0354888783688508,-0.0409516353746305,-0.0181774345686941,0.0,-0.0029499045323557,0.0763390608615023,-0.0358672244360104,3723,0.0946179483121755,0.0029499045323557,0.1122062852975128,SHAP_spat
-0.0397357678145742,-0.036877001973284,-0.0181011479779561,0.0,-0.0029152468911065,0.0770716179754187,-0.0365672449119517,4243,0.0947139177658143,0.0029152468911065,0.1136388628873705,SHAP_spat
0.0164649528311612,-0.0620701195492149,-0.0337679358515155,0.0,-0.0027146578832286,0.104165027380826,-0.0755010736087795,1170,0.1123030082318917,0.0027146578832286,0.1796661009896056,SHAP_spat
-0.0212114337910026,-0.0451560852032369,-0.0245858280659071,0.0,-0.0039142325574706,0.087595609182805,-0.0492113493904832,4332,0.0909533470601467,0.0039142325574706,0.1368069585732882,SHAP_spat
-0.0322180875220294,-0.0421732350252535,-0.0196999664207412,0.0,-0.0031938138372779,0.0791134649735252,-0.038828129096519,3011,0.0940912889680242,0.0031938138372779,0.1179415940700443,SHAP_spat
0.0215430552997007,-0.0640241377348887,-0.0338779878531434,0.0,-0.0051609713305764,0.1043889374888302,-0.0762138807630631,4651,0.1194451808877329,0.0051609713305764,0.1806028182518933,SHAP_spat
-0.0153831774447821,-0.0467516151446926,-0.0267394106617524,0.0,-0.004207445024075,0.0913781225862352,-0.0544249700764693,3874,0.0888742032512273,0.004207445024075,0.1458030926627045,SHAP_spat
-0.0473045288390376,-0.0260182862718257,-0.0202383807488062,0.0,-0.0032566986715686,0.0839717758441209,-0.0442027437977842,4645,0.0935611958596696,0.0032566986715686,0.1281745196419051,SHAP_spat
0.0574129772825082,-0.0462671527365823,0.0241168094913368,0.0,0.0050462821728033,-0.124479609795885,0.0631396414877557,1368,0.1277969395104274,0.0050462821728033,0.1876192512836408,SHAP_spat
0.0634165021902473,-0.0567589272150597,0.0239171057587915,0.0,0.00479432089746,-0.1228590235789717,0.0631749458493016,897,0.1440925351640985,0.00479432089746,0.1860339694282733,SHAP_spat
0.0626941643706418,-0.0469376460218317,0.0245523144756346,0.0,0.0050293321166129,-0.1281204569546861,0.0654046536061919,928,0.1341841248681082,0.0050293321166129,0.193525110560878,SHAP_spat
0.0181328200532084,-0.0118500979444604,0.0222284880724687,0.0,0.0057644926147512,-0.1142772559571856,0.0546730382495982,14,0.0522114060701376,0.0057644926147512,0.1689502942067838,SHAP_spat
-0.03823740811732,-0.0388068813662424,-0.0177173692261813,0.0,-0.0028612418780131,0.0757630841016632,-0.0352693550816673,2548,0.0947616587097438,0.0028612418780131,0.1110324391833305,SHAP_spat
0.0343005227007651,-0.0441849521508662,0.021335440257557,0.0,0.0046496273780031,-0.1036818513160801,0.0517009591074588,967,0.0998209151091884,0.0046496273780031,0.155382810423539,SHAP_spat
0.0612133304156267,-0.0612625667590891,0.0233437494661831,0.0,0.0050020272569825,-0.1180787595944056,0.060957704169628,1106,0.145819646640899,0.0050020272569825,0.1790364637640336,SHAP_spat
-0.0318247971391369,-0.0434822285023097,-0.0190083096049208,0.0,-0.0030935216641921,0.0775125830652859,-0.0371410934703901,4315,0.0943153352463676,0.0030935216641921,0.1146536765356761,SHAP_spat
0.0089496988248968,-0.0590179150468183,0.0045499340935674,0.0,-0.0038018578074749,0.1281307502786059,-0.1187771040763891,3968,0.0725175479652826,0.0038018578074749,0.246907854354995,SHAP_spat
0.0708209780899367,-0.0387088279041106,0.0257037601991585,0.0,0.0052886051982453,-0.13722020153495,0.0708611549254485,1254,0.1352335661932059,0.0052886051982453,0.2080813564603986,SHAP_spat
-0.0330568279917428,-0.0336914261225755,-0.024180947790156,0.0,-0.0038501156601707,0.0886159138316637,-0.0503899179879702,2648,0.0909292019044744,0.0038501156601707,0.1390058318196339,SHAP_spat
-0.0458522809413726,-0.0290225316191543,-0.019312502437232,0.0,-0.0031024378822333,0.0816074082821771,-0.0414220684448949,2923,0.094187314997759,0.0031024378822333,0.123029476727072,SHAP_spat
-0.0299177109953067,-0.0418722132342463,-0.0214299532975403,0.0,-0.0034544506128575,0.0823837692734641,-0.0425692995907806,4654,0.0932198775270935,0.0034544506128575,0.1249530688642447,SHAP_spat
0.0598640726451856,-0.0551686142810634,0.0236812099895049,0.0,0.0047857634667128,-0.1208522649698111,0.0618843976703989,1639,0.138713896915754,0.0047857634667128,0.18273666264021,SHAP_spat
0.0341075007710394,-0.0335815170271187,0.0223827765201812,0.0,0.0046263441926342,-0.1121588454644286,0.0550979770933183,1133,0.0900717943183394,0.0046263441926342,0.1672568225577469,SHAP_spat
-0.0383949364481386,-0.0382987951029379,-0.018020220781378,0.0,-0.0029091009237997,0.0765729589904824,-0.036069555146738,4398,0.0947139523324546,0.0029091009237997,0.1126425141372204,SHAP_spat
-0.0095197343927074,0.0029106876104929,0.0192651582949112,0.0,0.0039662605489273,-0.0982727059325734,0.0461144876669987,3519,0.0316955802981116,0.0039662605489273,0.1443871935995721,SHAP_spat
-0.0011820668631094,-0.0543301474490828,-0.0295528627717066,0.0,-0.0045788319837054,0.0965612387619459,-0.0623713736421196,1878,0.0850650770838989,0.0045788319837054,0.1589326124040655,SHAP_spat
0.0148747121610858,-0.0258626656611151,0.0200004621321392,0.0,0.00429855628059,-0.097787308348331,0.0472275873933258,271,0.0607378399543403,0.00429855628059,0.1450148957416569,SHAP_spat
0.0477691862705936,-0.0415158900386044,0.0234727036811847,0.0,0.0051501710475069,-0.119509319036835,0.0598117250443793,1473,0.1127577799903829,0.0051501710475069,0.1793210440812144,SHAP_spat
0.0382403376819801,-0.0338063013080114,0.0228103303388264,0.0,0.0034410287440925,-0.115091404049465,0.0568136358282904,1547,0.0948569693288181,0.0034410287440925,0.1719050398777555,SHAP_spat
-0.0279508529867986,-0.0443130833798049,-0.0211194516923845,0.0,-0.0034157563504027,0.0814006993339719,-0.0414807497313542,4383,0.093383388058988,0.0034157563504027,0.1228814490653261,SHAP_spat
0.0219933755231913,-0.0172205714024866,0.0221771207620063,0.0,0.0047007606898843,-0.1130269273747921,0.0543759327219261,838,0.0613910676876843,0.0047007606898843,0.1674028600967182,SHAP_spat
-0.0419471512748259,-0.0352116197106537,-0.0175690506648326,0.0,-0.0028242988698086,0.0761766691853634,-0.0357738057143624,2195,0.0947278216503123,0.0028242988698086,0.1119504748997259,SHAP_spat
0.0222971055260808,-0.0509933863693605,0.0174251631293042,0.0,0.0014129873166583,-0.077252236843899,0.0406332954116909,1835,0.0907156550247457,0.0014129873166583,0.1178855322555899,SHAP_spat
0.0332082515338568,0.8981844339197151,0.0098700482614446,0.0,0.001559293848202,-0.0312034515532617,0.0312321665905168,412,0.9412627337150168,0.001559293848202,0.0624356181437785,SHAP_content
0.0587611053850486,-0.0478807521253591,0.0241352409255895,0.0,0.005091701086385,-0.1246267718983179,0.0633633960748233,1712,0.1307770984359973,0.005091701086385,0.1879901679731412,SHAP_spat
-0.0375042753831165,-0.0352939601982693,-0.0207507494212037,0.0,-0.0033388212260086,0.0826100814995729,-0.0426714329179549,2795,0.0935489850025896,0.0033388212260086,0.1252815144175278,SHAP_spat
-0.041048518791304,-0.0363191598428472,-0.0173807142904959,0.0,-0.0027974622231484,0.0754647110776007,-0.0350681131603177,2221,0.0947483929246472,0.0027974622231484,0.1105328242379184,SHAP_spat
-0.0042902100172981,-0.0214287033443182,0.0163238390614254,0.0,0.004046053236109,-0.077587508733334,0.0379098420035972,377,0.0420427524230418,0.004046053236109,0.1154973507369312,SHAP_spat
0.0387807889929096,-0.027278214586515,0.023491998597578,0.0,0.0046259173017927,-0.1207368768424915,0.0594186208730749,1491,0.0895510021770027,0.0046259173017927,0.1801554977155665,SHAP_spat
-0.0097872317073743,0.0021703137845377,0.0191479911485119,0.0,0.0042174812571832,-0.0974645613684164,0.0457541851353665,738,0.031105536640424,0.0042174812571832,0.143218746503783,SHAP_spat
-0.0398637251486036,-0.0287903869365181,-0.0230018040154306,0.0,-0.0036820804530897,0.0877331559234088,-0.049122093763088,3377,0.0916559161005525,0.0036820804530897,0.1368552496864969,SHAP_spat
-0.0455474938302174,-0.0307199299298679,-0.0183239102330333,0.0,-0.0029470576629982,0.0787308715974914,-0.0383417373408428,3615,0.0945913339931187,0.0029470576629982,0.1170726089383343,SHAP_spat
-0.0174812645998196,-0.0461398222337812,-0.0260111338268657,0.0,-0.004109691628333,0.0900899258669248,-0.0526079120857792,4331,0.0896322206604666,0.004109691628333,0.142697837952704,SHAP_spat
-0.0197758227662343,-0.0150235244020044,0.0133218381792102,0.0,0.0032510678897804,-0.0626411502793892,0.0317688614027306,52,0.0481211853474489,0.0032510678897804,0.0944100116821199,SHAP_spat
-0.0394574553372866,-0.0381886212286871,-0.0171271433432527,0.0,-0.0027639843101849,0.0744361778397968,-0.0340470765929439,4114,0.0947732199092265,0.0027639843101849,0.1084832544327407,SHAP_spat
-0.0415790590109053,0.0002375826108662,0.0035935971365797,0.0,-0.0065646162341666,0.1314103433265455,-0.1261399004186615,2269,0.0454102387583514,0.0065646162341666,0.2575502437452071,SHAP_spat
-0.0442070391765951,-0.0323293437910898,-0.0180944211143659,0.0,-0.0029038716521757,0.0781183520978189,-0.0377311664775205,3094,0.094630804082051,0.0029038716521757,0.1158495185753395,SHAP_spat
0.0151702457343388,-0.0293755394238119,0.0195791843801724,0.0,0.0042511763274965,-0.0946091834288819,0.0459830788387219,1389,0.0641249695383232,0.0042511763274965,0.1405922622676038,SHAP_spat
-0.0198404558912148,-0.0470519703732141,-0.0243040875640109,0.0,-0.0038785590297007,0.086910039952795,-0.0483541876246293,3188,0.0911965138284398,0.0038785590297007,0.1352642275774243,SHAP_spat
-0.0479941910722214,-0.0266012795985277,-0.0194434148050391,0.0,-0.0031237638547145,0.0824289855082409,-0.0423775001112732,3478,0.0940388854757883,0.0031237638547145,0.1248064856195142,SHAP_spat
-0.0253384687551825,-0.0436349480224849,-0.0231287630513581,0.0,-0.003706572271693,0.0851603777353252,-0.0460268135055606,3433,0.0921021798290256,0.003706572271693,0.1311871912408858,SHAP_spat
-0.0398944423783555,-0.037746095855639,-0.0171164939412263,0.0,-0.0027607564157666,0.0745137854819102,-0.0341452539599143,4191,0.0947570321752208,0.0027607564157666,0.1086590394418245,SHAP_spat
-0.0372914504477,-0.0361229701423816,-0.0203682674062191,0.0,-0.0032803105008875,0.0817329176600926,-0.041648575228765,2309,0.0937826879963007,0.0032803105008875,0.1233814928888576,SHAP_spat
-1.4632096228865688e-05,-0.0514435561312371,-0.0311365625220693,0.0,-0.0047782327953747,0.0997319415052264,-0.0673192675863046,3222,0.0825947507495352,0.0047782327953747,0.1670512090915311,SHAP_spat
-0.0422856289862851,-0.0347942088152625,-0.0176378308715723,0.0,-0.0028343890685552,0.076438990683629,-0.0360361901554125,2590,0.0947176686731201,0.0028343890685552,0.1124751808390416,SHAP_spat
0.0609230185120756,-0.0499499311923785,0.0241989311641749,0.0,0.0051287205585295,-0.125110838780956,0.0638425641753562,1632,0.1350718808686291,0.0051287205585295,0.1889534029563123,SHAP_spat
-0.0415434668584058,-0.0350332804820502,-0.0181322471505811,0.0,-0.00291278649389,0.077559564775498,-0.0370721283523559,4275,0.0947089944910372,0.00291278649389,0.114631693127854,SHAP_spat
-0.0378504484732189,-0.0385559994561255,-0.0182481965214587,0.0,-0.002948398868931,0.0770190878610486,-0.0365233492562903,3174,0.0946546444508032,0.002948398868931,0.113542437117339,SHAP_spat
-0.0378737938116075,-0.0402536506555417,-0.0165975074362131,0.0,-0.0026916525938225,0.0727709247842664,-0.0325035236817379,2976,0.0947249519033624,0.0026916525938225,0.1052744484660043,SHAP_spat
-0.0391530997860804,-0.037336101890433,-0.0181968018791453,0.0,-0.0029336839231443,0.0771857994357338,-0.0366835770619541,4280,0.0946860035556588,0.0029336839231443,0.113869376497688,SHAP_spat
-0.0243132117069687,-0.0170377758003337,0.0112377431488682,0.0,0.0024798433428679,-0.0515942580925892,0.0277064127955843,467,0.0525887306561707,0.0024798433428679,0.0793006708881736,SHAP_spat
-0.0462875825087173,-0.0298637304994169,-0.0184096664641646,0.0,-0.0029591914647362,0.0794205540120048,-0.0390496404743123,4488,0.0945609794722989,0.0029591914647362,0.1184701944863171,SHAP_spat
0.0497271167837233,-0.0386709684495368,0.0238127779944149,0.0,0.0040146998919134,-0.1222537839084356,0.0612583083869725,903,0.1122108632276751,0.0040146998919134,0.1835120922954082,SHAP_spat
0.0111808181478414,-0.0586592745107425,-0.0322878435532394,0.0,-0.0049365495450104,0.1021868486752397,-0.0719055003368887,4469,0.1021279362118235,0.0049365495450104,0.1740923490121284,SHAP_spat
-0.0933357006870469,0.0951819285522612,0.0197146557451402,0.0,0.0041427860648276,-0.1064915486241553,0.0507188609981426,71,0.2082322849844484,0.0041427860648276,0.1572104096222979,SHAP_content
-0.0650581040167546,-0.0101888542218204,-0.0188834461940639,0.0,-0.0030345143733781,0.0815899285959085,-0.0415742671894183,3217,0.0941304044326389,0.0030345143733781,0.1231641957853269,SHAP_spat
0.0415162392016499,0.0138967474165987,0.0264356604152486,0.0,0.0062606541629965,-0.1412854775166885,0.0718113297549802,1898,0.0818486470334973,0.0062606541629965,0.2130968072716687,SHAP_spat
-0.0464252556465001,-0.0295103164443821,-0.0185271195380195,0.0,-0.0029729585840723,0.0798061050702199,-0.0395156966098266,3995,0.0944626916289018,0.0029729585840723,0.1193218016800466,SHAP_spat
0.0257793011995371,-0.0439851644297608,0.0196165161496474,0.0,0.0033287376284471,-0.0922658187501544,0.0463188869373048,1207,0.0893809817789455,0.0033287376284471,0.1385847056874593,SHAP_spat
-0.0235753380885578,-0.0469291732724527,-0.0222133038057785,0.0,-0.0035836230348507,0.0830856683979873,-0.043551417819341,2077,0.0927178151667891,0.0035836230348507,0.1266370862173284,SHAP_spat
-0.034874001897558,-0.0104872188787712,0.0099236190884683,0.0,0.0026455508000598,-0.0455775846867783,0.0256642244780909,1590,0.0552848398647976,0.0026455508000598,0.0712418091648693,SHAP_spat
0.005621086087592,0.0356802132707829,0.0244259125950316,0.0,0.0056152198587019,-0.1321494298856565,0.0645033094501519,2844,0.0657272119534066,0.0056152198587019,0.1966527393358084,SHAP_spat
-0.040417708231737,-0.0366154303010586,-0.017740905033723,0.0,-0.0028537112199262,0.0762616412225655,-0.0357742916869077,2205,0.0947740435665187,0.0028537112199262,0.1120359329094732,SHAP_spat
-0.0713700379983676,0.0026027813545663,-0.0224179063538047,0.0,-0.0035660320465218,0.0891911720393794,-0.0515878603575415,2980,0.0963907257067387,0.0035660320465218,0.1407790323969209,SHAP_spat
0.0562675071760855,-0.0459643621867386,0.0240241827019497,0.0,0.0050020494490692,-0.123714726884189,0.0626653316173677,658,0.1262560520647739,0.0050020494490692,0.1863800585015567,SHAP_spat
0.0008167102684762,-0.0308457690480167,0.0157410206616457,0.0,0.0036977982159043,-0.0726223490384141,0.0363875869551849,63,0.0474034999781386,0.0036977982159043,0.109009935993599,SHAP_spat
0.0722729828517191,-0.027878844150892,0.0264417005974414,0.0,0.0057384511092035,-0.1419148712511574,0.073821195304305,1838,0.1265935276000525,0.0057384511092035,0.2157360665554625,SHAP_spat
-0.0102790925914581,-0.0243034550351067,0.0138876189875656,0.0,0.0033941450775112,-0.0640771931724392,0.0325698920444614,4000,0.0484701666141304,0.0033941450775112,0.0966470852169007,SHAP_spat
-0.0340399086944768,-0.0421134719420811,-0.0183816994565487,0.0,-0.0029888682781582,0.0765214265676993,-0.0360766133345021,3036,0.0945350800931068,0.0029888682781582,0.1125980399022014,SHAP_spat
0.0373229268769381,-0.0571200582734278,0.0202607426621596,0.0,0.0044385555989154,-0.0947698314546584,0.0489658137924519,454,0.1147037278125256,0.0044385555989154,0.1437356452471103,SHAP_spat
-0.0364276826939853,-0.0149277553646038,0.007904544475229,0.0,0.0020871429703453,-0.0350324779320925,0.0219980752135915,402,0.0592599825338182,0.0020871429703453,0.0570305531456841,SHAP_content
0.0266011928781601,-0.0453568992133334,0.0195085414487761,0.0,0.002592278447833,-0.0909224683415544,0.0459823131396306,1472,0.0914666335402697,0.002592278447833,0.136904781481185,SHAP_spat
0.0575659706337061,-0.0385990488335807,0.0246676732670633,0.0,0.0053527471214721,-0.128898909714572,0.0652489330559574,677,0.1208326927343502,0.0053527471214721,0.1941478427705294,SHAP_spat
0.0035485456709423,-0.0552816919160273,-0.0309512786405498,0.0,-0.0047586106269152,0.0993790651083646,-0.0669371229013811,3356,0.0897815162275195,0.0047586106269152,0.1663161880097457,SHAP_spat
-0.0026121668179699,-0.0318501035664538,0.0143814892412742,0.0,0.0030825890763494,-0.065197808883545,0.0334199689380041,1616,0.048843759625698,0.0030825890763494,0.0986177778215491,SHAP_spat
0.0694386302014924,-0.0336488005264112,0.0259289178638534,0.0,0.0058253572348474,-0.138499559124339,0.071511921376644,1251,0.1290163485917571,0.0058253572348474,0.2100114805009831,SHAP_spat
0.0111240642058473,-0.0231551778169393,0.0196392216954335,0.0,0.0043999208337396,-0.0960974432622941,0.0462296169778645,1983,0.0539184637182203,0.0043999208337396,0.1423270602401587,SHAP_spat
-0.0374281113214208,-0.0362460605881134,-0.0202006810838155,0.0,-0.0032542627599484,0.0814031644285391,-0.0412660187796165,3425,0.0938748529933498,0.0032542627599484,0.1226691832081557,SHAP_spat
-0.0389193672044352,-0.0351212049604416,-0.0199511613680857,0.0,-0.0032131489322562,0.0812373856024105,-0.041050523098537,3843,0.0939917335329626,0.0032131489322562,0.1222879087009475,SHAP_spat
0.06143700260964,-0.0269392763316049,0.0256878549762843,0.0,0.0055426199578258,-0.1366111852323863,0.0697461708188458,1033,0.1140641339175293,0.0055426199578258,0.2063573560512321,SHAP_spat
0.0092425559634045,-0.0275842914770691,0.0186368290655913,0.0,0.0046995262093127,-0.0894145777644793,0.0434168705791131,174,0.055463676506065,0.0046995262093127,0.1328314483435924,SHAP_spat
-0.0575907731734509,0.1402895248876726,0.0263921993089224,0.0,0.0058543493527773,-0.1421421820234524,0.073820383685565,939,0.224272497370046,0.0058543493527773,0.2159625657090174,SHAP_content
-0.0499016976136862,-0.0253774754166108,-0.0188674156902121,0.0,-0.0030317447062558,0.0815148515123821,-0.0414856255196172,3102,0.0941465887205092,0.0030317447062558,0.1230004770319993,SHAP_spat
-0.0368350440491814,-0.0399053506518903,-0.0179540377752455,0.0,-0.0029075480767085,0.0760799915814925,-0.0355906719516457,2587,0.0946944324763172,0.0029075480767085,0.1116706635331382,SHAP_spat
0.0251325001328382,-0.0060747252943127,0.0234924413166624,0.0,0.0048835232601125,-0.1232069905185727,0.0596041315883623,334,0.0546996667438134,0.0048835232601125,0.1828111221069351,SHAP_spat
0.0487367695174882,-0.0264908170842624,0.0246346128500887,0.0,0.0054137693980591,-0.1289561157051876,0.0644412233561139,873,0.0998621994518394,0.0054137693980591,0.1933973390613015,SHAP_spat
-0.024175329275769,0.0114602537265398,0.017831392077818,0.0,0.0038471377168776,-0.0909308859353503,0.0427332387593368,2853,0.053466975080127,0.0038471377168776,0.1336641246946872,SHAP_spat
0.0355100495569403,-0.05678656754828,0.0197796731997349,0.0,0.003130026715979,-0.0916070624595791,0.0475723722184221,1486,0.1120762903049552,0.003130026715979,0.1391794346780013,SHAP_spat
-0.0407113253655408,-0.0359830311154386,-0.0180370617050052,0.0,-0.0029002785013062,0.0771184935464169,-0.0366197219100114,4293,0.0947314181859847,0.0029002785013062,0.1137382154564284,SHAP_spat
0.0171840566519101,-0.0282738554481026,0.0201391854366885,0.0,0.0043469702093135,-0.098217636302695,0.0476104407136715,296,0.0655970975367013,0.0043469702093135,0.1458280770163665,SHAP_spat
0.0382610922732824,-0.0493868321090453,0.0213508440815716,0.0,0.0037932023432723,-0.1020639349462747,0.0517552510901035,4561,0.1089987684638994,0.0037932023432723,0.1538191860363782,SHAP_spat
0.0041537717383289,-0.0546595836593443,-0.0313991310277845,0.0,-0.0048153166302457,0.1002884579151389,-0.068407636718083,4501,0.0902124864254578,0.0048153166302457,0.1686960946332219,SHAP_spat
-0.0379688618589859,-0.0396301506496063,-0.0171941622564822,0.0,-0.0027796743179972,0.0743284522505692,-0.0338971626354098,3845,0.0947931747650745,0.0027796743179972,0.1082256148859791,SHAP_spat
-0.0182632530515686,-0.042198077721009,-0.0274912478148573,0.0,-0.0043040870637365,0.0931166053874539,-0.0568416994217589,4218,0.087952578587435,0.0043040870637365,0.1499583048092128,SHAP_spat
-0.0467112858876813,-0.0287124557581005,-0.0189187522447532,0.0,-0.0030357702198741,0.0808619477746945,-0.0406155140803805,3760,0.0943424938905351,0.0030357702198741,0.121477461855075,SHAP_spat
0.0658557997555698,-0.04658436132642,0.0248588577625071,0.0,0.0052795987018037,-0.1306506130769466,0.0669577124016291,378,0.137299018844497,0.0052795987018037,0.1976083254785758,SHAP_spat
-0.0390763386309689,-0.0386833056564506,-0.0170073610082904,0.0,-0.0027474804439425,0.0740481626376574,-0.0336820886417271,3110,0.0947670052957101,0.0027474804439425,0.1077302512793846,SHAP_spat
-0.0395099439321414,-0.0378295262778809,-0.0174542646680939,0.0,-0.0028124727793896,0.0753043273534984,-0.0348411349719511,2770,0.0947937348781164,0.0028124727793896,0.1101454623254495,SHAP_spat
-0.0035163141195082,-0.0529480632740362,-0.0291986418913212,0.0,-0.0045321297460735,0.0958588763008355,-0.0612230581276401,3918,0.0856630192848657,0.0045321297460735,0.1570819344284756,SHAP_spat
0.0479755792959389,-0.0350868367731045,0.0239574412995372,0.0,0.0049981889272509,-0.1235966162529296,0.0616820285235715,4138,0.1070198573685807,0.0049981889272509,0.1852786447765012,SHAP_spat
0.0363452004934084,-0.0731148521280903,-0.0289575996348422,0.0,-0.0045037437409759,0.0172039176782508,0.0069838453603022,2210,0.1384176522563409,0.0045037437409759,0.0241877630385531,SHAP_content
-0.0078294342342094,-0.0491948082613303,-0.0290196704232287,0.0,-0.0045060743303918,0.0955503832810355,-0.0606197798497988,2172,0.0860439129187685,0.0045060743303918,0.1561701631308343,SHAP_spat
-0.0399630908424601,-0.0354461898854306,-0.0190165427607902,0.0,-0.0030629927248789,0.0793838398831583,-0.0389783401857652,2599,0.094425823488681,0.0030629927248789,0.1183621800689235,SHAP_spat
-0.042652866864362,-0.0342049772636341,-0.0178531526070203,0.0,-0.0028671729593724,0.0770850375911789,-0.0366538908963449,2052,0.0947109967350165,0.0028671729593724,0.1137389284875239,SHAP_spat
0.0716272206880817,-0.0421073621796921,0.0254639167940382,0.0,0.0035457270071696,-0.1356023492262262,0.07005746825479,915,0.139198499661812,0.0035457270071696,0.2056598174810163,SHAP_spat
-0.0054834611487308,-0.0554867258725086,-0.0271935282120922,0.0,-0.0042769738312872,0.0920139446019332,-0.0555874854351089,4661,0.0881637152333318,0.0042769738312872,0.1476014300370421,SHAP_spat
-0.069244375816993,-0.0139563044247546,0.0010490990423252,0.0,-0.0044500712360312,0.106425922659687,-0.0745592754804069,4498,0.0842497792840728,0.0044500712360312,0.180985198140094,SHAP_spat
-0.0808173692925843,0.0150763573412447,-0.0242798083516781,0.0,-0.0037974045819939,0.0906281210364956,-0.0539590848770979,2335,0.1201735349855072,0.0037974045819939,0.1445872059135935,SHAP_spat
-0.0451534435983389,-0.0312651576454266,-0.0181523693568825,0.0,-0.0029128080842309,0.078527765509267,-0.0381932413666494,3820,0.0945709706006482,0.0029128080842309,0.1167210068759164,SHAP_spat
0.0677696647707647,-0.0410024057555467,0.0253356479920174,0.0,0.0051005955993006,-0.13438815970539,0.0690456660256949,956,0.1341077185183289,0.0051005955993006,0.2034338257310849,SHAP_spat
0.0448997116910761,-0.024036595645797,0.0244186648611587,0.0,0.0054529457269049,-0.1277194854527105,0.0634208710812913,1887,0.0933549721980319,0.0054529457269049,0.1911403565340019,SHAP_spat
0.0510451409023981,-0.0611641299499509,0.0219776395764455,0.0,0.003932747815929,-0.1071016805059933,0.0553899621938146,4695,0.1341869104287946,0.003932747815929,0.1624916426998079,SHAP_spat
-0.1041360710100899,0.0442479535904613,-0.0281302818656483,0.0,-0.0042254583589866,0.0923151664766949,-0.0572201612615934,3717,0.1765143064661995,0.0042254583589866,0.1495353277382883,SHAP_content
0.1090260968757352,0.7876958550523033,0.0278839133753959,0.0,0.0052636468204243,-0.0623884522030866,0.0735144285064226,4027,0.9246058653034346,0.0052636468204243,0.1359028807095092,SHAP_content
0.0686313916218297,-0.0935813644092918,0.0237838945351106,0.0,0.0002831674143589,-0.0555170614029992,0.0435517329603233,1182,0.1859966505662322,0.0002831674143589,0.0990687943633226,SHAP_content
-0.0329981478279299,-0.0428286310186051,-0.0186228147155468,0.0,-0.0030304943449,0.0768671260553326,-0.0364495694364011,4689,0.094449593562082,0.0030304943449,0.1133166954917337,SHAP_spat
0.0384864017642514,0.0046710900259808,0.0255708662194235,0.0,0.0056045524213629,-0.1366410355803101,0.0683217414351245,1423,0.0687283580096558,0.0056045524213629,0.2049627770154347,SHAP_spat
-0.0448481804284206,-0.0296811063505494,-0.0195543969790815,0.0,-0.0031436822830341,0.0819125905229739,-0.0417671815208086,4679,0.0940836837580517,0.0031436822830341,0.1236797720437825,SHAP_spat
-0.0663782055839526,-0.0040767104959426,-0.0214441183736074,0.0,-0.0034344123468012,0.0880348481956688,-0.0498505389689218,2400,0.0918990344535028,0.0034344123468012,0.1378853871645907,SHAP_spat
-0.0366037166454798,-0.0384997961580729,-0.0192276525024844,0.0,-0.0031063060707269,0.0790282392280572,-0.0386420553577157,2892,0.0943311653060372,0.0031063060707269,0.117670294585773,SHAP_spat
-0.0394593705090237,-0.0381242140497955,-0.0171984447415892,0.0,-0.002774477742863,0.0746201344104871,-0.0342108577292433,3596,0.0947820293004085,0.002774477742863,0.1088309921397304,SHAP_spat
0.06051509557534,-0.0326620147221713,0.0252663756062322,0.0,0.0053428749146912,-0.1337285665099351,0.0680022464319688,1722,0.1184434859037436,0.0053428749146912,0.2017308129419039,SHAP_spat
0.0606050990467746,-0.0492533860542589,0.0241840579336782,0.0,0.0046517981162267,-0.1250104216239777,0.0637560752848078,1667,0.1340425430347118,0.0046517981162267,0.1887664969087856,SHAP_spat
-0.0420714147015363,-0.0348635358918475,-0.017799749923212,0.0,-0.0028594948300064,0.0767976390452869,-0.0363494989045294,2884,0.0947347005165959,0.0028594948300064,0.1131471379498163,SHAP_spat
-0.0447737073971072,-0.0307760013250806,-0.0188755569730893,0.0,-0.0030295758177841,0.0802754081191501,-0.0399425055038178,2994,0.0944252656952772,0.0030295758177841,0.120217913622968,SHAP_spat
0.0551748361326627,-0.0266742167582475,0.0251981726345406,0.0,0.0056656025774865,-0.133243562036587,0.0672671647119396,886,0.1070472255254509,0.0056656025774865,0.2005107267485266,SHAP_spat
-0.0444922892958316,-0.0278524841065779,-0.0208723663301316,0.0,-0.0033577327757222,0.0846253358243062,-0.0450263948921533,4056,0.0932171397325412,0.0033577327757222,0.1296517307164595,SHAP_spat
-0.0454593637527904,-0.0300767833596041,-0.0188713049844459,0.0,-0.0030281750087446,0.0804363882094531,-0.0401272426969664,4494,0.0944074520968404,0.0030281750087446,0.1205636309064196,SHAP_spat
0.0422526380313367,-0.0232705814937448,0.0241795095587619,0.0,0.0050853533023848,-0.1260500593447067,0.0623370334488316,333,0.0897027290838436,0.0050853533023848,0.1883870927935384,SHAP_spat
0.0218941891243281,-0.0227659388977324,0.0216790908554955,0.0,0.0052060003217538,-0.1089997324092709,0.0525432279751913,153,0.0663392188775561,0.0052060003217538,0.1615429603844623,SHAP_spat
0.0618198019473875,-0.0571267708060844,0.0236862421282066,0.0,0.0041340442263727,-0.1207920551543913,0.0621260822875904,721,0.1426328148816786,0.0041340442263727,0.1829181374419817,SHAP_spat
0.0313674017746835,-0.0167927760056914,0.0234681094722693,0.0,0.0053313733709881,-0.121736036656733,0.0592670056505379,373,0.0716282872526443,0.0053313733709881,0.1810030423072709,SHAP_spat
-0.01340912269722,0.0147046935826644,0.0201996603023688,0.0,0.0043385215922214,-0.1056063860677518,0.049326089109502,312,0.0483134765822534,0.0043385215922214,0.1549324751772539,SHAP_spat
0.0228773616664527,-0.0375325595279202,0.0201162294181713,0.0,0.004941217353502,-0.0966495138578003,0.0475852187345064,1849,0.0805261506125443,0.004941217353502,0.1442347325923068,SHAP_spat
0.0607100856393421,-0.0555404997602877,0.0237643488146553,0.0,0.0050890570171211,-0.1214902929849977,0.062266677366633,1622,0.1400149342142852,0.0050890570171211,0.1837569703516307,SHAP_spat
-0.1272591102087933,0.1757344685663197,0.0242132579768469,0.0,0.0058269691168268,-0.1337621980900884,0.0675187656509579,42,0.32720683675196,0.0058269691168268,0.2012809637410464,SHAP_content
-0.0369057534165302,-0.0400923395526191,-0.0177323755600649,0.0,-0.002872226923828,0.0755412288628264,-0.0350593856235802,2693,0.0947304685292143,0.002872226923828,0.1106006144864067,SHAP_spat
-0.1022661401776231,0.1429685807452251,0.0232519665138706,0.0,0.0052110328859014,-0.1301995724771976,0.0641276919161361,417,0.2684866874367189,0.0052110328859014,0.1943272643933337,SHAP_content
-0.0309262510163396,-0.0415120042815992,-0.0210182216022366,0.0,-0.0033918149226026,0.0817049086220135,-0.0417554183044876,4602,0.0934564769001755,0.0033918149226026,0.1234603269265011,SHAP_spat
-0.0017655430273487,-0.0533962873999404,-0.0297115680844984,0.0,-0.0045981022480378,0.096867456525603,-0.0628096246308018,4522,0.0848733985117877,0.0045981022480378,0.1596770811564049,SHAP_spat
-0.0083063853595915,-0.0010452993819159,0.0190576599802136,0.0,0.0049384674524484,-0.0965727471999991,0.0453836730682669,704,0.0284093447217211,0.0049384674524484,0.141956420268266,SHAP_spat
0.0614412219264797,-0.0425791642533022,0.024746945685164,0.0,0.0053563078414617,-0.1296431979136033,0.065999267619222,732,0.128767331864946,0.0053563078414617,0.1956424655328253,SHAP_spat
0.0639364756294287,-0.0625117452051491,0.0235311894638064,0.0,0.0048701217666956,-0.1195029549978527,0.0619053548418597,944,0.1499794102983843,0.0048701217666956,0.1814083098397124,SHAP_spat
-0.0400097636289753,-0.0374772569899796,-0.0172891218453143,0.0,-0.0027864698966935,0.0749756123568285,-0.034560654414075,3614,0.0947761424642693,0.0027864698966935,0.1095362667709035,SHAP_spat
0.0676018503096171,-0.0591453166071891,0.024142538583839,0.0,0.0048259066251119,-0.1248247811309559,0.0645347676911153,1806,0.1508897055006453,0.0048259066251119,0.1893595488220713,SHAP_spat
0.0498378855983011,-0.028829145200603,0.024601097630172,0.0,0.0057094933483845,-0.1288033913364846,0.0644165567608636,1018,0.1032681284290762,0.0057094933483845,0.1932199480973482,SHAP_spat
0.0634536011297537,-0.0440674865033889,0.0248373913155676,0.0,0.005571646456033,-0.1303846363048909,0.0665758910822004,907,0.1323584789487103,0.005571646456033,0.1969605273870913,SHAP_spat
0.0616145324623858,-0.0303442099896415,0.0254963890888761,0.0,0.0054869754484968,-0.1354236526372642,0.0690385834817743,1693,0.1174551315409035,0.0054869754484968,0.2044622361190385,SHAP_spat
-0.0173635705569586,-0.0478583836335255,-0.0251951748347478,0.0,-0.0040019139885058,0.0884778931671977,-0.050448022924277,2791,0.090417129025232,0.0040019139885058,0.1389259160914748,SHAP_spat
-0.0344740594743684,-0.0419632880986535,-0.0181561087492951,0.0,-0.0029523981325129,0.0760845050694381,-0.0356296723000755,4368,0.0945934563223171,0.0029523981325129,0.1117141773695137,SHAP_spat
-0.0161688431570854,0.0093002716074637,0.0191166685407048,0.0,0.0048895295369487,-0.0983183068732861,0.0459755844502344,519,0.044585783305254,0.0048895295369487,0.1442938913235206,SHAP_spat
0.0241901070080995,-0.0206892785273666,0.0222558928971633,0.0,0.0055774691499065,-0.1131057402876014,0.0545724345836597,814,0.0671352784326296,0.0055774691499065,0.1676781748712612,SHAP_spat
0.0127516137336051,-0.0378476800935936,0.0177378533331116,0.0,0.0043816355321079,-0.0823491268550294,0.0410919110683945,818,0.0683371471603104,0.0043816355321079,0.123441037923424,SHAP_spat
0.0080500530125135,-0.0282460737374068,0.0180961438489265,0.0,0.0036892328710889,-0.0860712539906299,0.0420247590432549,3449,0.0543922705988469,0.0036892328710889,0.1280960130338849,SHAP_spat
-0.0212916387220787,0.0562356982848216,0.0232474075189222,0.0,0.0055330230761293,-0.1277546656933925,0.061330491295289,1522,0.1007747445258226,0.0055330230761293,0.1890851569886815,SHAP_spat
0.0791897728387983,-0.0331228731791439,0.0266286447061977,0.0,0.0056532616066815,-0.1434038509772352,0.0753113416613423,1638,0.13894129072414,0.0056532616066815,0.2187151926385775,SHAP_spat
0.0179700874212206,-0.0614161380482706,-0.0334124022574339,0.0,-0.0050902861258565,0.1046521264761482,-0.0765174292483633,3557,0.1127986277269252,0.0050902861258565,0.1811695557245115,SHAP_spat
-0.0097079656455394,-0.0492081425496472,-0.0282095584428215,0.0,-0.004401725362446,0.0940101068175552,-0.0583012182257131,4428,0.0871256666380082,0.004401725362446,0.1523113250432684,SHAP_spat
-0.0252613248466385,-0.0240253891761492,0.0089005171126316,0.0,0.0021459584997016,-0.0379536336149509,0.0228583591485098,1700,0.0581872311354194,0.0021459584997016,0.0608119927634607,SHAP_spat
-0.042876626582075,-0.0338672938105014,-0.0179564931811078,0.0,-0.0028827878761931,0.0774116302478966,-0.0369741794081085,3526,0.0947004135736843,0.0028827878761931,0.1143858096560052,SHAP_spat
-0.0404924313369432,-0.0369975828237118,-0.0172659204479004,0.0,-0.0027814509617478,0.075036332373462,-0.0346481005872783,3734,0.0947559346085555,0.0027814509617478,0.1096844329607404,SHAP_spat
-0.039021766843942,-0.0354145695687887,-0.0196898486935543,0.0,-0.0031719881842846,0.0806838013124958,-0.0404221861786346,3046,0.0941261851062851,0.0031719881842846,0.1211059874911305,SHAP_spat
0.0548351480026525,-0.0421082183488902,0.0241370402783392,0.0,0.0047297076041288,-0.1246868990367546,0.0629410812031436,1883,0.121080406629882,0.0047297076041288,0.1876279802398983,SHAP_spat
-0.0391704514826332,-0.0063656365418157,0.0097868129089477,0.0,0.0023545884158534,-0.045011743163141,0.0255867677124083,2592,0.0553229009333968,0.0023545884158534,0.0705985108755493,SHAP_spat
0.0663720085310977,-0.0406382734761763,0.0252659864434028,0.0,0.0053934073889808,-0.1338316099320233,0.0686112586076668,379,0.1322762684506769,0.0053934073889808,0.2024428685396901,SHAP_spat
-0.0318747727433641,-0.0361346422742441,-0.0235645701324745,0.0,-0.0037608293747484,0.087166480336918,-0.0484671171456035,3775,0.0915739851500828,0.0037608293747484,0.1356335974825215,SHAP_spat
-0.0411463668280209,-0.0357887986783279,-0.0178232412658601,0.0,-0.0028644714771804,0.0766409348687079,-0.0361597844212212,4003,0.094758406772209,0.0028644714771804,0.1128007192899292,SHAP_spat
-0.0272102074655374,-0.0425355772940479,-0.0226736491235034,0.0,-0.0036387637627897,0.0845065471848751,-0.0451784361798364,2251,0.0924194338830887,0.0036387637627897,0.1296849833647116,SHAP_spat
-0.0487265233778049,-0.0268472840134894,-0.0186965962548282,0.0,-0.0030027152670987,0.0808207885391779,-0.040696926585673,2148,0.0942704036461226,0.0030027152670987,0.1215177151248509,SHAP_spat
0.0612194622830152,-0.0518691970941821,0.0240978646359134,0.0,0.0052237989942805,-0.1242619925910401,0.0635077946916448,3726,0.1371865240131108,0.0052237989942805,0.1877697872826849,SHAP_spat
-0.0388048924942519,-0.0390931059872751,-0.0168500092322319,0.0,-0.0027249398594163,0.0735954860377087,-0.0332717428551801,2144,0.0947480077137591,0.0027249398594163,0.1068672288928889,SHAP_spat
-0.0285611940720819,-0.0358622269028713,-0.0254433751020557,0.0,-0.0040271085584235,0.090349409520097,-0.052814194454219,2566,0.089866796077009,0.0040271085584235,0.1431636039743161,SHAP_spat
0.0137930038872279,-0.0144871318860012,0.0211693204162085,0.0,0.0043512643688892,-0.1070186163955242,0.0510618627228475,1803,0.0494494561894377,0.0043512643688892,0.1580804791183717,SHAP_spat
-0.0459149245483356,-0.0302998862709884,-0.0183614177179157,0.0,-0.0029528046544898,0.0790891669558245,-0.0387093911635221,3621,0.0945762285372398,0.0029528046544898,0.1177985581193467,SHAP_spat
0.0008994265723259,0.0180833914003099,0.0224162048223484,0.0,0.0038126125925075,-0.1196777309150558,0.0567023282474943,3967,0.0413990227949843,0.0038126125925075,0.1763800591625501,SHAP_spat
0.0557717475664534,-0.0447580450302162,0.0240260531904839,0.0,0.0045384450865773,-0.1238011723622137,0.0626375990484087,1594,0.1245558457871537,0.0045384450865773,0.1864387714106224,SHAP_spat
0.003226627534418,-0.0540420180441499,-0.0313167261219976,0.0,-0.0048044478216261,0.1000458073766236,-0.0679759509285001,4328,0.0885853717005656,0.0048044478216261,0.1680217583051237,SHAP_spat
0.02202991393446,-0.0304683891719934,0.0206858593375381,0.0,0.0035294085790057,-0.1006921186339782,0.049157544128623,1706,0.0731841624439916,0.0035294085790057,0.1498496627626012,SHAP_spat
0.017563425668073,-0.0620430682309736,-0.0331418266539636,0.0,-0.0050562235686318,0.1038188783176776,-0.0750635487448987,4617,0.1127483205530103,0.0050562235686318,0.1788824270625763,SHAP_spat
-0.0544366328909033,-0.0211447359494841,-0.0188520141804919,0.0,-0.0030299091674621,0.079906239310652,-0.0395922045218373,3790,0.0944333830208793,0.0030299091674621,0.1194984438324894,SHAP_spat
0.0325697436180642,-0.0218883703507275,0.0232195708797481,0.0,0.0052564163627197,-0.11946275058839,0.0582425636980668,1820,0.0776776848485399,0.0052564163627197,0.1777053142864569,SHAP_spat
-0.0495919339358388,-0.0209933958708788,-0.0216975551611946,0.0,-0.0034921360919804,0.0872521928031824,-0.0484101822546585,2562,0.0922828849679123,0.0034921360919804,0.1356623750578409,SHAP_spat
-0.0106280424678067,-0.0498691406640228,-0.0274960260904472,0.0,-0.0043098124207157,0.0926413175966956,-0.0563115146218745,2559,0.0879932092222768,0.0043098124207157,0.1489528322185702,SHAP_spat
-0.0400747909352576,-0.0373871790998003,-0.0173149545383433,0.0,-0.0027901353522702,0.0750577397998203,-0.0346381789179985,4208,0.0947769245734013,0.0027901353522702,0.1096959187178189,SHAP_spat
0.0320587689182066,0.0263248352918015,0.0263068340476164,0.0,0.0055798781844713,-0.1408894915530282,0.0713122396288202,1582,0.0846904382576246,0.0055798781844713,0.2122017311818484,SHAP_spat
-0.0434439413758977,-0.0278053302341364,-0.02151390574677,0.0,-0.0034580013447417,0.0856532525299295,-0.0463411537726395,2547,0.0927631773568042,0.0034580013447417,0.1319944063025691,SHAP_spat
0.0065641267183117,-0.0175359674397911,0.0195148140002472,0.0,0.0044465511849932,-0.0963919770899637,0.0460195765723651,319,0.0436149081583501,0.0044465511849932,0.1424115536623289,SHAP_spat
-0.0405149894309273,-0.034541758202471,-0.0192611484237972,0.0,-0.0031010236945228,0.0800985663280761,-0.0397522824145005,4321,0.0943178960571956,0.0031010236945228,0.1198508487425767,SHAP_spat
-0.0403161495483422,-0.0371941748824188,-0.0172504425268354,0.0,-0.0027797283419165,0.0749526856477006,-0.0345610951996675,3364,0.0947607669575965,0.0027797283419165,0.1095137808473682,SHAP_spat
0.0480262553167296,-0.0267660515388061,0.0245158861490803,0.0,0.0050721976455022,-0.128310390961208,0.0639952967158034,1763,0.0993081930046161,0.0050721976455022,0.1923056876770114,SHAP_spat
-0.0053815172161138,-0.0495934566283644,-0.030736424174301,0.0,-0.0027636213869662,0.0977270133351669,-0.0641632848119615,2843,0.0857113980187794,0.0027636213869662,0.1618902981471285,SHAP_spat
-0.0439901170581539,-0.0326971728806758,-0.0179546816192911,0.0,-0.0028818576372032,0.0777079301154452,-0.0373333572760295,4445,0.0946419715581209,0.0028818576372032,0.1150412873914747,SHAP_spat
-0.0525085052071373,-0.0220939259969963,-0.0192396456486551,0.0,-0.003095294889921,0.0829305459515954,-0.0431419660729906,2141,0.0938420768527889,0.003095294889921,0.126072512024586,SHAP_spat
-0.0008691834563842,-0.0074754776708406,0.0194668611281702,0.0,0.004347095550039,-0.0977587087162719,0.0462090975675471,213,0.0278115222553951,0.004347095550039,0.143967806283819,SHAP_spat
-0.0358642680348913,-0.0406618301752582,-0.018114182034554,0.0,-0.0029380836878142,0.0762660319344345,-0.0357884221699606,3497,0.0946402802447036,0.0029380836878142,0.1120544541043952,SHAP_spat
0.0606267884233808,-0.0328282968171696,0.0252619754995293,0.0,0.0052902894466939,-0.1337051992470306,0.0679984845826268,803,0.1187170607400797,0.0052902894466939,0.2017036838296574,SHAP_spat
-0.0389456716137883,-0.0389010333020412,-0.016907612502561,0.0,-0.0027330276253288,0.0737706580753486,-0.0334323440869474,4132,0.0947543174183906,0.0027330276253288,0.107203002162296,SHAP_spat
-0.0088324526321601,-0.0378855284005768,-0.0104114497288187,0.0,0.0011979725266447,-0.0132235639746054,0.0126043439312776,105,0.0571294307615557,0.0011979725266447,0.0258279079058831,SHAP_content
-0.0305646078487958,-0.0369950657950824,-0.0238297067427944,0.0,-0.0037992352640759,0.0874557211284551,-0.0488661493326036,3805,0.0913893803866727,0.0037992352640759,0.1363218704610588,SHAP_spat
-0.036990586132603,-0.0399644934745115,-0.0177721422900803,0.0,-0.0028779527992058,0.0756591563076144,-0.0351740018560364,2806,0.094727221897195,0.0028779527992058,0.1108331581636508,SHAP_spat
-0.0044251506004749,0.018894519987118,0.0219589504424541,0.0,0.0051027296164597,-0.1170444250087767,0.0551322342206119,1465,0.0452786210300472,0.0051027296164597,0.1721766592293886,SHAP_spat
-0.0417151619165973,-0.0354787981548104,-0.0175418860864217,0.0,-0.0028206045642104,0.0760462510070589,-0.0356388101874955,2953,0.0947358461578294,0.0028206045642104,0.1116850611945545,SHAP_spat
0.0496159133270093,0.8800655064850869,0.010782314285291,0.0,0.0022706169168216,-0.0356306684772981,0.035747060063563,565,0.9404637340973871,0.0022706169168216,0.0713777285408611,SHAP_content
-0.0456918701226337,-0.0305039872840112,-0.0183340283070928,0.0,-0.0029419420126994,0.0791272385390441,-0.0388027902739583,4686,0.0945298857137378,0.0029419420126994,0.1179300288130025,SHAP_spat
-0.041842693451187,-0.0353415706838377,-0.017582114755532,0.0,-0.0028337827195857,0.0761498089227011,-0.0356989047119322,4345,0.0947663788905568,0.0028337827195857,0.1118487136346333,SHAP_spat
-0.028081973424603,-0.0431520489278049,-0.0217769534587266,0.0,-0.0035092628356165,0.082794745084673,-0.0430967686560633,2524,0.0930109758111345,0.0035092628356165,0.1258915137407363,SHAP_spat
0.0669245743045583,-0.0831520332641037,0.0227192884236235,0.0,5.584479487040668e-07,-0.0885118393825924,0.0530311796302638,1474,0.1727958959922856,5.584479487040668e-07,0.1415430190128562,SHAP_content
-0.0390499734356785,-0.0334419360581131,-0.0209112085291754,0.0,-0.0033625234225821,0.083339289724529,-0.0435165263357987,3236,0.093403118022967,0.0033625234225821,0.1268558160603277,SHAP_spat
-0.0402358844623017,-0.037297755974428,-0.0172270392962174,0.0,-0.0027764076756822,0.0748748221544766,-0.0344866916877508,2829,0.0947606797329471,0.0027764076756822,0.1093615138422275,SHAP_spat
-0.0559619828322687,-0.0177167652288877,-0.0197183505807626,0.0,-0.0031753820392809,0.0845172825725624,-0.0450940588902786,2502,0.0933970986419191,0.0031753820392809,0.129611341462841,SHAP_spat
0.0675668848624292,-0.0511314083932748,0.0246244866983087,0.0,0.003905938286899,-0.1288245227113209,0.0662875408922868,317,0.1433227799540128,0.003905938286899,0.1951120636036077,SHAP_spat
-0.0004166172215539,-0.0148594023426457,0.0184239220063427,0.0,0.0041229066918416,-0.0904757459827767,0.0431819542287042,1200,0.0336999415705425,0.0041229066918416,0.1336577002114809,SHAP_spat
-0.0416782805585486,-0.0355412092210839,-0.0175182582667091,0.0,-0.0028173679069197,0.0759715193163011,-0.0355656607137394,2278,0.0947377480463417,0.0028173679069197,0.1115371800300406,SHAP_spat
0.0640614733447635,-0.0603989545324079,0.0236760780721965,0.0,0.0044227579910391,-0.1208089238336349,0.0624252994687875,652,0.148136505949368,0.0044227579910391,0.1832342233024225,SHAP_spat
0.0035761680919558,-0.0275832264688886,0.0172082546692646,0.0,0.0042293554334789,-0.0813221583439216,0.0398428912814776,70,0.0483676492301091,0.0042293554334789,0.1211650496253992,SHAP_spat
-0.0360681354117954,-0.0392314535477473,-0.01908028241184,0.0,-0.0030855666778936,0.0785662247960719,-0.038157276908011,2658,0.0943798713713827,0.0030855666778936,0.116723501704083,SHAP_spat
0.038830995750781,-0.0176712171195814,0.0242450445005672,0.0,0.0057167874809485,-0.1269788484100998,0.0625360052620545,1174,0.0807472573709297,0.0057167874809485,0.1895148536721544,SHAP_spat
0.0371425537445272,-0.0405204682801563,0.0222180770502677,0.0,0.0052602482066336,-0.1102833192483774,0.0546643328844622,1088,0.0998810990749513,0.0052602482066336,0.1649476521328397,SHAP_spat
-0.0151028457245773,-0.0465015764484424,-0.0269914422556567,0.0,-0.0042405067405225,0.0918600574345359,-0.0551045137598739,4667,0.0885958644286764,0.0042405067405225,0.1469645711944098,SHAP_spat
-0.0261355852019706,0.0262309208114519,0.0196872703071745,0.0,0.0042444894176387,-0.1039129619974523,0.0483878723367177,410,0.0720537763205972,0.0042444894176387,0.1523008343341701,SHAP_spat
-0.0390528319507913,-0.0376497686680726,-0.0180209624421882,0.0,-0.0029056445754026,0.0767165538037013,-0.0362109750146523,4064,0.0947235630610522,0.0029056445754026,0.1129275288183536,SHAP_spat
-0.0393523662373957,-0.0382716958926466,-0.0171558739601966,0.0,-0.0027685127935821,0.0744870958119184,-0.0340861138059503,4601,0.0947799360902391,0.0027685127935821,0.1085732096178687,SHAP_spat
-0.0236443714023887,-0.0424876715561683,-0.0246911731992842,0.0,-0.0039251728679352,0.0880894247536663,-0.0498128869478143,2386,0.0908232161578413,0.0039251728679352,0.1379023117014806,SHAP_spat
-0.0449338364811844,-0.0247130418874853,-0.0227007531708843,0.0,-0.0029747911476238,0.0881367084500464,-0.0495987924804844,2091,0.0923476315395542,0.0029747911476238,0.1377355009305308,SHAP_spat
0.0384758570996563,0.8919898390670277,0.0098761839985865,0.0,0.0023802951135789,-0.0324405788194228,0.0325691461410469,601,0.9403418801652704,0.0023802951135789,0.0650097249604697,SHAP_content
-0.0384107060770854,-0.0385856170297169,-0.0177621152181241,0.0,-0.0028673864787321,0.0759134696628057,-0.0354163942983118,3013,0.0947584383249265,0.0028673864787321,0.1113298639611176,SHAP_spat
-0.0490792215872435,-0.025652737959629,-0.0193225699990254,0.0,-0.0031036932047562,0.0823947840612014,-0.0423624372223019,2219,0.094054529545898,0.0031036932047562,0.1247572212835034,SHAP_spat
-0.0477371627449485,-0.0280651114715015,-0.0187186286048795,0.0,-0.0030036153596991,0.0796325875078826,-0.03925732672637,2465,0.0945209028213297,0.0030036153596991,0.1188899142342527,SHAP_spat
0.0097236385243598,0.1006911622486326,0.029681684857805,0.0,0.0070377254161578,-0.1491589928965764,0.0812716254182166,837,0.1400964856307975,0.0070377254161578,0.230430618314793,SHAP_spat
-0.0374010669036514,-0.0397185277941931,-0.0176355205577333,0.0,-0.0028535507072619,0.0753926329668493,-0.0349108454486818,3325,0.0947551152555779,0.0028535507072619,0.1103034784155311,SHAP_spat
0.0681670147622857,-0.0562094036978153,0.0243694681415093,0.0,0.0043340915698759,-0.1266733039744456,0.0654040938488872,624,0.1487458866016104,0.0043340915698759,0.1920773978233328,SHAP_spat
0.0402693421820164,-0.0496255919050814,0.0216959230806657,0.0,0.0046958119635056,-0.1056603032375929,0.0532693337098722,1627,0.1115908571677635,0.0046958119635056,0.1589296369474651,SHAP_spat
0.0633650057473186,-0.0457170178681271,0.0247085909818863,0.0,0.005331908962564,-0.1293943312412218,0.0660809273107324,806,0.1337906145973321,0.005331908962564,0.1954752585519543,SHAP_spat
-0.0113451895741664,-0.0510243357040961,-0.0266061579117938,0.0,-0.0041946372960377,0.0909460787196217,-0.0539210980435036,3115,0.0889756831900563,0.0041946372960377,0.1448671767631253,SHAP_spat
0.0116438535536067,-0.0185046363849693,0.0203687572780854,0.0,0.0044998414625483,-0.1010487556519332,0.0483765548333029,637,0.0505172472166614,0.0044998414625483,0.1494253104852362,SHAP_spat
0.063146725658923,-0.0257496090478512,0.0259040355765049,0.0,0.0059409193696273,-0.1382064919479273,0.0708018650682871,423,0.1148003702832792,0.0059409193696273,0.2090083570162145,SHAP_spat
-0.0227841743568421,-0.0416550062521533,0.002428264770666,0.0,-0.0015827870193117,0.120163385023678,-0.1031710883532411,1996,0.0668674453796614,0.0015827870193117,0.2233344733769192,SHAP_spat
-0.0063731488533094,-0.0507735404791359,-0.0289522668648733,0.0,-0.0044986718675602,0.0953860061676587,-0.0604202334941306,4472,0.0860989561973188,0.0044986718675602,0.1558062396617893,SHAP_spat
-0.0198671930226142,-0.0456874974577828,-0.0250196514365354,0.0,-0.0039747163168552,0.0883276928260686,-0.0501978146777336,2486,0.0905743419169324,0.0039747163168552,0.1385255075038023,SHAP_spat
0.011116118041929,0.0236739447540417,0.0240921729423409,0.0,0.0052350288808779,-0.1299923943562803,0.0629856142399152,150,0.0588822357383117,0.0052350288808779,0.1929780085961955,SHAP_spat
-0.0382701941830077,-0.0396338366618882,-0.016860140026788,0.0,-0.0027287449078578,0.0735044472526999,-0.0331594003059315,3109,0.094764170871684,0.0027287449078578,0.1066638475586314,SHAP_spat
0.0186430740138056,-0.0287172302180805,0.0203845418769017,0.0,0.0044438966357485,-0.0993280583767178,0.0482490665258619,1580,0.0677448461087879,0.0044438966357485,0.1475771249025797,SHAP_spat
0.0476424276857315,-0.045184479200588,0.0231503068621428,0.0,0.0049867155287924,-0.1167839319790634,0.0586389536438233,626,0.1159772137484624,0.0049867155287924,0.1754228856228868,SHAP_spat
-0.0525177173628021,-0.0245271436289013,0.0011461477307192,0.0,-0.0050474127804,0.1094369437941031,-0.0818370704087144,3002,0.0781910087224227,0.0050474127804,0.1912740142028175,SHAP_spat
-0.0166244713749214,-0.0451391744563012,-0.0269109635174684,0.0,-0.004228767737684,0.0918076400229526,-0.0550019181448127,3796,0.088674609348691,0.004228767737684,0.1468095581677653,SHAP_spat
0.069343129960232,-0.0543448768561558,0.0246432563451321,0.0,0.0050834983130316,-0.1289856612951655,0.0665748570630905,3481,0.1483312631615199,0.0050834983130316,0.1955605183582561,SHAP_spat
-0.1621953086314245,0.0986890059803456,0.0078607386189461,0.0,0.0020104053351149,-0.0296315326415014,0.0267746780587856,143,0.2687450532307163,0.0020104053351149,0.0564062107002871,SHAP_content
-0.0415460511487666,-0.032333670199786,-0.0200211011854885,0.0,-0.0032215317307971,0.0820825860644865,-0.0419882084126227,2574,0.0939008225340412,0.0032215317307971,0.1240707944771093,SHAP_spat
-0.0292534328840105,-0.0422983837248323,-0.0215793083208122,0.0,-0.0034777634654801,0.082579907368266,-0.0428152695100395,4014,0.0931311249296552,0.0034777634654801,0.1253951768783056,SHAP_spat
0.0253606326899693,-0.0320498184493195,0.021190968370158,0.0,0.0045991641260107,-0.1042914769867898,0.0508857748636211,1880,0.0786014195094469,0.0045991641260107,0.155177251850411,SHAP_spat
-0.020550069798138,-0.0437792975238371,-0.0256405512349123,0.0,-0.0040571055864279,0.0896308525886683,-0.0519279839230791,3452,0.0899699185568875,0.0040571055864279,0.1415588365117475,SHAP_spat
-0.0339292058426366,-0.0388581003300151,-0.0207897491986448,0.0,-0.0033504524599286,0.0818427267580431,-0.0418450274143872,3605,0.0935770553712966,0.0033504524599286,0.1236877541724303,SHAP_spat
-0.0523015263620943,-0.0223734159285912,-0.0191960974610241,0.0,-0.0030879912766173,0.0827938360926685,-0.0429840614016471,3342,0.0938710397517097,0.0030879912766173,0.1257778974943157,SHAP_spat
-0.0391884316429982,-0.0386123839763361,-0.0169536041267128,0.0,-0.0027388830792822,0.0739402817188009,-0.0335961407186497,4508,0.0947544197460473,0.0027388830792822,0.1075364224374506,SHAP_spat
-0.0394204882562781,-0.0368412394374547,-0.0183796965091753,0.0,-0.0029621138854833,0.0777054034204663,-0.0372133271739465,2171,0.0946414242029081,0.0029621138854833,0.1149187305944129,SHAP_spat
-0.0305532736115939,-0.0361501363296152,-0.0242700930044353,0.0,-0.0038620994793535,0.0883421227811259,-0.0500454394761427,2780,0.0909735029456446,0.0038620994793535,0.1383875622572687,SHAP_spat
0.0066573745112184,-0.0309425295967344,0.0172881951638628,0.0,0.0035612569643742,-0.0805620871341307,0.0398753960284459,2832,0.0548880992718157,0.0035612569643742,0.1204374831625767,SHAP_spat
-0.0403872396929092,-0.0371265130298128,-0.0172575850361829,0.0,-0.0027823547690368,0.0749560406786276,-0.034551605543721,4681,0.0947713377589049,0.0027823547690368,0.1095076462223487,SHAP_spat
-0.041885195674456,-0.0352846132620337,-0.01755959759323,0.0,-0.0028229281281382,0.0761363267118965,-0.0357332042564207,2230,0.0947294065297198,0.0028229281281382,0.1118695309683173,SHAP_spat
-0.0229968909790455,0.0720106860899896,0.0242075053631645,0.0,0.0052944238657292,-0.1338206111666543,0.0654327797304149,617,0.1192150824321998,0.0052944238657292,0.1992533908970692,SHAP_spat
0.0292798125829878,0.5958382377629691,0.0617253245966058,0.0,0.0087952617203515,-0.1115710205946003,0.1501763368240218,1324,0.6868433749425629,0.0087952617203515,0.2617473574186222,SHAP_content
0.0383201171255857,-0.0422362262533498,0.02218429828823,0.0,0.004813963739609,-0.1096786424088276,0.0545854649662146,690,0.1027406416671656,0.004813963739609,0.1642641073750423,SHAP_spat
-0.0579143699764909,-0.0141815330430409,-0.0206770057890478,0.0,-0.0033265684803664,0.0865482900620964,-0.0475590102796526,2288,0.0927729088085797,0.0033265684803664,0.134107300341749,SHAP_spat
-0.0384016722744161,-0.0386909979971437,-0.0176770176630875,0.0,-0.0028537123826637,0.0756898107262234,-0.0351977884768308,3302,0.0947696879346475,0.0028537123826637,0.1108875992030542,SHAP_spat
-0.0028827773656918,0.0266166812586148,0.0227270215223833,0.0,0.0043352615938822,-0.1225857410897995,0.058217714896657,1350,0.0522264801466899,0.0043352615938822,0.1808034559864565,SHAP_spat
0.0001482182524588,-0.051434955910106,-0.0311975522586892,0.0,-0.0047860272134078,0.0998578935969549,-0.0675256902268673,2729,0.0827807264212541,0.0047860272134078,0.1673835838238223,SHAP_spat
0.0435787176607312,-0.0544772921148757,0.0216814227873606,0.0,0.0047737513905148,-0.1052507798747004,0.0535961694243114,1187,0.1197374325629676,0.0047737513905148,0.1588469492990118,SHAP_spat
-0.0045882133699681,-0.0507331849270806,-0.0296950501092636,0.0,-0.0045935823797199,0.0968403339427604,-0.062660717898972,1191,0.0850164484063124,0.0045935823797199,0.1595010518417324,SHAP_spat
-0.0426162970637173,0.0155876570528909,0.0146623164052232,0.0,0.0031271754892214,-0.0728821677518416,0.0357018749874204,145,0.0728662705218315,0.0031271754892214,0.108584042739262,SHAP_spat
-0.0382231408103394,-0.0367549164742119,-0.01932208394864,0.0,-0.0031160653797323,0.0796455132791102,-0.039284451766156,3572,0.0943001412331913,0.0031160653797323,0.1189299650452663,SHAP_spat
-0.0350908083989765,-0.0384819776665495,-0.020277950762116,0.0,-0.0032708526262743,0.0810034544777469,-0.0408564733359361,4420,0.0938507368276421,0.0032708526262743,0.121859927813683,SHAP_spat
-0.0698902539328436,0.0012540251927504,-0.0225196420805505,0.0,-0.0035865833074981,0.0894285166716064,-0.0518072899809413,3742,0.0936639212061446,0.0035865833074981,0.1412358066525478,SHAP_spat
0.0629986295102288,-0.0186635910458863,0.0262823529141131,0.0,0.0057932311708131,-0.1405156292898226,0.0722712194404761,1762,0.1079445734702283,0.0057932311708131,0.2127868487302987,SHAP_spat
0.0064849207523469,-0.0198711483565386,0.0191285736568172,0.0,0.0041821630951344,-0.0936591272654437,0.0448953759942313,3800,0.0454846427657028,0.0041821630951344,0.1385545032596751,SHAP_spat
0.0341746674303983,-0.0020956517784254,0.0247358132126934,0.0,0.0052590097538092,-0.1313894482495262,0.0647522259843562,1834,0.0610061324215173,0.0052590097538092,0.1961416742338824,SHAP_spat
0.0161177553258406,-0.0632211296719823,0.0051438920399491,0.0,-0.0039576538944411,0.1300434905656723,-0.1229417762372645,4603,0.0844827770377722,0.0039576538944411,0.2529852668029368,SHAP_spat
0.0535267640908949,-0.0552639377648502,0.0229367667000453,0.0,0.0044335737885476,-0.1147188834574607,0.0585844208113835,1111,0.1317274685557906,0.0044335737885476,0.1733033042688442,SHAP_spat
-0.0421091003131271,-0.0350079198816747,-0.0176059152426701,0.0,-0.0028296516278064,0.0763132354187384,-0.0359098468164347,2127,0.094722935437472,0.0028296516278064,0.1122230822351731,SHAP_spat
-0.0328691361947025,-0.040904582833679,-0.0201390870475044,0.0,-0.0032564476385911,0.0802055686592703,-0.0400102211948009,2277,0.093912806075886,0.0032564476385911,0.1202157898540713,SHAP_spat
0.0537722124672517,-0.0626132975845015,0.0222748459341441,0.0,0.0047003965377038,-0.1095011740685569,0.0566662711086413,3795,0.1386603559858973,0.0047003965377038,0.1661674451771983,SHAP_spat
-0.0112171053061602,0.0455530635013714,0.0233102358600452,0.0,0.0043564466767972,-0.127739350035682,0.0612262104740573,2499,0.0800804046675769,0.0043564466767972,0.1889655605097394,SHAP_spat
0.0647856112641568,-0.0581857903555952,0.0239554647899398,0.0,0.0049341663101093,-0.123163893743234,0.0634839340168077,1824,0.1469268664096919,0.0049341663101093,0.1866478277600418,SHAP_spat
-0.0393046275414041,-0.0333081346072665,0.0013603797582217,0.0,-0.0053557684975609,0.1120482647383733,-0.0875324162597493,2788,0.0739731419068924,0.0053557684975609,0.1995806809981227,SHAP_spat
-0.0397297528887898,-0.0333586615061981,-0.0205398419527033,0.0,-0.0033044568946556,0.0827260418336483,-0.0427708959320502,4196,0.0936282563476913,0.0033044568946556,0.1254969377656986,SHAP_spat
-0.0141918096985621,-0.046281275444958,-0.0275181129235941,0.0,-0.004309589252373,0.0928451534332753,-0.0565190716628971,4386,0.0879911980671143,0.004309589252373,0.1493642250961725,SHAP_spat
-0.037232256541057,-0.0380583833365915,-0.0190957580567166,0.0,-0.0030837818488533,0.0788787836352304,-0.0384709742036652,3827,0.0943863979343652,0.0030837818488533,0.1173497578388956,SHAP_spat
-0.0317414000030752,-0.0401581053088969,-0.0213569306411613,0.0,-0.0034392952797174,0.0825818350544326,-0.0427590868924644,2492,0.0932564359531335,0.0034392952797174,0.1253409219468971,SHAP_spat
0.065110777028944,0.8619828712850683,0.0139476718278585,0.0,0.0028858741562071,-0.0392005441258124,0.0381062110347747,878,0.9410413201418708,0.0028858741562071,0.0773067551605871,SHAP_content
0.0319416200779762,-0.0355661345867896,0.0218936107829867,0.0,0.0047999918610019,-0.1085432058823612,0.0533426918408282,1455,0.0894013654477526,0.0047999918610019,0.1618858977231895,SHAP_spat
-0.0242361059473139,-0.0220456768135762,-0.0123548654653882,0.0,0.0007949708061376,-0.0107267246529183,0.0116839375221436,391,0.0586366482262784,0.0007949708061376,0.022410662175062,SHAP_content
-0.0263964707787445,-0.031113098765692,0.0026375009716879,0.0,-0.0023347106785425,0.1249457336021387,-0.1125892403358081,4182,0.0601470705161245,0.0023347106785425,0.2375349739379468,SHAP_spat
-0.0361554851242287,-0.0411747518280075,-0.0174143405394238,0.0,-0.0028273404259057,0.0746087305890639,-0.0341631721390302,2283,0.0947445774916602,0.0028273404259057,0.1087719027280941,SHAP_spat
-0.0376926320854244,-0.0391665463207017,-0.0178690752667866,0.0,-0.0028889562788449,0.0760438099671076,-0.0355474691232283,2714,0.0947282536729128,0.0028889562788449,0.111591279090336,SHAP_spat
-0.0421033830275758,-0.0350146102736727,-0.0176051291030266,0.0,-0.0028295458933678,0.0763095199012805,-0.0359060460650111,2958,0.0947231224042751,0.0028295458933678,0.1122155659662916,SHAP_spat
-0.0135023837335626,0.0817139534083819,0.0259569497255876,0.0,0.0070367887614175,-0.1403710344974635,0.0710766264735726,475,0.1211732868675321,0.0070367887614175,0.2114476609710361,SHAP_spat
0.0380293526441571,-0.0393758286775289,0.0223995217174163,0.0,0.0046872984902831,-0.1116242332565262,0.0553229974721746,1694,0.0998047030391024,0.0046872984902831,0.1669472307287009,SHAP_spat
0.0315206321455387,-0.0465677943895052,0.0205211241610295,0.0,0.0041387394277945,-0.097431979217568,0.0490356699796332,1295,0.0986095506960735,0.0041387394277945,0.1464676491972013,SHAP_spat
-0.0418261650030765,-0.0327795863562695,-0.0195519491230598,0.0,-0.0031458592620488,0.081113429521626,-0.0408723606117706,2092,0.0941577004824059,0.0031458592620488,0.1219857901333966,SHAP_spat
-0.0419545573843937,-0.0339746812369913,-0.0186346211679467,0.0,-0.0029948829664369,0.0789619554670137,-0.0385190655909176,3050,0.0945638597893318,0.0029948829664369,0.1174810210579313,SHAP_spat
0.001244145830294,-0.0241904162005224,0.017217018275248,0.0,0.0040899832648835,-0.0819470695893922,0.0399197243113163,1137,0.0426515803060645,0.0040899832648835,0.1218667939007086,SHAP_spat
-0.0390118613302729,-0.0384416975637083,-0.0173429653739131,0.0,-0.0027973960388709,0.0749102648813734,-0.0344595094738277,2072,0.0947965242678943,0.0027973960388709,0.1093697743552012,SHAP_spat
-0.0416811789638234,-0.025955779824238,-0.0235198593639697,0.0,-0.0037634228254934,0.0885776158765699,-0.0503116174699422,832,0.0911568181520312,0.0037634228254934,0.1388892333465122,SHAP_spat
0.015057862897939,-0.0416463077143025,0.0175780636466303,0.0,0.003803551114256,-0.0804437631453066,0.0406981327474844,591,0.0742822342588719,0.003803551114256,0.121141895892791,SHAP_spat
-0.038234714339502,-0.0398086817382296,-0.0166909439522159,0.0,-0.0027038405805707,0.0730759358247283,-0.0327870124074036,3592,0.0947343400299476,0.0027038405805707,0.1058629482321319,SHAP_spat
0.0132204190005227,-0.0377798369058346,0.0178678997275921,0.0,0.0043978103213435,-0.0831190899302861,0.0414235935248254,109,0.0688681556339496,0.0043978103213435,0.1245426834551116,SHAP_spat
0.0004198918959678,-0.055218988158074,-0.0298454671991072,0.0,-0.0046195605347436,0.0968672228295346,-0.0629289635364256,4318,0.0854843472531491,0.0046195605347436,0.1597961863659602,SHAP_spat
0.0534084944584221,-0.0482012491276046,0.0235589747500379,0.0,0.0049739586837666,-0.1199115305102144,0.0606687880302262,1052,0.1251687183360647,0.0049739586837666,0.1805803185404406,SHAP_spat
-0.0557202700473139,0.1292576152027303,0.025604828950608,0.0,0.0048615923119203,-0.1400365581288509,0.0714815329900634,1311,0.2105827142006522,0.0048615923119203,0.2115180911189143,SHAP_spat
0.0249701313111223,0.1318215583617028,0.0342089553994605,0.0,0.0096201034145259,-0.1530424950833096,0.090744178302005,668,0.1910006450722857,0.0096201034145259,0.2437866733853147,SHAP_spat
-0.0034545578005918,-0.0250813457389583,0.0157657638579017,0.0,0.0036867938705921,-0.0734080152327667,0.0364406114360538,253,0.0443016673974519,0.0036867938705921,0.1098486266688206,SHAP_spat
-0.0429144362456359,-0.033771789998497,-0.0180100902092605,0.0,-0.0028909633846482,0.0775602292646356,-0.0371176432298718,2690,0.0946963164533935,0.0028909633846482,0.1146778724945074,SHAP_spat
0.0641596059016738,-0.0236796608502298,0.0260627852998956,0.0,0.0054013055946089,-0.1392740112003156,0.0715425279728002,843,0.1139020520517993,0.0054013055946089,0.2108165391731159,SHAP_spat
-0.0223764627284131,-0.0392748767349193,-0.0268842995935062,0.0,-0.0042230676100431,0.0923475409599123,-0.0556911357578314,4159,0.0885356390568387,0.0042230676100431,0.1480386767177438,SHAP_spat
0.0081197485699963,-0.0585878537068079,-0.0312971035480254,0.0,-0.0048078048140905,0.1001442788364916,-0.0684123070239624,4509,0.0980047058248297,0.0048078048140905,0.1685565858604541,SHAP_spat
-0.0395447914602587,-0.038177129321923,-0.0170340521811931,0.0,-0.0027495551249814,0.0742242970816932,-0.0338680008235683,3374,0.0947559729633749,0.0027495551249814,0.1080922979052615,SHAP_spat
-0.0408175662727784,-0.036603939966095,-0.0173297681692137,0.0,-0.0027901809440217,0.0752800740907451,-0.0348878623365459,3394,0.0947512744080872,0.0027901809440217,0.1101679364272911,SHAP_spat
-0.0772165005753169,0.1557607309875965,0.0260635899666162,0.0,0.0062447500847731,-0.1409814305995703,0.0731669565261809,884,0.2590408215295298,0.0062447500847731,0.2141483871257513,SHAP_content
-0.0583591599752789,-0.0146165500782997,-0.0200826825204002,0.0,-0.0032336383141808,0.0855026335147935,-0.0463596000811947,4547,0.0930583925739789,0.0032336383141808,0.1318622335959883,SHAP_spat
0.0709091278896556,-0.0904197967411091,0.0228083930797824,0.0,0.0022149871201536,-0.0766420537360526,0.0512173492039895,3996,0.1841373177105472,0.0022149871201536,0.1278594029400422,SHAP_content
0.0086853714922004,0.0704416192809088,0.0271429121380052,0.0,0.006085216268499,-0.1442133874375057,0.0744749165217363,1879,0.1062699029111145,0.006085216268499,0.2186883039592421,SHAP_spat
0.0599668897213915,-0.0442569850755101,0.0244926851379353,0.0,0.0051071577692636,-0.1276060429489698,0.0648597091868629,1485,0.128716559934837,0.0051071577692636,0.1924657521358327,SHAP_spat
-0.045565744006964,-0.0307564736761715,-0.0182977448901806,0.0,-0.0029388117983231,0.0789692749690783,-0.0385597579966208,2417,0.0946199625733161,0.0029388117983231,0.1175290329656991,SHAP_spat
-0.0080463154677863,-0.0511516608169301,-0.0280666367666324,0.0,-0.0043850366727565,0.093691971126431,-0.0578880560636898,2737,0.0872646130513489,0.0043850366727565,0.1515800271901209,SHAP_spat
-0.0449119702124977,-0.0251715541590526,-0.022097576917642,0.0,-0.003550118045764,0.0870963465838274,-0.0482218698258937,2267,0.0921811012891923,0.003550118045764,0.1353182164097211,SHAP_spat
0.0126593907230252,-0.030629964758904,0.0188312179243749,0.0,0.0040539199305105,-0.0899308933130777,0.0439211521300817,4173,0.0621205734063042,0.0040539199305105,0.1338520454431595,SHAP_spat
-0.039493172382274,-0.0382419952808709,-0.0170223997135644,0.0,-0.0027483763005336,0.0741780980902626,-0.0338214117689991,3368,0.0947575673767093,0.0027483763005336,0.1079995098592618,SHAP_spat
-0.0404605173470351,-0.0343690864643909,-0.0194162594518774,0.0,-0.0031260158925636,0.0804418413608792,-0.0401327425393418,2808,0.0942458632633035,0.0031260158925636,0.1205745839002211,SHAP_spat
0.0023738676159474,-0.0342820591858016,0.0154280455994291,0.0,0.0034669509976736,-0.0702431093100493,0.0356511435654947,869,0.0520839724011783,0.0034669509976736,0.105894252875544,SHAP_spat
-0.0458963859756119,-0.0295806565128943,-0.0189031029122955,0.0,-0.0030332478191411,0.080624358339429,-0.0403385909213842,2468,0.0943801454008018,0.0030332478191411,0.1209629492608133,SHAP_spat
0.0639296125528033,-0.098084148062805,0.0228733928242961,0.0,-0.0053731465459292,-0.0090611606510846,0.0243422670118868,3893,0.1848871534399045,0.0053731465459292,0.0334034276629715,SHAP_content
0.0515008175946972,-0.0576838973298961,0.0224763720184802,0.0,0.0047701661526625,-0.1111407638268379,0.0569293831763885,450,0.1316610869430736,0.0047701661526625,0.1680701470032264,SHAP_spat
0.0654604963638507,-0.0484550269108276,0.024699794389687,0.0,0.0051263841402916,-0.129330624137484,0.066289412652918,1979,0.1386153176643654,0.0051263841402916,0.195620036790402,SHAP_spat
-0.0434783803160593,0.1798384908517052,0.0314357620428332,0.0,0.0089826456148943,-0.1485022920963619,0.0851688511058175,696,0.2547526332105978,0.0089826456148943,0.2336711432021795,SHAP_content
0.0362668548043437,-0.0614435070261733,-0.0172738491620971,0.0,0.002525495765312,-0.0458001297709868,0.0325607390659529,1741,0.1149842109926142,0.002525495765312,0.0783608688369398,SHAP_content
-0.0389685944192754,-0.0387342878222881,-0.0170765441625903,0.0,-0.0027580099602123,0.0742003721426937,-0.0338102797030924,3718,0.0947794264041539,0.0027580099602123,0.1080106518457862,SHAP_spat
0.011776620245564,-0.028136354306678,0.0190536274824591,0.0,0.0043279989880797,-0.0917156458976344,0.0445342990303626,811,0.0589666020347012,0.0043279989880797,0.136249944927997,SHAP_spat
-0.0143500747453133,-0.0515202681646768,-0.0248282702844842,0.0,-0.0039583279217008,0.0876266298216486,-0.0494056969778524,3284,0.0906986131944743,0.0039583279217008,0.137032326799501,SHAP_spat
-0.0388422097400757,-0.0389046041701371,-0.0170295162514114,0.0,-0.002751512650867,0.0740536584447513,-0.033673366013665,2189,0.0947763301616243,0.002751512650867,0.1077270244584163,SHAP_spat
0.0526062154943421,-0.0630063017875389,0.0221758356715306,0.0,0.0055642700999842,-0.1083058162089777,0.0561104161876984,505,0.1377883529534116,0.0055642700999842,0.1644162323966762,SHAP_spat
-0.0344011549932287,-0.0425328949033764,-0.0177237111546169,0.0,-0.002887259047192,0.0750540413969948,-0.0346156835649076,3303,0.0946577610512221,0.002887259047192,0.1096697249619025,SHAP_spat
0.0031859231483445,-0.0325358748150284,0.0161091635695874,0.0,0.003934854108065,-0.0743172679950295,0.037202623157457,405,0.0518309615329604,0.003934854108065,0.1115198911524865,SHAP_spat
-0.0080371793247543,-0.008692799460233,0.0177715278378942,0.0,0.004037695070212,-0.0878033373350532,0.0417592308611749,3640,0.0345015066228816,0.004037695070212,0.1295625681962282,SHAP_spat
0.0079780975331301,-0.0644266199664117,0.0130949547314549,0.0,-0.0004688286588303,0.0501099508466472,-0.0162030627044848,183,0.0854996722309968,0.0004688286588303,0.066313013551132,SHAP_content
-0.056246244643329,0.0327046727186184,0.0154642182512009,0.0,0.0036124892312555,-0.0783069017949247,0.0380395589161633,4608,0.1044151356131484,0.0036124892312555,0.1163464607110881,SHAP_spat
0.0254003310769903,-0.0499596012475674,0.0186788530536836,0.0,0.0035146358081393,-0.0854130645889669,0.0438768223136855,1876,0.0940387853782415,0.0035146358081393,0.1292898869026524,SHAP_spat
0.0111051182954424,-0.027433474408023,0.019039083401101,0.0,0.0045122915085421,-0.0918081124831552,0.044507114083788,609,0.0575776761045664,0.0045122915085421,0.1363152265669433,SHAP_spat
0.0193742342860714,-0.0624038953500427,-0.0334834485827139,0.0,-0.0051015825522293,0.1048869990935311,-0.0770409854237239,2674,0.1152615782188281,0.0051015825522293,0.181927984517255,SHAP_spat
0.0197777048371097,-0.0294355986869919,0.020479806455284,0.0,0.0043388417495528,-0.1001475506412622,0.0486348739638578,2033,0.0696931099793857,0.0043388417495528,0.1487824246051201,SHAP_spat
-0.0218056997130924,-0.0424907881188351,0.0020169385536211,0.0,-0.0058330316743267,0.1178441824825679,-0.099058842675394,3981,0.0663134263855487,0.0058330316743267,0.216903025157962,SHAP_spat
-0.0399809561409724,-0.0021809663466533,0.0108788359771417,0.0,0.0029025396718005,-0.0510969559109973,0.0277344746412652,1968,0.0530407584647675,0.0029025396718005,0.0788314305522626,SHAP_spat
0.054891522918463,-0.0476139161444756,0.0237683969119576,0.0,0.0050839586225203,-0.1216427359933355,0.0615879299037888,20,0.1262738359748962,0.0050839586225203,0.1832306658971244,SHAP_spat
-0.0394736650241453,-0.0382619044273359,-0.017020614283376,0.0,-0.0027478231387147,0.074173639738996,-0.0338188298072556,2218,0.0947561837348573,0.0027478231387147,0.1079924695462517,SHAP_spat
-0.0326874978033181,0.0005802245621666,0.00573436508385,0.0,-0.001920680790389,0.1372064162994418,-0.1321611234714091,2224,0.0390020874493348,0.001920680790389,0.269367539770851,SHAP_spat
0.0514943662584381,-0.0445744338767835,0.0236348746624001,0.0,0.0048744109041406,-0.120421020869581,0.0606803499287401,327,0.1197036747976219,0.0048744109041406,0.1811013707983211,SHAP_spat
-0.0233206088762931,-0.0381874463167083,0.0021732901571322,0.0,-0.0057006897964738,0.1200180162613878,-0.1031650515994318,3270,0.0636813453501337,0.0057006897964738,0.2231830678608197,SHAP_spat
0.0068563007341283,-0.0580795751251611,-0.0310559011534025,0.0,-0.0047761920217222,0.0996057932194589,-0.0674829104108415,2518,0.0959917770126921,0.0047761920217222,0.1670887036303005,SHAP_spat
-0.0010225334688295,0.0044277122864435,0.0209810865530067,0.0,0.004988758452261,-0.1089219758447475,0.0512000131208311,1874,0.0264313323082798,0.004988758452261,0.1601219889655787,SHAP_spat
-0.0260774969236888,-0.0438360196815419,-0.0225788571672911,0.0,-0.0036279538494435,0.0841424249277916,-0.0447592569510469,4362,0.0924923737725218,0.0036279538494435,0.1289016818788385,SHAP_spat
0.0464336521894842,-0.0371941116533384,0.0236142399252659,0.0,0.004652588338438,-0.1208642985892895,0.0602566425656561,1756,0.1072420037680886,0.004652588338438,0.1811209411549457,SHAP_spat
-0.0248263262252473,-0.0405541155995859,-0.0250589838959676,0.0,-0.0039745326855947,0.0889883142037386,-0.0509927647890313,2178,0.0904394257208009,0.0039745326855947,0.13998107899277,SHAP_spat
-0.0338244051420745,-0.0409313347398581,-0.0194553801713922,0.0,-0.0031510314495,0.0789060488394032,-0.038566692578173,3410,0.0942111200533248,0.0031510314495,0.1174727414175762,SHAP_spat
-0.050077103947699,-0.0241818979202967,-0.019598637390198,0.0,-0.0031501253509461,0.0832393193116167,-0.0433479417638216,4605,0.0938576392581938,0.0031501253509461,0.1265872610754383,SHAP_spat
0.0601699165890784,-0.0561036277085652,0.0236745130263359,0.0,0.0051526215963045,-0.1206364322833609,0.0618577472963317,489,0.1399480573239795,0.0051526215963045,0.1824941795796927,SHAP_spat
0.0655065057618285,-0.0531798711787484,0.024301583285426,0.0,0.0037350303830497,-0.1260107235655983,0.0647929129044352,606,0.142987960226003,0.0037350303830497,0.1908036364700336,SHAP_spat
0.0115816289884605,-0.028647960799725,0.0188770059099648,0.0,0.0039433005198836,-0.0905499662529258,0.0440612188586345,3212,0.0591065956981505,0.0039433005198836,0.1346111851115604,SHAP_spat
-0.0362379014939418,-0.0302612732584118,-0.0242011685119084,0.0,-0.0038554281614887,0.0893153273997139,-0.0513166964416872,2464,0.0907003432642621,0.0038554281614887,0.1406320238414011,SHAP_spat
0.0651334658415906,-0.0620587688251257,0.0236804615240096,0.0,0.0048189692001265,-0.1209278943864051,0.0626132842331404,1738,0.150872696190726,0.0048189692001265,0.1835411786195456,SHAP_spat
0.0090452690331336,-0.0073274685146739,0.0211917846950419,0.0,0.0044100474917273,-0.1083370792493967,0.0513745674563048,152,0.0375645222428495,0.0044100474917273,0.1597116467057015,SHAP_spat
0.0448068830661516,-0.0493190023344604,0.022410197773164,0.0,0.0047081613640414,-0.1104492011564066,0.0557767502944907,889,0.116536083173776,0.0047081613640414,0.1662259514508973,SHAP_spat
-0.0780495080598473,0.008741159623941,-0.0223098678918375,0.0,-0.0035738478114922,0.0898454051569148,-0.0518025984172055,4648,0.1091005355756258,0.0035738478114922,0.1416480035741203,SHAP_spat
-0.0256250372790801,-0.0421051086071395,-0.0238202796374546,0.0,-0.0038024171408553,0.0866024421383121,-0.04784191082922,3082,0.0915504255236743,0.0038024171408553,0.1344443529675322,SHAP_spat
0.0306735459045134,0.0010165195662967,0.0245363046974604,0.0,0.0046485279448392,-0.1305148881949753,0.0640298929935607,269,0.0562263701682706,0.0046485279448392,0.194544781188536,SHAP_spat
0.0175928208296443,-0.0043449303604046,0.0227348969691106,0.0,0.0050254268079971,-0.1185272097240684,0.0567544647292072,96,0.0446726481591596,0.0050254268079971,0.1752816744532757,SHAP_spat
-0.0404630161242786,-0.0369708245264251,-0.0173319983145588,0.0,-0.0027916903106107,0.0751952082154449,-0.034786035787766,3824,0.0947658389652626,0.0027916903106107,0.1099812440032109,SHAP_spat
-0.0338789625793224,-0.043017108480558,-0.0177415242835164,0.0,-0.0028933709345842,0.0750017408980358,-0.0345739101063621,3885,0.0946375953433969,0.0028933709345842,0.109575651004398,SHAP_spat
0.0519617498691835,-0.0564194196756718,0.0226522695357721,0.0,0.0046797778699889,-0.1125175025913683,0.0575147492603018,1799,0.1310334390806276,0.0046797778699889,0.1700322518516702,SHAP_spat
0.0654165130991886,-0.0469380701009659,0.0248139548299865,0.0,0.0054475298147661,-0.130222867154935,0.0667125735953821,1572,0.137168538030141,0.0054475298147661,0.1969354407503171,SHAP_spat
0.00158642949221,0.1033917377838031,0.0291929565597472,0.0,0.0081003350751497,-0.1478922913914614,0.0799755445119477,1067,0.1341711238357604,0.0081003350751497,0.2278678359034092,SHAP_spat
-0.0341248625439152,-0.0402978011670943,-0.019696538330841,0.0,-0.0031861019313388,0.0795054105596266,-0.0392096239837678,2760,0.0941192020418506,0.0031861019313388,0.1187150345433944,SHAP_spat
0.014449097400278,-0.0342863511102046,0.0186201733429057,0.0,0.0037078579635984,-0.0879605950587677,0.0433538260016457,715,0.0673556218533885,0.0037078579635984,0.1313144210604135,SHAP_spat
-0.0808037279105801,0.0078453364641604,0.0018446456704937,0.0,-0.0056265780657507,0.11381783476305,-0.0892549297134475,4059,0.0904937100452344,0.0056265780657507,0.2030727644764975,SHAP_spat
-0.0125768284386641,-0.0238405289162988,0.0132453331945241,0.0,0.0031697732054061,-0.0608866199404427,0.031301493659797,4665,0.0496626905494871,0.0031697732054061,0.0921881136002397,SHAP_spat
-0.0476521891380656,-0.0274461928024765,-0.0191194795662473,0.0,-0.0030692922723769,0.0815824069825173,-0.0414228644554437,4565,0.0942178615067896,0.0030692922723769,0.1230052714379611,SHAP_spat
0.0674998860193951,-0.0522440196285775,0.0246292171077432,0.0,0.0051660908507021,-0.1288267213713402,0.0662855248392275,1798,0.1443731227557159,0.0051660908507021,0.1951122462105678,SHAP_spat
-0.062142459152798,0.0311601029996547,0.0139465483581351,0.0,0.0037538952826847,-0.0692553401690312,0.0348382185787085,461,0.1072491105105878,0.0037538952826847,0.1040935587477397,SHAP_content
0.0140432880836761,-0.0602490308635326,-0.0326377366377867,0.0,-0.0049853515917421,0.1029336749783112,-0.0733378998849943,2944,0.1069300555849955,0.0049853515917421,0.1762715748633055,SHAP_spat
0.0587299341002284,-0.0533625327728558,0.0237048432221421,0.0,0.0047937974715873,-0.1210571783190736,0.0618211726143985,1795,0.1357973100952263,0.0047937974715873,0.1828783509334721,SHAP_spat
0.0434446753709351,-0.0598364517047008,0.0210080778977121,0.0,0.0045735236751782,-0.1000932991915563,0.0517511424135482,1869,0.124289204973348,0.0045735236751782,0.1518444416051046,SHAP_spat
0.0557429804041347,-0.0578700422869787,0.0230364606010554,0.0,0.0052718734365308,-0.1155480983675198,0.0592175751015408,1345,0.1366494832921689,0.0052718734365308,0.1747656734690608,SHAP_spat
0.003991498312243,0.0003943460721639,0.0212956382596182,0.0,0.0049670029356356,-0.11030625759629,0.0520337964785267,1214,0.0256814826440252,0.0049670029356356,0.1623400540748167,SHAP_spat
0.0691999303901067,-0.0366569193252306,0.0256829945586801,0.0,0.0049777965028354,-0.1369883670709373,0.0705903285240656,1372,0.1315398442740175,0.0049777965028354,0.207578695595003,SHAP_spat
0.0048628547932008,-0.0162382039625451,0.0193118223341561,0.0,0.0040670539784216,-0.0952397143263298,0.045463464752184,243,0.0404128810899022,0.0040670539784216,0.1407031790785138,SHAP_spat
-0.0379348388658375,-0.040059123806556,-0.0167608709454758,0.0,-0.0027155538867499,0.07318700707846,-0.0328646199490599,4039,0.0947548336178694,0.0027155538867499,0.10605162702752,SHAP_spat
-0.0293511126233371,-0.0431617908385579,-0.0209646106538179,0.0,-0.0033888836598775,0.0813029267326205,-0.0413335263338765,2799,0.093477514115713,0.0033888836598775,0.1226364530664971,SHAP_spat
0.0697051354971743,-0.0468473224057594,0.0251335039349933,0.0,0.0050136764967153,-0.1329424428337927,0.0684967104236893,1679,0.1416859618379272,0.0050136764967153,0.2014391532574821,SHAP_spat
-0.0420366644376637,-0.0350893481725312,-0.017600042949417,0.0,-0.0028289142137186,0.0762790534210151,-0.0358731763523266,3850,0.094726055559612,0.0028289142137186,0.1121522297733418,SHAP_spat
0.062913041582605,-0.0688020667924064,0.0228375158000041,0.0,0.0047637577713304,-0.1140284257384622,0.059674158022737,1312,0.1545526241750156,0.0047637577713304,0.1737025837611993,SHAP_spat
-0.009518828666286,-0.052365600652918,-0.026821555039976,0.0,-0.0042245612703713,0.0913234828682846,-0.0544938034190314,648,0.0887059843591801,0.0042245612703713,0.1458172862873161,SHAP_spat
-0.0015044121454767,-0.0232736260853957,0.0165560155097703,0.0,0.0033287816469035,-0.078326227765208,0.0383718753080091,3238,0.0413340537406429,0.0033287816469035,0.1166981030732172,SHAP_spat
-0.0373416590986467,-0.0342185514031,0.0014276954048636,0.0,-0.0054242718841924,0.1127673069475406,-0.0889709568221066,2643,0.0729879059066104,0.0054242718841924,0.2017382637696473,SHAP_spat
-0.0365082744091245,-0.0405399465143008,-0.0176792465274197,0.0,-0.0028664658180782,0.0753354469786719,-0.0348617818108496,4409,0.0947274674508451,0.0028664658180782,0.1101972287895216,SHAP_spat
0.0639628710551034,-0.0420643939306907,0.0249464974819168,0.0,0.0047055375870606,-0.1313056800099562,0.0670812321122478,155,0.1309737624677109,0.0047055375870606,0.1983869121222041,SHAP_spat
-0.0424800754254852,-0.0345552840188598,-0.0176748720421891,0.0,-0.0028397090259153,0.0765868322322744,-0.0361861481314543,3428,0.0947102314865342,0.0028397090259153,0.1127729803637287,SHAP_spat
-0.0490325605510836,-0.0273431250058092,-0.0182887274581081,0.0,-0.0029443277591101,0.0779820977275543,-0.0375226143529697,3453,0.0946644130150011,0.0029443277591101,0.1155047120805241,SHAP_spat
0.0424540658941295,0.8880417870844495,0.0100389988456573,0.0,0.0021275637583422,-0.0335871339074812,0.0337754609253759,1303,0.9405348518242364,0.0021275637583422,0.0673625948328572,SHAP_content
0.0691050830237445,-0.0231531028391492,0.0265074306706238,0.0,0.0061589542428735,-0.1420315400580976,0.0736920146148404,1150,0.1187656165335176,0.0061589542428735,0.215723554672938,SHAP_spat
-0.0404836948876847,-0.0362613968687897,-0.0179943042706261,0.0,-0.0028942304299523,0.0769551995194842,-0.0364546565793625,3047,0.0947393960271006,0.0028942304299523,0.1134098560988468,SHAP_spat
0.0502062757208649,-0.0491454924546288,0.0230986383628579,0.0,0.004742436032536,-0.1162345656853715,0.0587339453099836,1046,0.1224504065383517,0.004742436032536,0.1749685109953551,SHAP_spat
0.0666373664865147,-0.0445833816313422,0.0250550520398556,0.0,0.0054387600657908,-0.1322126884662776,0.0678106047896855,1640,0.1362758001577126,0.0054387600657908,0.2000232932559631,SHAP_spat
-0.0035565001845036,-0.0156526460116009,0.01763568430211,0.0,0.0043670523738965,-0.0858290941854726,0.0411617004546941,1306,0.0368448304982146,0.0043670523738965,0.1269907946401667,SHAP_spat
0.0633354003670704,-0.0566156440430612,0.0238832805698787,0.0,0.0042664058662674,-0.1225484162786416,0.0630356157866992,1927,0.1438343249800104,0.0042664058662674,0.1855840320653409,SHAP_spat
-0.0113544489125298,-0.0499407834543626,-0.027126077025944,0.0,-0.0042615887993008,0.0919470645650021,-0.0553126077930934,3439,0.0884213093928365,0.0042615887993008,0.1472596723580955,SHAP_spat
0.0015338094800097,-0.0529439244787887,-0.0311239699876222,0.0,-0.0047780609410187,0.0997043613090862,-0.0673474360515592,4121,0.0856017039464207,0.0047780609410187,0.1670517973606455,SHAP_spat
-0.0449919063187073,-0.031463231993767,-0.0181264890660983,0.0,-0.0029086958429859,0.0784181212934219,-0.0380770378172425,2244,0.0945816273785727,0.0029086958429859,0.1164951591106644,SHAP_spat
-0.0291402575268066,-0.0431458584234209,-0.0211117397272487,0.0,-0.0034107601985159,0.0815777680602364,-0.0416533701299642,3136,0.0933978556774763,0.0034107601985159,0.1232311381902006,SHAP_spat
0.0108916154827103,0.0677737799665208,0.02713074499805,0.0,0.0056500204591905,-0.1441243702779557,0.0744020978502721,15,0.1057961404472812,0.0056500204591905,0.2185264681282279,SHAP_spat
-0.0381681815706027,-0.0322304409496066,-0.0221256473512545,0.0,-0.0035485294680176,0.0856280565952772,-0.0463767303445288,3538,0.0925242698714639,0.0035485294680176,0.132004786939806,SHAP_spat
-0.0298077009325629,-0.0393362300343836,-0.0229909467297985,0.0,-0.0036796385231476,0.0856025610924071,-0.0464891333655998,2669,0.0921348776967451,0.0036796385231476,0.132091694458007,SHAP_spat
0.0373629678758115,-0.043867119609158,0.0218326690831487,0.0,0.0044202524370417,-0.1071497229185451,0.0534402520158867,1360,0.1030627565681182,0.0044202524370417,0.1605899749344319,SHAP_spat
0.0635482045282206,-0.0545365262269924,0.0241202949156568,0.0,0.0051574173848637,-0.1245178720212868,0.0639002993700574,1844,0.1422050256708699,0.0051574173848637,0.1884181713913442,SHAP_spat
-0.0360222357345631,-0.0392526046642535,-0.0190980287940843,0.0,-0.0030884663864892,0.0785943340855186,-0.0381882426532723,3098,0.094372869192901,0.0030884663864892,0.116782576738791,SHAP_spat
0.0235191434620115,-0.0381136174649745,0.0200758913697678,0.0,0.004233865033852,-0.0961960911982294,0.0474882765476473,1612,0.0817086522967539,0.004233865033852,0.1436843677458767,SHAP_spat
0.0173164954353655,0.0275080483785454,0.0249492372152021,0.0,0.0049479705948075,-0.1346219793556945,0.0662918685957015,497,0.0697737810291131,0.0049479705948075,0.200913847951396,SHAP_spat
-0.0331112141085304,-0.0389830190313702,-0.0212286292024907,0.0,-0.0034174941914297,0.0825964543018664,-0.0427455734476299,2840,0.0933228623423914,0.0034174941914297,0.1253420277494964,SHAP_spat
-0.0072322113342314,-0.0477122873562868,-0.0298728741758439,0.0,-0.0046143737801054,0.0972614608599923,-0.0632180244628732,4611,0.0848173728663621,0.0046143737801054,0.1604794853228656,SHAP_spat
0.0376457201519166,-0.0231784432343752,0.023680204435679,0.0,0.0048630134784592,-0.1225057285620211,0.0601639174898245,4673,0.0845043678219709,0.0048630134784592,0.1826696460518456,SHAP_spat
0.0049059087070495,-0.0569883836899771,-0.030777060854589,0.0,-0.0047385008795209,0.0990599217760738,-0.0665108517279676,3633,0.0926713532516157,0.0047385008795209,0.1655707735040415,SHAP_spat
-0.0539101257234378,0.0934151673218992,0.0230681456323022,0.0,0.0049590223481773,-0.1291543112037299,0.0624084506527528,1478,0.1703934386776393,0.0049590223481773,0.1915627618564828,SHAP_spat
0.0454749422867899,-0.0468937403959615,0.0227634018429212,0.0,0.0053490104009842,-0.1137582976594859,0.057122796972689,1095,0.1151320845256727,0.0053490104009842,0.170881094632175,SHAP_spat
0.0082711634800782,0.0338403282838497,0.0245679671213562,0.0,0.006041407389496,-0.1332317403023209,0.06508808244928,542,0.0666794588852842,0.006041407389496,0.1983198227516009,SHAP_spat
0.0208024714776161,-0.0318874314878255,0.0203776932714999,0.0,0.0044263546709652,-0.099102744513827,0.0483195313040842,4074,0.0730675962369416,0.0044263546709652,0.1474222758179112,SHAP_spat
-0.0697157012153016,0.1108096857887901,0.0232196702187775,0.0,0.0061838409687683,-0.1302020722514654,0.0634013200007095,431,0.2037450572228693,0.0061838409687683,0.193603392252175,SHAP_content
0.0223204299776403,-0.0269515739408793,0.0212499884651708,0.0,0.0045825685458427,-0.1052510037843344,0.0510171903143766,728,0.0705219923836905,0.0045825685458427,0.1562681940987111,SHAP_spat
-0.0190447097596142,-0.0490158354167702,-0.0236445445783128,0.0,-0.0037912719061201,0.0855455908692705,-0.0466495511708705,4412,0.0917050897546973,0.0037912719061201,0.132195142040141,SHAP_spat
-0.0380777784809401,-0.03811102839704,-0.0184246505522673,0.0,-0.002975267298791,0.0775022020815167,-0.0370145890383419,2561,0.0946134574302475,0.002975267298791,0.1145167911198587,SHAP_spat
0.0428538421316704,-0.0628673049285416,0.0203475502181029,0.0,0.0031468128368758,-0.0950361292341609,0.0499441015320567,1337,0.126068697278315,0.0031468128368758,0.1449802307662177,SHAP_spat
-0.0498221992352506,-0.023133777722623,-0.0203846837914304,0.0,-0.0032813011874394,0.0848410920985069,-0.0452754999347657,3606,0.0933406607493042,0.0032813011874394,0.1301165920332727,SHAP_spat
-0.036077641719229,-0.0398792436163939,-0.018579714813026,0.0,-0.0030086580971095,0.0774116960765024,-0.0369483727356921,2877,0.094536600148649,0.0030086580971095,0.1143600688121945,SHAP_spat
0.0102989408421939,-0.0476026760145124,0.0051398963321768,0.0,-0.0065754401652593,0.1347778780378214,-0.1316475853136638,4415,0.0630415131888832,0.0065754401652593,0.2664254633514853,SHAP_spat
-0.0725815308091041,0.1615952014052342,0.0268971941965274,0.0,0.0062274623692286,-0.1430367298997483,0.0754498217199232,1031,0.2610739264108658,0.0062274623692286,0.2184865516196715,SHAP_content
0.0683209683903852,-0.0534298616578286,0.0245794370715138,0.0,0.0045334820207946,-0.1284674401682614,0.0662136353719352,1110,0.1463302671197277,0.0045334820207946,0.1946810755401966,SHAP_spat
0.0620875232324693,-0.070165561465149,0.0225838311261129,0.0,0.0043791507464506,-0.1116476090734518,0.0587195453246381,1888,0.1548369158237313,0.0043791507464506,0.17036715439809,SHAP_spat
-0.0279554799056929,-0.0380136146579764,-0.0247020662180418,0.0,-0.0039234666633281,0.0887561892073963,-0.0506358721913447,3550,0.0906711607817112,0.0039234666633281,0.139392061398741,SHAP_spat
0.0711946250258256,-0.0486694504162431,0.0251661808192522,0.0,0.005423266715768,-0.1332240725093142,0.0687985311763633,1527,0.145030256261321,0.005423266715768,0.2020226036856775,SHAP_spat
0.0584513044791408,-0.0522193310556926,0.0237381527637197,0.0,0.0043401784115462,-0.1211785436489683,0.06185383867945,753,0.1344087882985533,0.0043401784115462,0.1830323823284184,SHAP_spat
-0.0406509429117629,-0.0356563898466465,-0.0183495900878375,0.0,-0.0029520466669745,0.077920923942782,-0.0374324323280972,3049,0.094656922846247,0.0029520466669745,0.1153533562708792,SHAP_spat
-0.0400652815199951,-0.0375346743861106,-0.0171567772821533,0.0,-0.0027662128430196,0.0746572669072429,-0.0342835753424657,2628,0.094756733188259,0.0027662128430196,0.1089408422497087,SHAP_spat
-0.0367186957368317,0.0997295402537268,0.0250333424152327,0.0,0.005430402963443,-0.1378937588506466,0.0689989540856088,562,0.1614815784057914,0.005430402963443,0.2068927129362554,SHAP_spat
-0.0648277982932589,-0.005914283383616,-0.0213113325795072,0.0,-0.0034177970193651,0.0878527556026245,-0.049522513772216,3562,0.0920534142563821,0.0034177970193651,0.1373752693748406,SHAP_spat
-0.0278178975064694,-0.0029154089123173,0.0142478730246044,0.0,0.0040878650869962,-0.0689609436253138,0.0340752202271622,252,0.0449811794433911,0.0040878650869962,0.1030361638524761,SHAP_spat
-0.0640771856117583,-0.006875031950629,-0.0211995243238462,0.0,-0.0034020797349448,0.0876809583532066,-0.0492669650394396,2516,0.0921517418862337,0.0034020797349448,0.1369479233926463,SHAP_spat
-0.0407611329110873,-0.0361512464225827,-0.0178481953833891,0.0,-0.0028695176377854,0.0766235849416911,-0.0361326655695741,2962,0.0947605747170592,0.0028695176377854,0.1127562505112653,SHAP_spat
-0.0479935662556484,-0.0285876654209258,-0.0181347812603964,0.0,-0.0029229922881544,0.0776322359085651,-0.0371424880829665,4453,0.0947160129369708,0.0029229922881544,0.1147747239915317,SHAP_spat
0.0373567708084719,-0.0250556691548265,0.0235110383987621,0.0,0.0048438770779913,-0.1210984178690312,0.059458508394309,1202,0.0859234783620605,0.0048438770779913,0.1805569262633402,SHAP_spat
0.0283816536686111,-0.0395605476852444,0.0207557559133054,0.0,0.0037677371290925,-0.1001932393960405,0.0496161371867048,3462,0.088697957267161,0.0037677371290925,0.1498093765827453,SHAP_spat
0.035445925789234,-0.0416884205986077,0.0218026924665429,0.0,0.0047939158532331,-0.1072114190680248,0.0532193293019695,2797,0.0989370388543847,0.0047939158532331,0.1604307483699944,SHAP_spat
-0.032783094693033,-0.0430124876432121,-0.0186430879624509,0.0,-0.0030346141018899,0.0768738749250582,-0.0364610354584523,4225,0.0944386702986961,0.0030346141018899,0.1133349103835105,SHAP_spat
-0.05533290496928,0.0390284357622452,0.0169013543661887,0.0,0.0041884582940096,-0.0874171437863717,0.0415499975250748,144,0.111262695097714,0.0041884582940096,0.1289671413114465,SHAP_spat
-0.0305155889571165,-0.0417072881832486,-0.0211559066087137,0.0,-0.0034130424263183,0.0819170056634504,-0.0420108860737462,2895,0.0933787837490789,0.0034130424263183,0.1239278917371966,SHAP_spat
-0.0403910283734846,-0.0366919269319205,-0.0176947851677366,0.0,-0.0028465706945575,0.0761318443824832,-0.0356489939128539,2763,0.0947777404731417,0.0028465706945575,0.1117808382953372,SHAP_spat
0.068163158968902,-0.0569215725924776,0.0243777620388585,0.0,0.0052180910811211,-0.1267689744730261,0.0654446364049843,905,0.1494624936002383,0.0052180910811211,0.1922136108780105,SHAP_spat
-0.0556466588090033,-0.0215409158673302,-0.0176256501874318,0.0,-0.0028371067924469,0.0761343014496165,-0.0356332271929309,3980,0.0948132248637654,0.0028371067924469,0.1117675286425474,SHAP_spat
0.0171411853285374,-0.0649191762138533,0.0051755488092895,0.0,-0.0026587638469839,0.1306569160511429,-0.1245948350384549,235,0.0872359103516803,0.0026587638469839,0.2552517510895979,SHAP_spat
