AE_safe_err,AE_risk_err,label_content,prob_safe_rel,prob_risk_rel,prob_safe_spat,prob_risk_spat,user_id,SHAP_content,SHAP_rel,SHAP_spat,dominant_perspective,true_label,predicted_label,correct
0.0059159594526334,0.0624350454944318,0.0733297269962549,0.1515001764648726,0.0494102903300719,0.1367553508909241,-0.0008357623656768,2598,0.1416807319433203,0.2009104667949446,0.137591113256601,SHAP_rel,0,1,False
-0.0192121446620717,-0.0398547434745399,-0.0588704432710739,-0.1372088851764843,-0.0469570238212167,-0.1177565549839332,0.0003045555628791,3140,0.1179373314076856,0.1841659089977011,0.1180611105468124,SHAP_rel,0,0,True
-0.0045555277375857,0.1415567821066473,0.0666439267528198,0.1390041057784997,0.0453332294521498,0.1275796880760185,-0.0007693546345191,989,0.2127562365970529,0.1843373352306496,0.1283490427105376,SHAP_content,1,1,True
0.016828357379041,0.1111834739071893,0.0678231670292359,0.1416572133496048,0.0461049022088714,0.1299563915016395,-0.0007799417372526,923,0.1958349983154663,0.1877621155584762,0.1307363332388922,SHAP_content,1,1,True
-0.0222952416147593,0.0370028972356092,-0.076384571486729,-0.0549005873159372,0.0081667441114605,-0.138023075699141,0.0004379607371187,3272,0.1356827103370977,0.0630673314273978,0.1384610364362598,SHAP_spat,0,0,True
0.0267794062463298,0.0645571756570024,0.0713551880890237,0.1484322609599412,0.0482596917297424,0.1363578483753261,-0.0008167971109616,2397,0.162691769992356,0.1966919526896836,0.1371746454862877,SHAP_rel,0,1,False
-0.0075679173632302,0.1351998499525001,0.0681252931218505,0.1412898793905264,0.0461796339112555,0.1262641020474866,-0.0007783802891859,2044,0.2108930604375808,0.1874695133017819,0.1270424823366725,SHAP_content,1,1,True
-0.0073940353315059,0.1524838236558826,0.0657466681519787,0.1370346041384729,0.0447662354332971,0.1256061887624008,-0.000729444563921,1980,0.2256245271393673,0.1818008395717701,0.1263356333263218,SHAP_content,1,1,True
-0.0076314367926903,0.1459972556967378,0.0665494517216548,0.1388003489053587,0.0452712851596464,0.1264692217637562,-0.0007661542773157,249,0.220178144211083,0.1840716340650051,0.127235376041072,SHAP_content,1,1,True
0.0025546041851243,0.1181350530013442,0.068453819363378,0.1427858504140749,0.046466654391028,0.1308734704361607,-0.0007861708790684,1056,0.1891434765498466,0.1892525048051029,0.1316596413152292,SHAP_rel,1,1,True
0.006332734473848,0.0860975571537301,0.0711548368190637,0.1478998241444961,0.0481182295253411,0.1357389163724368,-0.0008166756625065,2683,0.1635851284466419,0.1960180536698372,0.1365555920349433,SHAP_rel,0,1,False
-0.0074074891868184,0.140077206026408,0.0670775514905829,0.1398086968293591,0.0455897621375375,0.128433614804986,-0.0007740091880606,1346,0.2145622467038093,0.1853984589668966,0.1292076239930466,SHAP_content,1,1,True
-0.0234970391868125,-0.1257425451499543,-0.0452002007014872,-0.1008331891734906,-0.0367602468367799,-0.0875949267154072,7.290793749104713e-05,4297,0.194439785038254,0.1375934360102705,0.0876678346528982,SHAP_content,0,0,True
-0.264464061513166,0.0360779929928526,-0.0310061516424286,-0.072475366078561,-0.0255804863133733,-0.0621087860380565,1.6187662924011664e-06,2366,0.3315482061484472,0.0980558523919344,0.0621104048043489,SHAP_content,0,0,True
-0.0165617786131886,-0.1358572330802147,-0.044770330033398,-0.0995170399897198,-0.0364225613797482,-0.0864738708228271,4.75740926561951e-05,3950,0.1971893417268014,0.1359396013694681,0.0865214449154833,SHAP_content,0,0,True
-0.0247410747000195,-0.177269233160763,-0.0361949257136189,-0.0811069243999996,-0.0297433052944197,-0.0704204396105237,-7.933694709623927e-05,2591,0.2382052335744015,0.1108502296944193,0.07049977655762,SHAP_content,0,0,True
-0.0224857253661334,-0.1522480704569525,-0.041217604299475,-0.0908515174835254,-0.0334593557494337,-0.0792757614083543,-1.7205062566239687e-05,3653,0.215951400122561,0.1243108732329592,0.0792929664709206,SHAP_content,0,0,True
0.006733736963055,0.0677301711986904,0.0731491955363944,0.1513678752373727,0.0493163891031539,0.1333708122922551,-0.0008322158747219,355,0.14761310369814,0.2006842643405267,0.134203028166977,SHAP_rel,1,1,True
0.0032405555668686,0.1282788240063402,0.0673165764291548,0.1404324816575363,0.0457602447396853,0.1290483818974435,-0.0007737345759357,744,0.1988359560023636,0.1861927263972217,0.1298221164733792,SHAP_content,1,1,True
-0.0169225018972399,-0.0875446746887506,-0.0513141840040861,-0.1196307398014413,-0.04123141793553,-0.1030935271682239,0.0001818056688311,3097,0.1557813605900766,0.1608621577369715,0.103275332837055,SHAP_rel,0,0,True
-0.0195713387980524,-0.1334455090476909,-0.0446791021039798,-0.0992272195202697,-0.0363508808803522,-0.0863287580297107,4.756855361518625e-05,2541,0.1976959499497232,0.135578100400622,0.0863763265833258,SHAP_content,0,0,True
0.0175595552378024,-0.2002212996069963,0.0292382498892644,-0.0705103755922367,-0.0029809662081922,-0.1192151924921199,0.0002250354321052,3012,0.2470191047340632,0.0734913418004289,0.1194402279242251,SHAP_content,0,0,True
-0.0078738931727463,0.1396242071517877,0.0671919064388743,0.1400379338165568,0.0456886925396642,0.1282890536341638,-0.0007238184098331,844,0.2146900067634084,0.1857266263562211,0.129012872043997,SHAP_content,1,1,True
-0.006986102448865,0.1411568664205924,0.0670057357024135,0.139763258541535,0.0455528935671207,0.1274169317306063,-0.0007724315419438,723,0.2151487045718709,0.1853161521086558,0.1281893632725502,SHAP_content,1,1,True
-0.0224291822266586,-0.0865816698110484,-0.0504858579794388,-0.1177409577874599,-0.0408472894009956,-0.101644899132861,0.000174616512022,2228,0.159496710017146,0.1585882471884556,0.1018195156448831,SHAP_content,0,0,True
0.0091638036735269,0.0930066087163895,0.0702947713635151,0.1464009054379448,0.0476052191414471,0.1343381210654264,-0.0008071741820091,1976,0.1724651837534316,0.194006124579392,0.1351452952474355,SHAP_rel,1,1,True
-0.0173603303588793,-0.1096615057629089,-0.0481317666004899,-0.1101463030670946,-0.0391032363757979,-0.0952792867286618,0.0001271890673919,2955,0.1751536027222782,0.1492495394428926,0.0954064757960538,SHAP_content,0,0,True
0.0548286632929174,0.1096959919947687,0.0639469355012157,0.1339462564124593,0.0437550451627799,0.1228632240769941,-0.0007379866292522,244,0.2284715907889019,0.1777013015752392,0.1236012107062464,SHAP_content,1,1,True
-0.024165328468063,-0.129318589366529,-0.0446017987835442,-0.0989929465777462,-0.0362798419292306,-0.086247759586067,5.1024884739439905e-05,2214,0.1980857166181363,0.1352727885069768,0.0862987844708065,SHAP_content,0,0,True
-0.0073978618894754,0.1484201101885133,0.0662549423386919,0.1374507711865894,0.04504361652064,0.1266955041020132,-0.0007595397742199,1298,0.2220729144166807,0.1824943877072294,0.1274550438762332,SHAP_content,1,1,True
-0.005917497380326,0.1414890379865344,0.0667822917525967,0.1392198992517467,0.0454116826963921,0.1278919192558775,-0.0007708312533795,717,0.2141888271194572,0.1846315819481389,0.1286627505092571,SHAP_content,1,1,True
0.0031755715151805,0.0768602711430618,0.0674410994136262,-0.1474181257303626,-0.0527212391676203,0.0007461234572831,-0.0001710769723923,3648,0.1474769420718686,0.200139364897983,0.0009172004296754,SHAP_rel,0,0,True
0.0437849536919079,0.0407413329627099,0.0676664801214244,0.1422516584957373,0.0926686563124613,0.0876243155277999,0.013815401889295,392,0.1521927667760423,0.2349203148081987,0.101439717417095,SHAP_rel,1,1,True
-0.0054820258550874,0.1265090135119943,0.0683204580223897,0.1424044779115135,0.0463653734641238,0.1306765559788882,-0.0007844886523893,1746,0.2003114973894716,0.1887698513756373,0.1314610446312775,SHAP_content,1,1,True
-0.0186967774929833,-0.0655048776572304,-0.0546571013215662,-0.1276567547643291,-0.043468366610108,-0.1098393487783503,0.0002679867981267,3292,0.13885875647178,0.1711251213744371,0.1101073355764771,SHAP_rel,0,0,True
-0.0234251915409362,-0.1511942778692713,-0.0412414812427457,-0.0908975980438269,-0.0334574691163974,-0.0793231555252624,-1.6066488000520546e-05,4523,0.2158609506529533,0.1243550671602244,0.0793392220132629,SHAP_content,0,0,True
-0.0075794477977654,0.149392145198193,0.0660476768138331,0.1376830178869089,0.0449843075961938,0.1265410734725938,-0.0007093941019404,1258,0.2230192698097917,0.1826673254831028,0.1272504675745343,SHAP_content,1,1,True
-0.0406575461993481,-0.1829296771670868,-0.0317920737588955,-0.0740928262108493,-0.02620275833267,-0.0637020642098837,-0.0001782939477069,2988,0.2553792971253306,0.1002955845435194,0.0638803581575907,SHAP_content,0,0,True
-0.1712840249070319,-0.0561343207462424,-0.0310325975923222,-0.0724006028842691,-0.0259112393328188,-0.062270812054464,-0.0005216423092919,3106,0.2584509432455966,0.0983118422170879,0.062792454363756,SHAP_content,0,0,True
0.0192780366206006,0.0993961768608008,0.068777982955621,0.1436473990310693,0.0467008778227582,0.131803855403149,-0.0007907188406125,85,0.1874521964370224,0.1903482768538275,0.1325945742437616,SHAP_rel,1,1,True
-0.0061494007689349,0.147793283334179,0.0661057476368955,0.1379062035703322,0.0450090973708069,0.1264757028065533,-0.0007584859075113,746,0.2200484317400095,0.1829153009411391,0.1272341887140646,SHAP_content,1,1,True
0.0297591344283985,0.0809011623466476,0.0696244598361441,0.145352546724003,0.0472302102395111,0.1334193840251703,-0.0008005978317842,1180,0.1802847566111903,0.1925827569635141,0.1342199818569545,SHAP_rel,1,1,True
-0.0222273847651889,-0.0004281756407803,-0.062559820601894,-0.1459555448840283,-0.0500029043909383,-0.1246034617337309,0.0003793680180263,3964,0.0852153810078632,0.1959584492749666,0.1249828297517572,SHAP_rel,0,0,True
0.0180554124837121,0.0781192541923371,0.0708825073347737,0.1475165208882341,0.0479715207070111,0.1356534356934329,-0.00081441089573,1315,0.167057174010823,0.1954880415952453,0.1364678465891629,SHAP_rel,1,1,True
-0.016728176183799,-0.0971515632564689,-0.0497748578836077,-0.115712482994145,-0.040415606451254,-0.0999283042659073,0.0001557512087414,2090,0.1636545973238757,0.1561280894453991,0.1000840554746488,SHAP_content,0,0,True
-0.0064487231360484,0.1386935295581462,0.0671379492777355,0.1399818080810476,0.0456312197224192,0.1284952899348879,-0.0007746110495534,1101,0.2122802019719302,0.1856130278034669,0.1292699009844413,SHAP_content,1,1,True
0.0055671321927966,0.1195929696142138,0.0680036066203777,0.1419332418011589,0.0461960417741376,0.1302832718129669,-0.0007813955699315,912,0.1931637084273881,0.1881292835752966,0.1310646673828985,SHAP_content,1,1,True
-0.0054053450295523,0.1416211754691654,0.0739848483086431,0.1247130708082445,0.0474203021768036,0.0980763009618524,-0.000625814172794,3435,0.2210113688073609,0.1721333729850482,0.0987021151346465,SHAP_content,0,1,False
-0.0001576962911388,0.1325925611524976,0.0672031503161859,0.1401905007570805,0.0456843619312913,0.1285815724057278,-0.0007720470642227,962,0.1999534077598223,0.1858748626883719,0.1293536194699505,SHAP_content,1,1,True
-0.0049589622897938,0.1463550649137636,0.0661465497291425,0.1379793424846693,0.0450299630563794,0.1266558594661543,-0.0007620711620187,554,0.2174605769327,0.1830093055410488,0.127417930628173,SHAP_content,1,1,True
-0.002301937049388,0.1306943147581603,0.0676223274123455,0.140974622811989,0.0459360538415522,0.129247143216919,-0.0007766035079423,265,0.2006185792198939,0.1869106766535412,0.1300237467248614,SHAP_content,1,1,True
-0.0242293744156402,-0.1614311512613312,-0.0392610738380767,-0.0868460447471699,-0.0319875181329857,-0.0757471484368156,-5.292899442082416e-05,3029,0.2249215995150482,0.1188335628801557,0.0758000774312365,SHAP_content,0,0,True
-0.0170323272127479,-0.0839907698076041,-0.0518837471545806,-0.1209973324415096,-0.0415099780654667,-0.1043303605341796,0.000189275389648,2428,0.1529068441749327,0.1625073105069764,0.1045196359238277,SHAP_rel,0,0,True
-0.0176472608696313,-0.0734903939804949,-0.0535201885716634,-0.12494740389242,-0.0425868020916158,-0.1076047934639999,0.0002416030433849,3051,0.1446578434217897,0.1675342059840359,0.1078463965073849,SHAP_rel,0,0,True
-0.0525407619697175,-0.1732867339511533,-0.0314180198930026,-0.0727904033425396,-0.0261886984178619,-0.0626692724700219,-0.0006613497821436,4588,0.2572455158138734,0.0989791017604015,0.0633306222521655,SHAP_content,0,0,True
-0.0217995353170583,-0.1144784296856795,-0.0469302132929276,-0.1062358960164931,-0.0381373806571188,-0.0920820162367918,0.0001082313796283,3086,0.1832081782956655,0.144373276673612,0.0921902476164201,SHAP_content,0,0,True
-0.0219322687126917,-0.1430242734148077,-0.0428248298915014,-0.0944994541642788,-0.0348195160978384,-0.0824653945518879,1.049700656550849e-05,2557,0.207781372019001,0.1293189702621173,0.0824758915584534,SHAP_content,0,0,True
-0.0178065553538367,-0.0446652600558341,-0.058326826902062,-0.1360024147298675,-0.0464840838233497,-0.1165686554950218,0.0002985565335312,3139,0.120798642311733,0.1824864985532172,0.116867212028553,SHAP_rel,0,0,True
-0.0242614682502378,-0.1471359436166738,-0.0417584439097859,-0.0920942441845268,-0.0339326294799601,-0.0803659922529588,-6.518132297229223e-06,2069,0.2131558557766976,0.126026873664487,0.080372510385256,SHAP_content,0,0,True
0.0020059639123224,0.1169661909261985,0.0685981206972417,0.1430472419480127,0.046553510456745,0.1313720384653924,-0.0007879754390922,106,0.1875702755357627,0.1896007524047578,0.1321600139044847,SHAP_rel,1,1,True
-0.0100984433595134,-0.1106760841863273,-0.0489301086837159,-0.1128424017926721,-0.0397696824748113,-0.0973759029452422,0.0001373836158419,3602,0.1697046362295568,0.1526120842674835,0.0975132865610842,SHAP_content,0,0,True
0.0039495522574121,0.1131348483738088,0.0691531536720604,0.1442011623567502,0.0468961473497163,0.1290258608899921,-0.0007910978382542,2007,0.1862375543032814,0.1910973097064665,0.1298169587282464,SHAP_rel,1,1,True
-0.0073226567501916,0.141028212568279,0.067001990211684,0.1396071429605196,0.0455399441432119,0.1280211181102231,-0.000772931547658,437,0.2153528595301546,0.1851470871037315,0.1287940496578812,SHAP_content,1,1,True
0.0041850740037681,0.1069782280686443,0.0694432981700769,0.1447886519401467,0.0470802765231402,0.1323269211889377,-0.000796908316779,1800,0.1806066002424895,0.1918689284632869,0.1331238295057167,SHAP_rel,1,1,True
0.0118623993136878,0.0478642349389957,0.073721017761555,0.1519080634698537,0.0496100635243845,0.1401885027315112,-0.0008413900033615,2235,0.1334476520142386,0.2015181269942383,0.1410298927348727,SHAP_rel,0,1,False
-0.0224868263035479,-0.0920635690224755,-0.0496864860723504,-0.1154175240554004,-0.0403454089696918,-0.0997126746827824,0.000157249279808,3543,0.164236881398374,0.1557629330250922,0.0998699239625905,SHAP_content,0,0,True
0.0089046280201785,0.0763448514948554,0.0717700078652817,0.1488697165136801,0.0484833550528578,0.1371275598202788,-0.0008239042956736,3062,0.1570194873803157,0.1973530715665379,0.1379514641159525,SHAP_rel,0,1,False
0.002323447226458,0.1075813065353514,0.0695156269873536,0.1447670638389619,0.0471116891555222,0.1328902075584711,-0.0007981447978832,2212,0.1794203807491631,0.1918787529944841,0.1336883523563543,SHAP_rel,0,1,False
-0.0246159380880806,-0.1641082198826285,-0.0386541979108005,-0.0857467825760443,-0.0316293080486357,-0.0747390046967193,-6.178862353166219e-05,2441,0.2273783558815097,0.11737609062468,0.074800793320251,SHAP_content,0,0,True
-0.0052524549675042,0.1457369498896546,0.0663519995368217,0.1384730575764995,0.0451582255227314,0.1260107715179967,-0.0007640326600078,4572,0.2173414043939807,0.183631283099231,0.1267748041780045,SHAP_content,0,1,False
0.0056141252065784,0.1243142763591769,0.0675565246652279,0.1410000674368902,0.0459168449787511,0.1290268697084947,-0.0007760229363948,170,0.1974849262309833,0.1869169124156414,0.1298028926448896,SHAP_content,1,1,True
-0.0211450510466516,-0.0352873543939288,-0.0593181816869459,-0.1382715748023751,-0.047420166398077,-0.1184197726336506,0.0003068611351884,4139,0.1157505871275264,0.1856917412004522,0.118726633768839,SHAP_rel,0,0,True
0.0049212099836387,-0.0658086346430216,-0.0521897931953093,0.1115675662145506,0.0861232805985824,0.0470372817545375,0.0174939078463108,4431,0.1229196378219697,0.1976908468131331,0.0645311896008484,SHAP_rel,0,1,False
0.008450514657157,0.1235247078358327,0.0673310020991733,0.1406853035890631,0.0457922100316555,0.1288461900841267,-0.000773884704913,1985,0.1993062245921631,0.1864775136207186,0.1296200747890398,SHAP_content,1,1,True
0.0354201131757083,-0.0048118566924352,0.0753804540496674,0.1535082112469133,0.0504790437981221,0.1425862007137121,-0.0008366931112749,1371,0.115612423917811,0.2039872550450355,0.143422893824987,SHAP_rel,1,1,True
0.0036787608771893,0.1023864638370772,0.0698821581965312,0.1455801049359141,0.047345191461655,0.1335631162185842,-0.0008022803924977,2122,0.1759473829107978,0.1929252963975691,0.1343653966110819,SHAP_rel,0,1,False
-0.0221897458464705,-0.0546141756350351,-0.0558646389254856,-0.1305266096652042,-0.0444625915488716,-0.1121768294229349,0.0002793512175613,3401,0.1326685604069913,0.1749892012140758,0.1124561806404962,SHAP_rel,0,0,True
-0.0060884777646777,0.1511103911020216,0.0658044330880402,0.1372605182459311,0.0448092215674973,0.1253123886745777,-0.0007471251727658,1676,0.2230033019547395,0.1820697398134285,0.1260595138473436,SHAP_content,1,1,True
-0.0105199059955774,-0.0703596072026217,-0.0553129616491496,-0.1289896895756634,-0.0439130974615303,-0.1107312623850691,0.000271284443171,3730,0.1361924748473488,0.1729027870371937,0.1110025468282402,SHAP_rel,0,0,True
-0.0119454432156691,3.170970776334055e-05,-0.0633605642527164,-0.1477535803227664,-0.0506098869253238,-0.1264036174034367,0.000407890553309,4551,0.075337717176149,0.1983634672480902,0.1268115079567457,SHAP_rel,0,0,True
-0.0072681681180729,0.0675044520144307,-0.0420316270893174,0.155525995841649,0.0528223346249155,0.1434489503078428,-0.0009073967321199,1158,0.1168042472218211,0.2083483304665646,0.1443563470399627,SHAP_rel,1,1,True
0.08764411090137,0.1259017415727444,0.058050021035375,0.1205813419174047,0.0399746619311737,0.1092634577230506,-0.0006719938587131,1127,0.2715958735094895,0.1605560038485785,0.1099354515817638,SHAP_content,1,1,True
0.0096079748095501,0.0856569076478036,0.0709092888639175,0.147434256364547,0.0479714966211024,0.1356374898418961,-0.0008143854073381,2057,0.1661741713212712,0.1954057529856495,0.1364518752492343,SHAP_rel,0,1,False
-0.0221182801501958,-0.0925925761096933,-0.0496752595662893,-0.1153442989768282,-0.0402956115780841,-0.0996863233006691,0.0001571098553194,4507,0.1643861158261784,0.1556399105549124,0.0998434331559886,SHAP_content,0,0,True
-0.0206930851050475,-0.1313949737659478,-0.0448202010378064,-0.0996380145873852,-0.0364439010220868,-0.0866168695177239,5.180520955694323e-05,4177,0.1969082599088017,0.136081915609472,0.0866686747272809,SHAP_content,0,0,True
-0.0207806785158325,-0.0931112338530033,-0.0497706373070499,-0.1157108203850664,-0.0404227677699776,-0.0999169550163648,0.000157853020854,2058,0.1636625496758858,0.1561335881550441,0.1000748080372188,SHAP_content,0,0,True
-0.0228792993300151,-0.1340907320089505,-0.0440940137011486,-0.0975259700966555,-0.0358762085844008,-0.0851234085503522,3.4392445082116405e-05,2355,0.2010640450401143,0.1334021786810564,0.0851578009954343,SHAP_content,0,0,True
-0.0160867558288431,-0.1846003006698917,-0.0364418315377441,-0.0815492783322974,-0.0299598722942838,-0.0708425298883313,-7.467127504891258e-05,3711,0.237128888036479,0.1115091506265813,0.0709172011633802,SHAP_content,0,0,True
0.0176575816781035,0.098705044790304,0.068987504318179,0.1440389647789388,0.0468261515636085,0.1322449743640387,-0.0007931069820409,2904,0.1853501307865866,0.1908651163425473,0.1330380813460796,SHAP_rel,0,1,False
-0.0077018440943655,0.1420321187842194,0.0668899177722189,0.139445553691082,0.0454761434817863,0.1280880934092703,-0.0007719792699264,826,0.216623880650804,0.1849216971728683,0.1288600726791967,SHAP_content,1,1,True
-0.0231247453991147,-0.1237755488207387,-0.0455165292853933,-0.1018094090165547,-0.0370178257464098,-0.0883935821073107,8.24005490811918e-05,3838,0.1924168235052468,0.1388272347629646,0.0884759826563919,SHAP_content,0,0,True
-0.0123415486445381,0.1151763104685538,-0.0371441301950919,0.1556721996457893,0.0518052737993144,0.1384183882382654,-0.0008784332712225,3286,0.1646619893081839,0.2074774734451037,0.1392968215094879,SHAP_rel,0,1,False
-0.0220220395901151,-0.0509269218305347,-0.0564952620462115,-0.1319917764309238,-0.045025856836333,-0.113378109122571,0.0002847260302487,4215,0.1294442234668615,0.1770176332672569,0.1136628351528197,SHAP_rel,0,0,True
-0.0192517126917262,-0.0010405433566663,-0.063055267279258,-0.1472817841523681,-0.0503991963382854,-0.1222270866232658,0.000348864811406,4652,0.0833475233276507,0.1976809804906536,0.1225759514346719,SHAP_rel,0,0,True
0.0318159689347126,0.0727153137223354,0.0702035916760741,0.146343625350811,0.0475741735075467,0.1345936980299829,-0.0008062264292634,284,0.1747348743331222,0.1939177988583577,0.1353999244592463,SHAP_rel,1,1,True
0.06518826089622,0.0526085886409772,0.0690486475611993,0.1442412451487922,0.0468510356257624,0.1323552649636709,-0.0007909397314346,95,0.1868454970983966,0.1910922807745546,0.1331462046951055,SHAP_rel,1,1,True
-0.0184511782984649,-0.0189885615763653,-0.0613000856716895,-0.1429783415184134,-0.0490347006070826,-0.1222494129629894,0.0003633570346892,4487,0.0987398255465198,0.1920130421254961,0.1226127699976786,SHAP_rel,0,0,True
-0.0218498485334705,-0.0186100462216751,-0.0610313802773931,-0.1423360204391979,-0.0488189938564651,-0.1217716012782904,0.0003603727352317,2664,0.1014912750325387,0.1911550142956631,0.1221319740135222,SHAP_rel,0,0,True
-0.0189116069440774,-0.0444342314252363,-0.0581371588519818,-0.1356423747812596,-0.0463887135296328,-0.1163388938090342,0.0002977395147816,3442,0.1214829972212957,0.1820310883108924,0.1166366333238159,SHAP_rel,0,0,True
-0.0155799296099825,-0.0508189071962122,-0.0576326106970331,-0.1344962556042841,-0.0459741860802418,-0.1153460921602146,0.0002927415215277,3906,0.1240314475032278,0.1804704416845259,0.1156388336817423,SHAP_rel,0,0,True
-0.0090830115367038,0.0004627067833207,-0.0637790306496122,-0.1488013065915244,-0.050944094524874,-0.1252087406427599,0.0004143313139987,4615,0.0733247489696368,0.1997454011163985,0.1256230719567586,SHAP_rel,0,0,True
-0.0225772699886445,-0.1043667079969753,-0.0481326443572041,-0.1101607750979074,-0.0390761077797173,-0.0953716570001228,0.0001299223941307,2649,0.175076622342824,0.1492368828776248,0.0955015793942535,SHAP_content,0,0,True
-0.0334269396091058,-0.1861317679040309,-0.0328145169826402,-0.0753425605565176,-0.0269928970896816,-0.0648041258573399,-4.2431827124567514e-05,3197,0.252373224495777,0.1023354576461992,0.0648465576844644,SHAP_content,0,0,True
-0.0261488158553395,-0.1767563048777658,-0.0360306968936874,-0.0808027957592026,-0.0296043627303581,-0.0701321825768044,-8.0081133282792e-05,2931,0.2389358176267927,0.1104071584895608,0.0702122637100872,SHAP_content,0,0,True
-0.0061999324331327,0.1323654632486757,0.0678045255506767,0.1413640354470395,0.0460440189818895,0.1295203675077341,-0.0007784538453089,1431,0.2063699212324852,0.187408054428929,0.1302988213530431,SHAP_content,1,1,True
-0.0279492004138107,-0.1624137721788138,-0.0383255128658687,-0.0851525695750023,-0.0314399217076133,-0.0742078203373433,-6.644274798843323e-05,4008,0.2286884854584932,0.1165924912826157,0.0742742630853317,SHAP_content,0,0,True
-0.0197276897259455,-0.0931764438521515,-0.0499388177135426,-0.1161447510657765,-0.0403925691697679,-0.1003357477455643,0.000160779446308,3763,0.1628429512916398,0.1565373202355445,0.1004965271918723,SHAP_content,0,0,True
-0.0220822326225849,-0.0651298720474975,-0.0541492147535706,-0.1264965247865767,-0.0430269973694036,-0.1089343576806908,0.0002639594338834,2280,0.1413613194236532,0.1695235221559803,0.1091983171145742,SHAP_rel,0,0,True
0.0372011717784975,0.0276784212313415,0.0734495171849128,0.1517025876247456,0.0494382386769922,0.1388690401222999,-0.0008411106885898,3762,0.1383291101947518,0.2011408263017378,0.1397101508108898,SHAP_rel,0,1,False
0.009806157014377,0.030722868816661,0.0752694955431368,0.153577200523001,0.0504499817770417,0.1382494389300367,-0.0008563265474069,1440,0.1157985213741749,0.2040271823000428,0.1391057654774436,SHAP_rel,1,1,True
-0.0327498611266769,-0.1824014372837152,-0.0337553714404237,-0.0766947570006096,-0.0276820793733045,-0.0662020477774287,-6.9685824281936e-05,2521,0.2489066698508158,0.1043768363739142,0.0662717336017106,SHAP_content,0,0,True
-0.0138248677276119,-0.1749879969014517,-0.0387240602233491,-0.0857452271666732,-0.0315937765447777,-0.0746201805359727,-5.913072660388048e-05,3942,0.2275369248524129,0.1173390037114509,0.0746793112625766,SHAP_content,0,0,True
-0.0076491439950077,0.1433150819013159,0.0667873480640618,0.1392917530857292,0.0454170872042221,0.1274486122250202,-0.000770490124112,3613,0.2177515739603855,0.1847088402899514,0.1282191023491323,SHAP_content,0,1,False
-0.0212611008066729,-0.1346508343189378,-0.044261680235687,-0.0979832050734243,-0.0359918405127135,-0.085446894287043,4.031540803788557e-05,2187,0.2001736153612978,0.1339750455861378,0.0854872096950809,SHAP_content,0,0,True
-0.002854596621978,0.1164175725908329,0.0691193219075601,0.1440212946382039,0.0468643092752124,0.1319126796859006,-0.000793281970856,3970,0.1883914911203711,0.1908856039134164,0.1327059616567567,SHAP_rel,0,1,False
0.0047729111848665,0.1112315689084077,0.0689139981115502,0.1437402093122668,0.046755784006878,0.1320042662844948,-0.0007916051393729,1284,0.1849184782048245,0.1904959933191448,0.1327958714238678,SHAP_rel,1,1,True
-0.0193165967017854,-0.0176249586595665,-0.06173088967401,-0.1426585835485853,-0.0477117613715874,-0.1222561410979501,0.0003652963401927,3545,0.098672445035362,0.1903703449201726,0.1226214374381428,SHAP_rel,0,0,True
-0.0193081785850227,0.0254355510016903,0.0384823488974943,-0.1635444432112078,-0.0572950665826598,-0.1232158683957531,0.0002547980494176,3237,0.0832260784842074,0.2208395097938676,0.1234706664451708,SHAP_rel,0,0,True
0.01084399633757,0.0971065984740409,0.0698289149368979,0.1455877483229019,0.0473271573809463,0.132899167660269,-0.0008015324976738,2003,0.1777795097485089,0.1929149057038483,0.1337007001579429,SHAP_rel,1,1,True
-0.005140938848612,0.1272451548383438,0.0682430763629131,0.1421595012458218,0.0463111288276988,0.1303733577141094,-0.0007834587085193,1250,0.200629170049869,0.1884706300735207,0.1311568164226288,SHAP_content,1,1,True
0.0131399139553044,0.1163535670835881,0.0676325426169094,0.1412185517834234,0.0459792276585829,0.12962735385532,-0.0007778249622899,1954,0.197126023655802,0.1871977794420064,0.1304051788176099,SHAP_content,1,1,True
-0.0188837073994356,-0.0976848826491761,-0.0494532388622118,-0.1146146959159079,-0.0401554766116841,-0.098913764302264,0.000150525914239,2153,0.1660218289108235,0.154770172527592,0.099064290216503,SHAP_content,0,0,True
-0.0150025922563148,-0.0565245687235368,-0.0568142097488577,-0.1326473801957353,-0.045282831493632,-0.113567961558256,0.0002843041498923,3764,0.1283413707287095,0.1779302116893674,0.1138522657081484,SHAP_rel,0,0,True
-0.0187022421539183,-0.1441546008911958,-0.0431927628367252,-0.0952544501408978,-0.035073461919779,-0.0831926680577342,1.4946173810002903e-05,2239,0.2060496058818393,0.1303279120606769,0.0832076142315442,SHAP_content,0,0,True
-0.02276358361591,-0.1145403724646727,-0.0467973385197331,-0.1058069207019704,-0.038018029284996,-0.0917353863384176,0.0001063910992594,3378,0.1841012946003159,0.1438249499869665,0.091841777437677,SHAP_content,0,0,True
-0.0197466204540716,0.0129647091746418,-0.0638090677859173,-0.1486330160466244,-0.0507823772832662,-0.1267863039497197,0.000419469148364,4156,0.0965203974146308,0.1994153933298907,0.1272057730980838,SHAP_rel,0,0,True
-0.0068286033458562,0.1322845370683022,0.0679282559203428,0.1413421586584743,0.0460990611482855,0.1294907588819485,-0.0007795541369843,1256,0.2070413963345013,0.1874412198067598,0.1302703130189328,SHAP_content,1,1,True
0.0057406860677345,0.1116228510175963,0.068799383401915,0.1434993383366437,0.0466851414579099,0.1317305012799,-0.0007902898238528,55,0.1861629204872459,0.1901844797945536,0.1325207911037529,SHAP_rel,1,1,True
-0.0050054617765402,0.1166930754502259,0.0692488972862205,0.1441931843373569,0.0469356326927387,0.1324721569562595,-0.0007950382703649,482,0.1909474345129867,0.1911288170300956,0.1332671952266245,SHAP_rel,1,1,True
0.0223266798036971,0.063765450226409,0.0717659227465766,0.149076054246431,0.0484979214099723,0.1371501079971148,-0.0008212366331191,43,0.1578580527766829,0.1975739756564033,0.1379713446302339,SHAP_rel,1,1,True
-0.0153849172999062,-0.0459830050058885,-0.0584945578465149,-0.1363918555574713,-0.0466823062390931,-0.1169183255086564,0.0002997276310897,3555,0.1198624801523097,0.1830741617965645,0.1172180531397462,SHAP_rel,0,0,True
-0.0171994891804421,-0.0583479430484363,-0.0560847821146959,-0.1309927432657929,-0.0446751563663683,-0.1125354772045366,0.0002803513538314,4299,0.1316322143435744,0.1756678996321612,0.112815828558368,SHAP_rel,0,0,True
-0.0127921057230616,-0.0944076674318694,-0.0508856876468108,-0.1185101783533713,-0.0410390903723559,-0.1020933923072935,0.0001728820083219,3767,0.1580854608017419,0.1595492687257272,0.1022662743156155,SHAP_rel,0,0,True
-0.0072924731754742,0.1422107101443799,0.06684998084893,0.1393276189501351,0.0454493656165542,0.1278911881652616,-0.0007714394488416,1821,0.2163531641687842,0.1847769845666894,0.1286626276141033,SHAP_content,1,1,True
-0.0074331495324147,0.1465597177194432,0.06637134998478,0.1384227157868444,0.0451638507917523,0.1270092266888047,-0.0007642410282666,1543,0.220364217236638,0.1835865665785968,0.1277734677170713,SHAP_content,1,1,True
-0.0064541999015157,0.1431036422795484,0.0669154376461659,0.1376797022291326,0.0453585619485182,0.1277620314455457,-0.0007718097248247,320,0.2164732798272301,0.1830382641776509,0.1285338411703705,SHAP_content,1,1,True
-0.0062763618233923,0.1458739561413725,0.0662797262736906,0.1381479147356004,0.0451860758165518,0.1268337552774076,-0.0006242220898469,1341,0.2184300442384555,0.1833339905521522,0.1274579773672545,SHAP_content,1,1,True
-0.0208403266019941,-0.0594654644479798,-0.0552761910021127,-0.1291707057046837,-0.0440168502560949,-0.1110595323735671,0.0002738305599916,2134,0.1355819820520867,0.1731875559607786,0.1113333629335587,SHAP_rel,0,0,True
-0.0137084998167563,-0.0770302419530982,-0.053639837110149,-0.1251001644032519,-0.0426205205225518,-0.1076791070610107,0.0002231310403772,2802,0.1443785788800036,0.1677206849258038,0.107902238101388,SHAP_rel,0,0,True
0.0048529485872104,-0.0318363530504118,-0.0567297900237053,0.1407734068208152,0.0523533506248855,0.1181021914402732,-0.0009082626525223,3089,0.0934190916613277,0.1931267574457008,0.1190104540927956,SHAP_rel,0,1,False
-0.0034715072627712,-0.1114610251570342,-0.0547732030397192,-0.1276753466984789,-0.080996102245081,-0.0494219488058616,-0.0006370291883192,4677,0.1697057354595247,0.20867144894356,0.0500589779941808,SHAP_rel,0,0,True
-0.0199176602971164,0.0164788322266456,-0.0713586024374124,-0.1125164100427535,-0.0168931088530503,-0.136698660326412,0.0004551938953144,2478,0.1077550949611745,0.1294095188958038,0.1371538542217265,SHAP_spat,0,0,True
-0.0210290729973597,-0.1185275644432266,-0.0465363882342796,-0.1048641362151884,-0.0376908345181006,-0.0910084624761227,0.0001012190578372,2257,0.186093025674866,0.1425549707332891,0.09110968153396,SHAP_content,0,0,True
-0.0089643427540017,-0.0305981693674278,0.0293830630503195,-0.1557681081207092,-0.0514187367877235,-0.1353197950626657,0.0004259739700771,4326,0.0689455751717492,0.2071868449084327,0.1357457690327428,SHAP_rel,0,0,True
-0.0074839522705983,0.149752091028639,0.0660092016075782,0.1376410873050225,0.0449410586871561,0.126438838504787,-0.0007480917219959,1437,0.2232452449068155,0.1825821459921786,0.1271869302267829,SHAP_content,1,1,True
0.0233999677264529,0.0712232343599289,-0.067095686497965,-0.0038551970597888,0.0327722183908114,0.0311882610744574,0.0028025183452381,4217,0.1617188885843469,0.0366274154506003,0.0339907794196956,SHAP_content,0,1,False
-0.0218751981066806,-0.0916034246590875,-0.0498198162824181,-0.1158746256891282,-0.0404561787683162,-0.1000853200589883,0.0001593237381783,2442,0.1632984390481864,0.1563308044574444,0.1002446437971666,SHAP_content,0,0,True
-0.0186890755697774,-0.0663804751005955,-0.0545115019315853,-0.1273380546812744,-0.04337797444663,-0.1095244045177629,0.000266246421185,2255,0.1395810526019584,0.1707160291279045,0.1097906509389479,SHAP_rel,0,0,True
0.0037763346251365,0.091361762689515,0.0708997429811972,0.147431117399374,0.0479611102241046,0.1352093656706579,-0.0008136162285116,237,0.1660378402958487,0.1953922276234787,0.1360229818991695,SHAP_rel,1,1,True
0.0222481210604755,-0.0214453457481714,-0.0460387661534228,0.1400494043596221,0.0985801814023538,0.05261712598386,0.0181358953306584,1797,0.0897322329620697,0.238629585761976,0.0707530213145184,SHAP_rel,1,1,True
-0.0055579556022725,0.1452994688562164,0.0663333754069837,0.1383245017776,0.0451390905044085,0.1269674010611184,-0.00076537796274,1809,0.2171907998654727,0.1834635922820086,0.1277327790238584,SHAP_content,1,1,True
0.0038303977110464,0.1240999628695703,0.0677209459896243,0.1413735067138802,0.0460196843745541,0.1294995267309603,-0.0007779580619452,1003,0.1956513065702411,0.1873931910884343,0.1302774847929055,SHAP_content,1,1,True
-0.0234150046950559,-0.1640321889975151,-0.038928881529009,-0.0862244154272955,-0.0317747187964352,-0.0751215349230028,-5.8495458126778255e-05,3859,0.2263760752215801,0.1179991342237308,0.0751800303811296,SHAP_content,0,0,True
-0.0097119104726065,0.1031224485740862,0.0835273336606277,0.1321343196474814,0.0529523217261636,-0.0658526976152456,-8.044754562987547e-05,4544,0.1963616927073205,0.185086641373645,0.0659331451608755,SHAP_content,0,1,False
-0.0207870468206791,-0.0960814603599498,-0.0493988265762814,-0.1144466577116178,-0.0401284273993002,-0.0988636244494866,0.0001508034908744,2393,0.1662673337569105,0.154575085110918,0.0990144279403611,SHAP_content,0,0,True
-0.0166604891277273,-0.1030433965568165,-0.0490481601483853,-0.1132464769390921,-0.0398499178189362,-0.0978496725051552,0.000142873269672,3010,0.1687520458329292,0.1530963947580284,0.0979925457748273,SHAP_content,0,0,True
-0.01929821585631,-0.060816779372748,-0.0553243736233562,-0.1292469519371322,-0.0440349561209634,-0.111107939105248,0.0002739761893171,4068,0.1354393688524142,0.1732819080580957,0.1113819152945652,SHAP_rel,0,0,True
-0.0022199723728977,0.1442143847235435,0.0660360042155676,0.1375640232455251,0.0450546874795996,0.1262430654324236,-0.0005539136999951,1076,0.2124703613120089,0.1826187107251247,0.1267969791324188,SHAP_content,1,1,True
-0.0862376892151797,-0.1402754305558766,-0.03121234425246,-0.0725947061196147,-0.0260786956784182,-0.0625302200919194,-0.0006261539129717,4108,0.2577254640235163,0.0986734017980329,0.0631563740048912,SHAP_content,0,0,True
-0.0104834311802738,-0.1074975255497599,-0.0493291448127655,-0.114213903773066,-0.0400932424898436,-0.0980808831184348,0.0001428910977029,3855,0.1673101015427993,0.1543071462629096,0.0982237742161378,SHAP_content,0,0,True
-0.022365152521857,0.0150541543328602,-0.0642030640153125,-0.1489362213091835,-0.0501818288845852,-0.1243928542607685,0.0003770457075997,3412,0.1016223708700298,0.1991180501937688,0.1247698999683683,SHAP_rel,0,0,True
-0.0209603931253688,-0.0422437693118339,-0.0581442349682163,-0.1356796713763449,-0.0464041292524807,-0.1164216390522418,0.0002985972600456,3935,0.121348397405419,0.1820838006288257,0.1167202363122875,SHAP_rel,0,0,True
-0.0215103326271109,-0.0435486522148185,-0.0578265182972397,-0.134973097580995,-0.0461303515998158,-0.1158624498181799,0.0002961623117194,2505,0.1228855031391693,0.1811034491808109,0.1161586121298994,SHAP_rel,0,0,True
-0.0070636030991251,0.143048802377656,0.0666955878629038,0.1390388408470898,0.0454184459829702,0.1275493148276582,-0.0006640349691733,1199,0.216807993339685,0.1844572868300601,0.1282133497968316,SHAP_content,1,1,True
0.0054326090066737,0.1155452115339271,0.0684311708003016,0.1428277364701388,0.0464623570161915,0.1310118027704192,-0.000786115081759,4411,0.1894089913409025,0.1892900934863303,0.1317979178521783,SHAP_content,0,1,False
-0.0141966767334378,-0.0795182980936951,-0.0531107016718015,-0.1238963106850472,-0.042295006877277,-0.1067473503154081,0.0002091045502262,3904,0.1468256764989345,0.1661913175623243,0.1069564548656344,SHAP_rel,0,0,True
0.0114537730177508,0.091546192950658,0.0702176895493287,0.1462009618764388,0.0475568684920934,0.1344982138779901,-0.0008068527587733,300,0.1732176555177375,0.1937578303685324,0.1353050666367635,SHAP_rel,1,1,True
-0.0086974938110049,-0.079865083095795,-0.0557291229108259,-0.1253835978030138,-0.0393853205135314,-0.110755433868018,0.0002608121757484,2898,0.144291699817626,0.1647689183165452,0.1110162460437665,SHAP_rel,0,0,True
-0.0268886074041502,-0.1771194361469575,-0.0358258959265603,-0.0804302426751569,-0.0294335461303458,-0.0697771903575575,-8.032118571212575e-05,2507,0.2398339394776681,0.1098637888055028,0.0698575115432696,SHAP_content,0,0,True
-0.0023739153292648,0.1421951376466701,0.0663574727994078,0.1384597444133832,0.0451629285796855,0.1270565186369543,-0.0007662517431502,942,0.2109265257753428,0.1836226729930688,0.1278227703801046,SHAP_content,1,1,True
-0.0180506596140831,-0.0507842939723549,-0.0572031755578659,-0.133548820560421,-0.0456058278576737,-0.1146526527506565,0.0002901904866143,4071,0.1260381291443041,0.1791546484180948,0.1149428432372709,SHAP_rel,0,0,True
-0.019875079752589,-0.1192915519712095,-0.0465560979301642,-0.1050269396423272,-0.0378434560364333,-0.0910624899532247,0.0001003754595072,2370,0.1857227296539627,0.1428703956787606,0.091162865412732,SHAP_content,0,0,True
-0.0063330815069909,0.1427559693416667,0.0666575915044883,0.1389039123568772,0.0454102017349962,0.1273660072961911,-0.0006306141877458,1259,0.2157466423531459,0.1843141140918734,0.1279966214839369,SHAP_content,1,1,True
0.0187180634241196,0.0076787612075874,-0.0712148499590388,-0.1646240698563911,-0.0579874000877496,-0.057622430892262,0.000909102720918,4075,0.0976116745907458,0.2226114699441407,0.0585315336131801,SHAP_rel,0,0,True
0.0397633248314352,0.0541581679739147,-0.0517677814204778,0.1359946343477904,0.0872028908134837,0.012160501433359,0.004589108564403,2522,0.1456892742258278,0.2231975251612741,0.0167496099977621,SHAP_rel,0,1,False
-0.0227919657345905,-0.0146624354193031,-0.0612952995883034,-0.1429083554664671,-0.0489541328363785,-0.1224623912089238,0.0003659080433925,3956,0.0987497007421971,0.1918624883028456,0.1228282992523163,SHAP_rel,0,0,True
-0.0167673410438889,-0.1316108997930728,-0.0453295622906603,-0.1011769074326647,-0.0368496940195826,-0.0878893804796306,6.854523305914462e-05,4042,0.1937078031276221,0.1380266014522474,0.0879579257126897,SHAP_content,0,0,True
0.0076932168106234,-0.0010981287922089,-0.0496057619492833,0.1507653216791027,0.0529903978838895,0.1428168481594572,-0.0009230747974167,3156,0.0583971075521158,0.2037557195629923,0.143739922956874,SHAP_rel,0,1,False
0.020872990727868,0.0418112038840938,0.0735155813866072,0.1516137308107157,0.0494828753767623,0.1401488183964754,-0.0008415235332435,463,0.136199775998569,0.201096606187478,0.1409903419297189,SHAP_rel,1,1,True
0.0088375461685159,-0.0128806985172754,-0.0512680085093404,0.149060383882684,0.0528825113382191,0.1410388046046719,-0.0009257753398269,5,0.0729862531951318,0.2019428952209032,0.1419645799444989,SHAP_rel,1,1,True
0.0084590241453122,0.0702633785627604,0.0725013223005281,0.1501712417273915,0.0489233041828321,0.1360975748679734,-0.0008290335141299,841,0.1512237250086008,0.1990945459102236,0.1369266083821033,SHAP_rel,1,1,True
-0.00346136703524,0.1306357475314732,0.0677123738195569,0.1411988798336878,0.0459934504609998,0.1295670661423799,-0.0007777899801287,1868,0.2018094883862703,0.1871923302946877,0.1303448561225086,SHAP_content,1,1,True
0.0078386794238664,0.0914182371720672,0.0705466601202885,0.1468427247855191,0.047755031379871,0.1348085496130709,-0.000809978943939,326,0.1698035767162221,0.1945977561653902,0.1356185285570099,SHAP_rel,1,1,True
-0.0238953484121843,-0.0960468193158019,-0.049021892800661,-0.1131298920293782,-0.0397649828033034,-0.0978425681779294,0.0001462637128175,4049,0.1689640605286473,0.1528948748326816,0.0979888318907469,SHAP_content,0,0,True
-0.0173207518627778,-0.0363235278165499,-0.059772950632675,-0.1392407908368456,-0.0478271989729477,-0.1193253544199812,0.000315075333208,4207,0.1134172303120029,0.1870679898097933,0.1196404297531892,SHAP_rel,0,0,True
-0.0205579741851515,-0.0431831049580525,-0.0580536182927677,-0.1354740237772708,-0.0463256291001037,-0.1162586761783431,0.0002977866652488,3208,0.1217946974359718,0.1817996528773746,0.1165564628435919,SHAP_rel,0,0,True
-0.2750777508531741,0.0465726823652429,-0.0310042476513467,-0.0724311062431938,-0.0255537326747906,-0.0620516822331008,-9.402536077496998e-06,4387,0.3526546808697637,0.0979848389179845,0.0620610847691783,SHAP_content,0,0,True
-0.0077539584677043,0.1406390391162906,0.0671626882233347,0.1400121776505062,0.0456798573614408,0.1273049530414864,-0.0007101814957956,1464,0.2155556858073297,0.185692035011947,0.128015134537282,SHAP_content,1,1,True
0.0348199695422359,-0.2399695207635827,-0.0707403327444833,0.1076618026801429,0.0439509025004115,0.1055721766606328,-0.0007850708260777,892,0.3455298230503021,0.1516127051805545,0.1063572474867105,SHAP_content,1,0,False
-0.1841606721201068,-0.0433697912106068,-0.0310203045002583,-0.0724287111852096,-0.0258553343874491,-0.0622867612149344,-0.0004336652078754,3131,0.2585507678309721,0.0982840455726587,0.0627204264228099,SHAP_content,0,0,True
-0.02153759936006,-0.0818402837013071,-0.0514450472297944,-0.1200449112468576,-0.0413335686327135,-0.103540200287587,0.0001863706318794,2061,0.1548229302911616,0.1613784798795712,0.1037265709194665,SHAP_rel,0,0,True
-0.0189596853597709,-0.110694560960556,-0.0477972418159866,-0.1090136832663167,-0.0387965617558608,-0.0944159160749986,0.0001224094070494,3201,0.1774514881363136,0.1478102450221776,0.094538325482048,SHAP_content,0,0,True
-0.0068793893956711,0.1317290463121164,0.0679383602294007,0.1415808073964769,0.0461218559142379,0.129757607365914,-0.0007799209462301,694,0.2065467959371883,0.1877026633107149,0.1305375283121441,SHAP_content,1,1,True
-0.006632902940602,0.1449205646565892,0.0664347544152378,0.1384621446463057,0.0452702995086798,0.127097843147016,-0.000640525140356,387,0.2179882220124291,0.1837324441549855,0.1277383682873721,SHAP_content,1,1,True
-0.0230454999993421,-0.0111074618150347,-0.0617121640961794,-0.1433414484171995,-0.0485976130300689,-0.1232236203997883,0.0003732196394176,2571,0.0958651259105564,0.1919390614472685,0.123596840039206,SHAP_rel,0,0,True
-0.0205899737813908,-0.0977747520787108,-0.0492088204695,-0.1138021259420949,-0.0399777132075368,-0.0983493347625647,0.0001474804153577,3103,0.1675735463296017,0.1537798391496318,0.0984968151779224,SHAP_content,0,0,True
-0.0292242760902405,-0.1721776268015437,-0.036329083055923,-0.0812991014863031,-0.0298107015358261,-0.0706329510293878,-8.14998272163324e-05,4232,0.2377309859477073,0.1111098030221293,0.0707144508566042,SHAP_content,0,0,True
-0.0232761071475133,-0.1062815413936263,-0.047804703456527,-0.1090690477205041,-0.0388020318631925,-0.0944461813771077,0.0001243731320303,4658,0.1773623519976667,0.1478710795836967,0.094570554509138,SHAP_content,0,0,True
-0.0183708651961003,-0.1185878951057038,-0.0468645966232621,-0.1059894466429194,-0.0380707287609444,-0.091776875490744,0.0001051679932334,3333,0.1838233569250663,0.1440601754038639,0.0918820434839775,SHAP_content,0,0,True
0.2863355634950899,0.0767983330860288,0.0336176807445341,0.068314934962695,0.0228504654181057,0.0632810977563439,-0.0003551444157159,603,0.3967515773256528,0.0911654003808007,0.0636362421720599,SHAP_content,1,1,True
0.0099389167522035,0.1109008601644032,0.0685025042544695,0.1429735039287202,0.0465121994348509,0.131090871492179,-0.0007871361842733,842,0.1893422811710762,0.1894857033635711,0.1318780076764523,SHAP_rel,1,1,True
-0.0073844964394701,0.127107828255521,0.0685548208350581,0.1428685948405681,0.0465047246131691,0.129871084163675,-0.0007858702623329,322,0.2030471455300493,0.1893733194537373,0.130656954426008,SHAP_content,1,1,True
0.029848116720849,0.0816328320153766,-0.0556737162124897,0.1335706378185589,0.0574097961887185,-0.0069492887586266,0.0023790936036745,2747,0.1671546649487154,0.1909804340072775,0.0093283823623011,SHAP_rel,0,1,False
-0.0072019659956204,0.149343921577691,0.0660706402095744,0.1378415726170032,0.0449842871239498,0.126079749235085,-0.0007517923515822,1867,0.2226165277828858,0.182825859740953,0.1268315415866673,SHAP_content,1,1,True
0.0220049902085834,0.0876742973811923,0.0696669825225447,0.1453423843896017,0.0472441585542012,0.1335268086567521,-0.0008008132282023,865,0.1793462701123205,0.192586542943803,0.1343276218849545,SHAP_rel,1,1,True
-0.0324130366591383,-0.1860231552084551,-0.0331058598745259,-0.075666076013907,-0.0271402340637786,-0.0651568997779506,-4.997822868503879e-05,3061,0.2515420517421195,0.1028063100776856,0.0652068780066356,SHAP_content,0,0,True
-0.0195385611186779,-0.1266779441674284,-0.0456185682356091,-0.1020925380833491,-0.0371002387271617,-0.0886090531095285,8.166361531421022e-05,4089,0.1918350735217154,0.1391927768105109,0.0886907167248427,SHAP_content,0,0,True
-0.0187487478065081,-0.0007559719487492,-0.0627936727638755,-0.1464794004036202,-0.0501812947086457,-0.1251985613357364,0.0003852105750923,4319,0.0822983925191329,0.196660695112266,0.1255837719108288,SHAP_rel,0,0,True
-0.0618014443287004,-0.1632837800569831,-0.0314571820149819,-0.0730685333106667,-0.0262987092742696,-0.0629792283050094,-0.0006663625358293,2613,0.2565424064006655,0.0993672425849364,0.0636455908408388,SHAP_content,0,0,True
0.0007532440953933,0.0689919738327819,0.0681542960593831,-0.0741166733945054,0.0043423854003083,-0.0937719780828448,-4.116549866189229e-06,4260,0.1378995139875584,0.0784590587948138,0.093776094632711,SHAP_content,0,0,True
-0.0039689287066991,0.1171580337839909,0.0691226250980758,0.1439921905446265,0.0468625920444195,0.1321356441171928,-0.0007935521017671,4438,0.1902495875887659,0.190854782589046,0.13292919621896,SHAP_rel,0,1,False
-0.0229928788393515,-0.1982777520315499,-0.0324661389832784,-0.0747946201699253,-0.0267438951668418,-0.0642425762911415,-3.737834435222319e-05,2563,0.2537367698541798,0.1015385153367672,0.0642799546354938,SHAP_content,0,0,True
-0.0227672290773175,-0.0319930344673228,-0.0595811103274158,-0.1388394989333159,-0.0476459928107492,-0.1190385957582898,0.0003102215479704,3367,0.1143413738720562,0.1864854917440652,0.1193488173062603,SHAP_rel,0,0,True
-0.0223653518893489,-0.0089387346472635,-0.0618555531432585,-0.1442104141142419,-0.0493390098314932,-0.123356240312092,0.0003714719127664,2602,0.093159639679871,0.1935494239457351,0.1237277122248584,SHAP_rel,0,0,True
-0.0061001792832147,0.1408368503222065,0.0672475048049485,0.139561671757494,0.0457344089805902,0.1252915654800654,-0.0006236635446104,1280,0.2141845344103698,0.1852960807380843,0.1259152290246759,SHAP_content,1,1,True
-0.016853990836601,-0.0734346841007825,-0.0536826460099823,-0.1253238821506854,-0.0427113667949147,-0.1077925891949839,0.0002439192615094,3632,0.143971320947366,0.1680352489456001,0.1080365084564934,SHAP_rel,0,0,True
-0.0049474683874952,0.1410878285127026,0.0667427804815538,0.1391868075182928,0.045391821164416,0.1276938954226318,-0.000770331874401,830,0.2127780773817516,0.1845786286827088,0.1284642272970328,SHAP_content,1,1,True
-0.0179944344730826,-0.1398590385286535,-0.0439932456589082,-0.097189218662036,-0.035723177287395,-0.0848293338172536,3.3208600888474243e-05,3149,0.2018467186606444,0.132912395949431,0.0848625424181421,SHAP_content,0,0,True
-0.020774319312779,-0.0146278057249839,-0.0614715926958514,-0.1433829217614561,-0.0491560475757301,-0.1227105832459361,0.0003671101319958,3799,0.0968737177336144,0.1925389693371862,0.1230776933779319,SHAP_rel,0,0,True
0.0105180640208664,0.1113498407314042,0.0683989991713758,0.1428502714274274,0.0464552186901814,0.1308661809995593,-0.0007860298122146,1904,0.1902669039236465,0.1893054901176088,0.131652210811774,SHAP_content,1,1,True
-0.007955923171758,0.1371048333299835,0.0674732132736771,0.1405537249004645,0.0458319859699833,0.1289715432707397,-0.0007681112789681,455,0.2125339697754187,0.1863857108704479,0.1297396545497079,SHAP_content,1,1,True
0.0135665936731688,0.107939811482183,0.0684484307024895,0.1429293483145801,0.0464877820189687,0.1311675563033315,-0.000786960672188,307,0.1899548358578413,0.1894171303335488,0.1319545169755195,SHAP_content,1,1,True
-0.0238583212820369,-0.1290589804291903,-0.044691156634706,-0.0992502657039578,-0.0363363667249546,-0.0864135998112947,5.345075969983605e-05,2120,0.1976084583459333,0.1355866324289125,0.0864670505709945,SHAP_content,0,0,True
-0.0364621943225197,-0.1836517984608541,-0.0326563313590096,-0.0751669690662417,-0.0269105114866092,-0.0646661955714891,-4.123955971694314e-05,2305,0.2527703241423835,0.102077480552851,0.064707435131206,SHAP_content,0,0,True
-0.0094206652466119,-0.1173994677596326,-0.0481589589580184,-0.1102273895069402,-0.0391442590578836,-0.0953286207131487,0.0001241214157946,2262,0.1749790919642629,0.1493716485648238,0.0954527421289433,SHAP_content,0,0,True
-0.0188337170319365,-0.1028633701952529,-0.048943360885206,-0.1124097006198993,-0.0391864865967737,-0.0974629134612512,0.0001443089638792,2050,0.1706404481123956,0.1515961872166731,0.0976072224251305,SHAP_content,0,0,True
0.0098873831355231,0.1045745260742094,0.069138101701802,0.1442627048584232,0.0469050474059989,0.1321838172762876,-0.0007941919886285,1302,0.1836000109115346,0.1911677522644222,0.1329780092649161,SHAP_rel,1,1,True
-0.0034900824197878,0.1029602040524285,0.0704292783703034,0.1464102581124751,0.0476577513550097,0.1345097805758316,-0.0008082778590421,328,0.1768795648425198,0.1940680094674849,0.1353180584348737,SHAP_rel,1,1,True
-0.0136717983963901,0.011309408751161,0.0349238717157083,-0.1610742585707145,-0.0561600820985623,-0.1376842692589076,0.0004400312577684,4682,0.0599050788632595,0.2172343406692768,0.1381243005166761,SHAP_rel,0,0,True
-0.0067991463063903,0.1371351213871193,0.0673777989943822,0.1403846050072461,0.0457709660303468,0.1286635186836744,-0.0007769302582989,1704,0.211312066687892,0.1861555710375929,0.1294404489419733,SHAP_content,1,1,True
0.0027293853392117,0.099675891275695,0.0702005632636358,0.146126061623162,0.0475348272517856,0.1343030327631693,-0.0008060440888096,4017,0.1726058398785426,0.1936608888749476,0.1351090768519789,SHAP_rel,0,1,False
-0.0162739267946177,-0.0791310367113245,-0.0530927940139192,-0.1234664974768446,-0.0417651396310067,-0.1060340908095351,0.0002082456108071,4649,0.1484977575198614,0.1652316371078514,0.1062423364203423,SHAP_rel,0,0,True
-0.0209102530702725,-0.1268048881081021,-0.0454127964915796,-0.1014583440262912,-0.0369217634481777,-0.0881256826406433,7.848795862601746e-05,4531,0.1931279376699544,0.138380107474469,0.0882041705992693,SHAP_content,0,0,True
-0.0078600623365935,0.1446106343877369,0.0667356018110045,0.1391932643226213,0.0453975515206832,0.1266573411306543,-0.0007479318858878,1718,0.219206298535335,0.1845908158433045,0.1274052730165421,SHAP_content,1,1,True
-0.0171521368489955,-0.0983085861014246,-0.0495762130089458,-0.1150189758822366,-0.0402387777756943,-0.0994131646479834,0.0001526144388397,2977,0.165036935959366,0.1552577536579309,0.0995657790868232,SHAP_content,0,0,True
-0.0122962680150132,-0.0700951866211059,-0.054979840024064,-0.128330395735645,-0.0437536906014817,-0.1103695838409476,0.0002697250118168,2612,0.1373712946601832,0.1720840863371267,0.1106393088527644,SHAP_rel,0,0,True
-0.0222951419893209,-0.1408299072791068,-0.0431215435787592,-0.095180049925222,-0.0350444216418878,-0.0831003829102209,1.6207498076946728e-05,4214,0.206246592847187,0.1302244715671099,0.0831165904082978,SHAP_content,0,0,True
-0.003421122739757,0.1211553967827488,0.0686884889592904,0.1431383912336259,0.0465958369892268,0.1312725737510427,-0.0007886040294986,479,0.1932650084817962,0.1897342282228528,0.1320611777805413,SHAP_content,1,1,True
0.0108432199725258,0.1027936484922345,0.0692170371143148,0.144443101279748,0.0469565164962162,0.132410829393814,-0.0007952755282943,3629,0.1828539055790752,0.1913996177759643,0.1332061049221083,SHAP_rel,0,1,False
-0.0060092573566808,0.1276720134143584,0.0682524630135103,0.1422112048404468,0.0463182786066263,0.1305754562047798,-0.0007837006450143,1175,0.2019337337845497,0.1885294834470731,0.1313591568497941,SHAP_content,1,1,True
-0.0212242135878297,-0.012739355131762,-0.0617231981631013,-0.1435459643782538,-0.0488046712813388,-0.1229188294761614,0.0003690381270412,4302,0.0956867668826931,0.1923506356595927,0.1232878676032026,SHAP_rel,0,0,True
-0.0254927081811862,-0.1306194790538089,-0.0442130417358129,-0.0978687455779096,-0.0359764021309868,-0.0854230248807774,3.8161734041440576e-05,2957,0.2003252289708081,0.1338451477088965,0.0854611866148188,SHAP_content,0,0,True
-0.0221808635258514,-0.0681442959350312,-0.0536583665623108,-0.1253158336283107,-0.0426383615419978,-0.1078759689170956,0.0002584502841567,3657,0.1439835260231935,0.1679541951703085,0.1081344192012524,SHAP_rel,0,0,True
0.0466768091917484,0.0349948402078644,0.072135026331104,0.1495663679664777,0.048665554727472,0.1379173237157187,-0.0008268058287156,117,0.1538066757307169,0.1982319226939498,0.1387441295444344,SHAP_rel,1,1,True
0.0033460740807157,0.1229896290084967,0.0678708505139996,0.141650687232924,0.046110173198084,0.1298989741296196,-0.0007797551819433,1971,0.1942065536032122,0.187760860431008,0.130678729311563,SHAP_content,1,1,True
-0.008025012828942,0.1370109713736565,0.0674567134170126,0.1405339481666951,0.0458380838481354,0.1291582436276865,-0.000743323079532,1557,0.2124926976196112,0.1863720320148305,0.1299015667072186,SHAP_content,1,1,True
-0.0115511984489857,-0.1194811882444967,-0.0476198756409188,-0.1084266589677426,-0.0386903525537345,-0.0939019660421181,0.0001160000715559,2862,0.1786522623344013,0.1471170115214771,0.0940179661136741,SHAP_content,0,0,True
-0.0117521756744411,-0.0112255758382158,0.0345813884235519,-0.1526474372924393,-0.0448294479762913,-0.1338802318299588,0.0004126602478236,3754,0.0575591399362089,0.1974768852687306,0.1342928920777825,SHAP_rel,0,0,True
-0.0068056666458555,0.1469616785739949,0.0662574547580221,0.1382018441304654,0.0450973312343869,0.1268483076609139,-0.0007622715373124,879,0.2200247999778726,0.1832991753648524,0.1276105791982263,SHAP_content,1,1,True
0.0010731192690634,0.1100154917212204,0.0693828745853775,0.1445222207922487,0.0470300862900913,0.1326713788391401,-0.0007965606519331,1029,0.1804714855756615,0.19155230708234,0.1334679394910733,SHAP_rel,1,1,True
-0.0197593153872127,-0.0488685080053816,-0.0572388822897558,-0.1336305004311946,-0.0456174681953686,-0.1147312922248217,0.0002907267072947,3282,0.1258667056823503,0.1792479686265633,0.1150220189321165,SHAP_rel,0,0,True
0.0001821984785298,0.0976974281162643,0.0706063298222919,0.1468425348975384,0.0477767486386001,0.1348293148602048,-0.0008103098701685,466,0.1684859564170861,0.1946192835361385,0.1356396247303734,SHAP_rel,1,1,True
-0.0222002306030619,-0.1612847097379021,-0.0397203825776953,-0.0876475225778163,-0.0321799761896198,-0.0764759523562333,-4.6465784111722475e-05,2265,0.2232053229186595,0.1198274987674362,0.076522418140345,SHAP_content,0,0,True
0.006956857220447,0.0607764803244332,0.0759816239558691,0.1501163199614024,0.050567876864402,0.116149152018928,-0.0008365896255487,4236,0.1437149615007495,0.2006841968258044,0.1169857416444768,SHAP_rel,0,1,False
-0.0181224630754884,-0.0664611680939616,-0.0545981688015606,-0.1275111919896499,-0.0434221641536624,-0.1097073187415621,0.0002672350294444,4045,0.1391817999710107,0.1709333561433124,0.1099745537710066,SHAP_rel,0,0,True
-0.0166281838690241,-0.0441187740818908,-0.0586295916658516,-0.1366989991175942,-0.0467818171454904,-0.1169977587043928,0.0002998847578031,4521,0.1193765496167665,0.1834808162630846,0.1172976434621959,SHAP_rel,0,0,True
-0.0052312398878855,0.1266044152658432,0.0682820354787011,0.1422678570449352,0.0463378406629587,0.1307358482709775,-0.0007842002200583,2493,0.2001176906324299,0.1886056977078939,0.1315200484910358,SHAP_content,0,1,False
0.0115165210118337,0.0903957607970085,0.0703820405050313,0.1466395303446,0.0476653987154187,0.1340084813309035,-0.0008079544668573,1160,0.1722943223138736,0.1943049290600188,0.1348164357977609,SHAP_rel,1,1,True
0.0390912813101673,-0.1173233313559156,0.0635075058677633,0.0534116839168681,0.0363078946668122,-0.1187052263979401,0.0002342563095901,3083,0.2199221185338462,0.0897195785836804,0.1189394827075302,SHAP_content,0,0,True
0.0154972460029114,0.105425241761353,0.0685234167912443,0.1431171800706623,0.0465386580065602,0.1312996804296436,-0.0007877996668131,1969,0.1894459045555088,0.1896558380772225,0.1320874800964568,SHAP_rel,1,1,True
0.0136542614976478,0.0408131543725642,0.0741852228696058,0.1525446071145346,0.049866157487833,0.1395354569301541,-0.0008457834656749,1198,0.1286526387398179,0.2024107646023677,0.1403812403958291,SHAP_rel,1,1,True
-0.0067425070012963,0.1454389583674215,0.0663744157764704,0.138298923672576,0.0452284691229107,0.1271682980238415,-0.0006455249937605,1356,0.2185558811451883,0.1835273927954868,0.1278138230176021,SHAP_content,1,1,True
-0.0070392676103146,0.1310727728910833,0.06802800145355,0.1417944782358993,0.0461794039505933,0.1298128997607245,-0.0007808226460502,1901,0.2061400419549481,0.1879738821864926,0.1305937224067747,SHAP_content,1,1,True
0.0184080398733326,0.0951522913648348,0.0692833211783851,0.1445955586112326,0.0470061862560521,0.1326582032176887,-0.0007963063562998,1975,0.1828436524165526,0.1916017448672847,0.1334545095739885,SHAP_rel,1,1,True
-0.0047933229378292,0.1331817470401349,0.067574294654076,0.140899081861955,0.0459040368386056,0.1292616232196312,-0.0007761400611627,776,0.2055493646320401,0.1868031187005606,0.130037763280794,SHAP_content,1,1,True
-0.023445241222668,-0.1710304876254383,-0.0375607317040807,-0.083686849159388,-0.0308732488529889,-0.0728855659519765,-7.311530989993764e-05,2652,0.2320364605521871,0.114560098012377,0.0729586812618765,SHAP_content,0,0,True
-0.0071778378703502,0.1467629132792795,0.0663392772991652,0.1383273226097669,0.0452002367467752,0.1264701030816706,-0.0006686002620983,568,0.220280028448795,0.1835275593565422,0.1271387033437689,SHAP_content,1,1,True
0.0558030575790573,0.1415640699671402,0.0600577649182772,0.1253508816712668,0.0413080246181981,0.1131439480319441,-0.0006940432053857,1786,0.2574248924644748,0.166658906289465,0.1138379912373299,SHAP_content,1,1,True
-0.0163560194519036,0.1310591297193121,0.0848551261068011,0.0778849965188031,0.0464697524604077,-0.0278254543968165,-0.0004021898219361,4205,0.2322702752780169,0.1243547489792108,0.0282276442187527,SHAP_content,0,1,False
-0.0326277293470423,-0.1853757296046908,-0.0332099476524052,-0.0757954480984758,-0.0271949969000693,-0.0652982864142284,-5.3101809529047805e-05,4091,0.2512134066041383,0.1029904449985451,0.0653513882237575,SHAP_content,0,0,True
0.0095718681448184,0.0894080045393091,0.0705767116778574,0.1468750565771367,0.0477734968155356,0.1350110042792789,-0.0008105760419386,25,0.169556584361985,0.1946485533926724,0.1358215803212175,SHAP_rel,1,1,True
0.0004684225138099,-0.0057908843792531,-0.0640042348388759,-0.1486417986823113,-0.0504531280011426,-0.1269418087869749,0.0004144556133209,3126,0.070263541731939,0.199094926683454,0.1273562644002959,SHAP_rel,0,0,True
0.0310955244683706,0.0633730565948145,0.0710942946475974,0.1479818294671408,0.048103522452437,0.1360330359928664,-0.0008139743035925,1092,0.1655628757107826,0.1960853519195779,0.136847010296459,SHAP_rel,1,1,True
0.004842912498019,0.0828805619044495,0.0715371384481855,0.1485423114784949,0.048345377372356,0.1365056618828592,-0.0008210613763935,1257,0.1592606128506541,0.196887688850851,0.1373267232592528,SHAP_rel,1,1,True
-0.0051792972959752,0.1267990919199906,-0.0446763362297344,0.1404669332740651,0.0527529988810863,0.0775842353733079,-0.0005581496562365,1998,0.1766547254457003,0.1932199321551515,0.0781423850295444,SHAP_rel,1,1,True
0.0228195148680715,0.0885064139231774,0.0695297555059549,0.1449575663509202,0.0471522996195015,0.1332910372250758,-0.0007993747912613,84,0.1808556842972039,0.1921098659704217,0.1340904120163372,SHAP_rel,1,1,True
-0.0075932593539888,0.1320325636362124,0.0679465821293581,0.1415657637024387,0.0461238350015843,0.1300314728594163,-0.0007802117347628,1665,0.2075724051195594,0.187689598704023,0.1308116845941791,SHAP_content,1,1,True
-0.0181149081374474,-0.0189461277804914,-0.0613191313359531,-0.1430023950856134,-0.0490129546395148,-0.1225466275624265,0.0003665732279464,3487,0.0983801672538919,0.1920153497251282,0.1229132007903729,SHAP_rel,0,0,True
-0.0339725036180711,-0.1856801341098865,-0.0328051781685845,-0.0753314326294209,-0.0269780153229034,-0.0647460664206938,-4.190955688023433e-05,4455,0.2524578158965422,0.1023094479523244,0.064787975977574,SHAP_content,0,0,True
-0.0129554187855239,-0.0693753926155955,-0.0550757138222633,-0.1285007459416076,-0.0437403906419585,-0.1101761983301202,0.0002686203106284,2685,0.1374065252233827,0.1722411365835661,0.1104448186407486,SHAP_rel,0,0,True
-0.0250025191918192,-0.1244691283820374,-0.0451742227791054,-0.1007292591447807,-0.0367087315100112,-0.0875417127285951,7.033390990857612e-05,2789,0.1946458703529621,0.1374379906547919,0.0876120466385036,SHAP_content,0,0,True
-0.0127714594279284,-0.1109984204936332,-0.0526654972227157,0.1247450977038104,0.0829032971637456,0.0460753468100114,0.0165075212829258,3259,0.1764353771442774,0.2076483948675561,0.0625828680929373,SHAP_rel,0,1,False
0.0167249913755806,0.1115255344252414,0.0677842492042109,0.1416838370937232,0.0460884945662692,0.1298880941734338,-0.000779539726985,755,0.1960347750050329,0.1877723316599924,0.1306676339004188,SHAP_content,1,1,True
-0.0202342179197641,-0.0659794999600521,-0.0543088333681669,-0.1268817582660177,-0.043216063143885,-0.1091997821236782,0.0002649149551233,2143,0.1405225512479832,0.1700978214099027,0.1094646970788016,SHAP_rel,0,0,True
0.0110985324238204,0.119539158241646,0.0674879432517502,0.1409430256462433,0.0458887904436726,0.1293496893835032,-0.0007761199265008,2199,0.1981256339172167,0.186831816089916,0.1301258093100041,SHAP_content,0,1,False
-0.0148221863678079,-0.0790123725032788,-0.0530890582808337,-0.1238687792533587,-0.0422896718890295,-0.1066828442344641,0.0002096727023322,3903,0.1469236171519205,0.1661584511423882,0.1068925169367963,SHAP_rel,0,0,True
-0.0026195494019912,0.1107943526165383,0.0696372619529388,0.1449748165629626,0.0471790633459708,0.1329539084540502,-0.0007991896342663,511,0.1830511639714684,0.1921538799089334,0.1337530980883166,SHAP_rel,1,1,True
-0.0183097258127693,-0.0063142278779386,-0.0624258442724212,-0.1454675830386668,-0.0496851006462017,-0.1244516633262946,0.0003804870712171,2125,0.0870497979631292,0.1951526836848685,0.1248321503975118,SHAP_rel,0,0,True
0.0052447326705746,0.1032484098298121,0.0696621406141314,0.1451700550197579,0.0472129590518418,0.1332434899174563,-0.0007998956950115,2436,0.1781552831145182,0.1923830140715997,0.1340433856124678,SHAP_rel,0,1,False
-0.0189240991385831,-0.1551228128590488,-0.0413571770892345,-0.0911115851938901,-0.0335659221019152,-0.0794566745928355,-1.6968850933371527e-05,3209,0.2154040890868665,0.1246775072958054,0.0794736434437688,SHAP_content,0,0,True
-0.0016739212676352,0.1340625136909295,0.0672130444480017,0.1401627463895738,0.0456844517310992,0.1284175571012532,-0.0007719766520673,731,0.2029494794065665,0.1858471981206731,0.1291895337533205,SHAP_content,1,1,True
-0.0187656042148093,-0.0538663089549212,-0.0566010307078915,-0.1320767267972585,-0.0449143785740293,-0.1136179188777737,0.0002867283002429,2220,0.1292329438776221,0.1769911053712878,0.1139046471780166,SHAP_rel,0,0,True
-0.0073257411411916,0.148972019599041,0.0660733275381581,0.1377410095376628,0.0450166374372673,0.1264427733622226,-0.0006807506243653,686,0.2223710882783908,0.1827576469749301,0.127123523986588,SHAP_content,1,1,True
0.281543112398125,0.0788553828268,0.0341470357375219,0.0692485284944995,0.0232457786081358,0.0641563614445427,-0.0003631628335763,530,0.394545530962447,0.0924943071026354,0.0645195242781191,SHAP_content,1,1,True
-0.0087854152565289,-0.1030774672091716,-0.0501501779346504,-0.1165191302432766,-0.0406098196788779,-0.1005739387587112,0.0001607092547762,4578,0.162013060400351,0.1571289499221546,0.1007346480134874,SHAP_content,0,0,True
-0.0058765071767511,0.147257886799008,0.0661360643415578,0.1379579109564601,0.0450257813700341,0.1265899672830655,-0.0007606923627178,765,0.219270458317317,0.1829836923264942,0.1273506596457834,SHAP_content,1,1,True
-0.0089027699817505,0.1388424545655114,0.0765345516240313,0.152781427540639,0.0508157049536793,0.0473720054599855,-0.0007114088437742,1479,0.2242797761712933,0.2035971324943183,0.0480834143037597,SHAP_content,1,1,True
-0.0115924852772482,-0.000762611361797,-0.063375138356306,-0.1477880124994885,-0.050591758566476,-0.1259641714957875,0.0004033918170857,2783,0.0757302349953513,0.1983797710659646,0.1263675633128732,SHAP_rel,0,0,True
0.0016057560497099,0.1091457570773062,0.0694098670461348,0.1446404422736238,0.0470520084786362,0.1327658684486966,-0.0007969652416982,2002,0.180161380173151,0.19169245075226,0.1335628336903949,SHAP_rel,1,1,True
0.0172916168608214,0.0917002553421824,0.0697720662439684,0.1455890494905233,0.0473063189859634,0.1328823488805265,-0.0008011760813671,1361,0.1787639384469724,0.1928953684764868,0.1336835249618937,SHAP_rel,1,1,True
-0.0068992109300477,0.1472822604900935,0.0663177176227882,0.1382609528773243,0.0451929243180367,0.1258155564971357,-0.0006488963007217,4560,0.2204991890429295,0.1834538771953611,0.1264644527978574,SHAP_content,0,1,False
-0.0161037206186559,-0.0436720816036021,-0.0587635882016537,-0.136984264963007,-0.0469036290366313,-0.1174302267531664,0.0003022713502758,3666,0.1185393904239118,0.1838878939996384,0.1177324981034422,SHAP_rel,0,0,True
-0.0289573116926254,-0.176700965248026,-0.0355320014129171,-0.0798702052606358,-0.0291515118810126,-0.0692624989367489,-8.074539447469088e-05,4282,0.2411902783535686,0.1090217171416484,0.0693432443312236,SHAP_content,0,0,True
0.0058983621536089,0.1058747237192112,0.0693459979464254,0.1445645932503311,0.0470205572779246,0.1327591440498474,-0.0007964636809857,179,0.1811190838192456,0.1915851505282557,0.1335556077308331,SHAP_rel,1,1,True
0.0095001166221641,0.1002080842328834,0.0695753369527824,0.1450036581628289,0.0471648585570621,0.1332629107690992,-0.0007993075232065,374,0.1792835378078299,0.1921685167198911,0.1340622182923058,SHAP_rel,1,1,True
5.9748849122007175e-05,-0.3445951044287176,-0.0652182631167538,0.0780723327788568,0.0313049113491904,0.0721574226824921,-0.000511587421188,1633,0.4098731163945935,0.1093772441280473,0.0726690101036801,SHAP_content,1,0,False
-0.0229959569228591,-0.033464252711562,-0.0593070584409648,-0.138262717179311,-0.0474179088221641,-0.1184142907190225,0.0003069449694428,4102,0.115767268075386,0.1856806260014751,0.1187212356884653,SHAP_rel,0,0,True
-0.0144208690146472,-0.059915450929775,-0.0563023281280128,-0.1314572347939968,-0.0448578236832926,-0.1128832309202934,0.000281697643577,2757,0.1306386480724351,0.1763150584772895,0.1131649285638705,SHAP_rel,0,0,True
-0.0018613555339341,-0.1230850121525914,-0.0484328258704571,-0.1110114879885554,-0.0391936635590335,-0.0960974946650232,0.0001265999431544,2985,0.1733791935569827,0.150205151547589,0.0962240946081776,SHAP_content,0,0,True
-0.0353489302115161,-0.1848452327929081,-0.0326466825266945,-0.0751457246746202,-0.026879559612456,-0.064648909650366,-4.0200357879736914e-05,2859,0.2528408455311188,0.1020252842870762,0.0646891100082457,SHAP_content,0,0,True
-0.0051006081974397,0.1370893258150403,0.0671824911847445,0.1401267595321295,0.0456635716978815,0.1285538313887747,-0.0007751267792302,1184,0.2093724251972245,0.1857903312300111,0.1293289581680049,SHAP_content,1,1,True
-0.0072865377488497,0.1347776183252267,0.0676782376284135,0.1410331726265804,0.0459578138051908,0.1291110019524626,-0.0007768457529711,1714,0.20974239370249,0.1869909864317713,0.1298878477054337,SHAP_content,1,1,True
0.0099856839811958,0.0777047715691759,0.0715631632188866,0.1485897439924912,0.0483657798203861,0.1368114979178866,-0.0008218849824209,3122,0.1592536187692585,0.1969555238128773,0.1376333829003075,SHAP_rel,0,1,False
-0.0189470551455881,-0.0450641231488303,-0.0580206056932164,-0.1353546234494562,-0.0462601758907105,-0.1162061122554531,0.0002974557568141,3184,0.1220317839876349,0.1816147993401668,0.1165035680122672,SHAP_rel,0,0,True
-0.029589378009927,-0.1694184996536046,-0.0367595748186466,-0.0821030576526232,-0.0301863577631967,-0.0714171811918772,-8.119073656520474e-05,2055,0.2357674524821783,0.1122894154158199,0.0714983719284424,SHAP_content,0,0,True
-0.0220732220028349,-0.1100224291609733,-0.0474810934272106,-0.1079974573576335,-0.0385444085336112,-0.0935547973316916,0.0001181679875146,4069,0.179576744591019,0.1465418658912448,0.0936729653192062,SHAP_content,0,0,True
-0.0123420313201359,-0.0864175005507479,-0.0523251119927015,-0.121938590581418,-0.0416893034610409,-0.10503667381581,0.0001939718954132,2718,0.1510846438635854,0.1636278940424589,0.1052306457112232,SHAP_rel,0,0,True
-0.0796574551414121,-0.1464195107883505,-0.0312891985149167,-0.0727488942107384,-0.0261198923610971,-0.0626983367277509,-0.0006219520821746,2080,0.2573661644446794,0.0988687865718356,0.0633202888099255,SHAP_content,0,0,True
-0.0017543332382945,0.1130569785359714,0.0695960322045499,0.1438647473642071,0.0470766210225188,0.1315925943725521,-0.0007974094669556,1793,0.184407343978816,0.1909413683867259,0.1323900038395077,SHAP_rel,1,1,True
0.0105137389669463,0.107631265794326,0.0687631292794165,0.1434997801235212,0.0466740416202339,0.1317064022459977,-0.0007902589268716,238,0.1869081340406889,0.1901738217437551,0.1324966611728693,SHAP_rel,1,1,True
0.0207239277248403,0.1071949248702397,0.067834220596323,0.1418131758499713,0.0461261971975188,0.1301720048444168,-0.0007802876410562,127,0.1957530731914031,0.1879393730474901,0.130952292485473,SHAP_content,1,1,True
-0.0001557927372022,0.1008983329728778,0.0703530025881314,0.1463832117674784,0.0476228988548031,0.1342630545123081,-0.000807328936156,354,0.1714071282982115,0.1940061106222815,0.1350703834484642,SHAP_rel,1,1,True
0.0114198505611026,0.1042297444945378,0.0690184734062779,0.1440009966864739,0.0468316605776725,0.132185009402489,-0.0007932425809225,164,0.1846680684619183,0.1908326572641465,0.1329782519834116,SHAP_rel,1,1,True
-0.0226522847297379,0.0566619186567674,0.0448375900439209,-0.1579432773246828,-0.0513379311864042,-0.1275717548415774,0.0002957198081449,4458,0.1241517934304263,0.2092812085110871,0.1278674746497223,SHAP_rel,0,0,True
-0.0031171208716748,0.1367160647719034,0.0670254699283147,0.1396668546705374,0.0456672367620769,0.1273431751168821,-0.0005836086639957,1510,0.206858655571893,0.1853340914326144,0.1279267837808778,SHAP_content,1,1,True
-0.0246017074699602,-0.1554550712636139,-0.0402966315185739,-0.0889112191664919,-0.0327201394316673,-0.0775367283363759,-3.374263975724351e-05,4147,0.2203534102521481,0.1216313585981593,0.0775704709761332,SHAP_content,0,0,True
-0.0280110654469268,-0.1792353838140454,-0.0352389249553283,-0.0793351233533273,-0.0289048727694898,-0.0687502640907963,-7.960539652656154e-05,2319,0.2424853742163006,0.1082399961228172,0.0688298694873228,SHAP_content,0,0,True
0.0775067438412728,0.1104231392670689,0.0613406132190443,0.1284022914283864,0.0421203447795428,0.1160084770900153,-0.0007085503090527,3199,0.2492704963273861,0.1705226362079293,0.1167170273990681,SHAP_content,0,1,False
0.0073014918152863,0.1025471769534051,0.0695433850629876,0.1449255857812241,0.0471415375989551,0.1331717838312809,-0.0007988093768556,1890,0.1793920538316791,0.1920671233801792,0.1339705932081366,SHAP_rel,1,1,True
-0.00029630748728,0.1090973666187463,0.0696065314416552,0.1450123322051729,0.0471697356438353,0.1328004191739573,-0.0007987754247373,1319,0.1790002055476816,0.1921820678490082,0.1335991945986946,SHAP_rel,1,1,True
-0.0309601401924599,-0.1799255610461169,-0.0345707552029884,-0.0780606173623486,-0.0283757921077444,-0.0675795615938314,-8.281232095102772e-05,4266,0.2454564564415653,0.106436409470093,0.0676623739147824,SHAP_content,0,0,True
-0.0197056776130838,-0.0909077018043913,-0.0502415532166404,-0.117064644683862,-0.0406961055901788,-0.1011087460602589,0.0001691891419745,3546,0.1608549326341156,0.1577607502740409,0.1012779352022334,SHAP_content,0,0,True
-0.018495251337288,-0.0664979916915651,-0.054527668378848,-0.1273752159561539,-0.0433925896632995,-0.1095327424886525,0.0002662196893666,2540,0.1395209114077012,0.1707678056194534,0.1097989621780191,SHAP_rel,0,0,True
0.0081498501871137,0.1120196376699689,0.0685425566663699,0.1430572801557413,0.0465349573004724,0.1312280545317612,-0.0007875104181113,472,0.1887120445234526,0.1895922374562138,0.1320155649498726,SHAP_rel,1,1,True
-0.0225541192041709,-0.1210500854495913,-0.0459659743634983,-0.1031832910211135,-0.0373643125351518,-0.0895285221990198,9.106494610507976e-05,3021,0.1895701790172606,0.1405476035562654,0.0896195871451249,SHAP_content,0,0,True
0.0039605763447692,0.1213850189132527,0.0679784366192207,0.1417176940387026,0.046166641586948,0.1302879028461784,-0.0007810935134157,1997,0.1933240318772427,0.1878843356256506,0.1310689963595941,SHAP_content,1,1,True
0.0136916981070699,0.0896339373897229,0.0702120585681959,0.1462593160217096,0.0475601532050807,0.1343838542449687,-0.0008067840947991,18,0.1735376940649887,0.1938194692267903,0.1351906383397678,SHAP_rel,1,1,True
-0.0055779617604844,-0.0022649124679821,-0.0650572683232881,-0.1523113067115857,-0.0519169153872145,-0.1136863722714173,0.000387703989333,3952,0.0729001425517547,0.2042282220988002,0.1140740762607504,SHAP_rel,0,0,True
0.0062285746487211,0.1117774603477722,0.0687344348752604,0.143335054228925,0.0466432996077817,0.1317158602046825,-0.0007896827252226,2956,0.1867404698717539,0.1899783538367068,0.1325055429299052,SHAP_rel,0,1,False
0.0065348256225474,0.084967714394886,0.0712384815568194,0.1478941464776261,0.0481577315403237,0.1360430532682776,-0.0008177655611098,2042,0.1627410215742529,0.1960518780179499,0.1368608188293874,SHAP_rel,1,1,True
-0.022583530535123,-0.0604677669587322,-0.0596850511457859,-0.1249086398461922,-0.0343193037486413,-0.1179408843077807,0.000349936715815,2137,0.1427363486396412,0.1592279435948335,0.1182908210235958,SHAP_rel,0,0,True
-0.0223727245851464,0.0557413499235131,0.0450956984293602,-0.1637288214886294,-0.0583786794784523,-0.1127285883546851,0.0001660033018283,1025,0.1232097729380198,0.2221075009670817,0.1128945916565135,SHAP_rel,1,0,False
-0.005352389507306,0.1371300210605066,0.0709163264383872,0.1307360508584728,0.0465808079165096,0.1181163211601476,-0.0007940383081634,97,0.2133987370061998,0.1773168587749824,0.118910359468311,SHAP_content,1,1,True
-0.018194541394267,-0.0574811677034234,-0.0560690873186325,-0.130977857644071,-0.0446688680785619,-0.112443638559453,0.0002799208719682,4216,0.131744796416323,0.1756467257226329,0.1127235594314212,SHAP_rel,0,0,True
0.0116266615019134,0.0243500634972892,0.075183401752352,0.1535910452465482,0.0503972174547878,0.1420255893910569,-0.0008604977365938,3114,0.1111601267515547,0.203988262701336,0.1428860871276508,SHAP_rel,0,1,False
-0.0325019352190373,-0.1917322552231627,-0.0316977011945896,-0.0736843367609683,-0.0262405187670318,-0.063384778666576,-0.0003137139950745,2835,0.2559318916367898,0.0999248555280002,0.0636984926616506,SHAP_content,0,0,True
-0.0177872602057732,-0.0742409437354433,-0.0534213578680619,-0.1246130556120936,-0.0423953280655134,-0.1073329897089639,0.0002356953694085,3161,0.1454495618092785,0.1670083836776071,0.1075686850783725,SHAP_rel,0,0,True
0.0002186000237596,0.0271990687597898,-0.0756891353472712,-0.0709748930969231,0.0033308234493292,-0.1380613422748589,0.0005484691630782,449,0.1031068041308208,0.0743057165462523,0.1386098114379371,SHAP_spat,1,0,False
-0.0069416831385871,0.1445509498642224,0.0665852448792595,0.138777205527893,0.0452868266867562,0.1271783429366935,-0.0007683722512087,550,0.2180778778820692,0.1840640322146493,0.1279467151879023,SHAP_content,1,1,True
0.0063950146228695,-0.005670831028993,-0.0644146517291664,-0.1500512353508578,-0.0515689064324057,-0.1264372647712782,0.0003884984530353,3744,0.076480497381029,0.2016201417832635,0.1268257632243136,SHAP_rel,0,0,True
0.0083751360074216,0.1116699247163322,0.0685526436215178,0.143075648642012,0.0465414233594423,0.1312957260585611,-0.0007876704258932,178,0.1885977043452717,0.1896170720014543,0.1320833964844544,SHAP_rel,1,1,True
-0.0353431582142644,-0.1493085709253681,-0.0637906992817962,-0.0225945923180053,0.0216824567314193,0.0324183974966983,0.0106698280586195,3654,0.2484424284214287,0.0442770490494246,0.0430882255553179,SHAP_content,0,0,True
-0.0078799196555322,0.1416212442114593,0.0669880922816338,0.1396360680539427,0.045542684415444,0.1279190162722287,-0.0007601286699729,1340,0.2164892561486255,0.1851787524693867,0.1286791449422017,SHAP_content,1,1,True
-0.0117507620536767,-0.0058974235550545,0.0352751152516297,-0.155453954476464,-0.0475195609504091,-0.1302590374986065,0.0003606110141568,4563,0.052923300860361,0.2029735154268731,0.1306196485127633,SHAP_rel,0,0,True
-0.0194487807823434,-0.0018878290685603,-0.062731811922487,-0.1461624425768163,-0.0498909064885783,-0.1246911927164154,0.0003795692572436,3548,0.0840684217733908,0.1960533490653947,0.1250707619736591,SHAP_rel,0,0,True
-0.0232229840164959,-0.0997995240218893,-0.0486240391291323,-0.1118284722700981,-0.0394961429301294,-0.0967225756894442,0.0001384982307485,3520,0.1716465471675176,0.1513246152002275,0.0968610739201927,SHAP_content,0,0,True
-0.0010064855668079,0.1087973638804006,0.0696960302417476,0.1451533416860426,0.0472215738805631,0.132971881924197,-0.0007997669080893,1591,0.1794998796889562,0.1923749155666057,0.1337716488322864,SHAP_rel,1,1,True
0.0132195946844738,0.0804153776880174,0.0710887985770103,0.1477500243038382,0.0480822600552013,0.1359219300104748,-0.0008166767771222,1516,0.1647237709495016,0.1958322843590396,0.1367386067875971,SHAP_rel,1,1,True
0.2581106420663137,0.0875543811415276,0.0369588967410491,0.0743116641101382,0.0253479649922145,0.0688671735057252,-0.0004067352202144,741,0.3826239199488906,0.0996596291023527,0.0692739087259396,SHAP_content,1,1,True
-0.0075595804840946,0.140872450160794,0.0670416700569912,0.1396818767453854,0.0456089811151226,0.1278236693975826,-0.0006949669116486,1769,0.2154737007018799,0.1852908578605081,0.1285186363092313,SHAP_content,1,1,True
-0.0195867523479585,-0.0433986025716488,-0.0581977836110939,-0.1357658306577553,-0.0464221251678342,-0.11648281029736,0.0002986648272102,4358,0.1211831385307013,0.1821879558255896,0.1167814751245702,SHAP_rel,0,0,True
-0.0072439270088269,0.1440205272426384,0.0666945763009468,0.1388783077342613,0.0453443931353145,0.1273140985648636,-0.0007695089762232,483,0.2179590305524122,0.1842227008695758,0.1280836075410868,SHAP_content,1,1,True
-0.0210805487523209,0.002258665376121,-0.0634902344220983,-0.1450894441102364,-0.0471918101298977,-0.1262264197332829,0.0004004126715119,4671,0.0868294485505403,0.1922812542401341,0.1266268324047948,SHAP_rel,0,0,True
-0.0039875493668064,-0.0546376566300833,0.0248923068157663,-0.1539023380826581,-0.0524712465449591,-0.131971540914294,0.0003938213516292,2810,0.0835175128126561,0.2063735846276172,0.1323653622659233,SHAP_rel,0,0,True
0.0749802138731327,0.1389514743701688,0.0581696260149723,0.1178670145422662,0.039846845859706,0.1110446080950842,-0.0006748178451809,2021,0.272101314258274,0.1577138604019723,0.1117194259402652,SHAP_content,1,1,True
-0.0207500779184379,-0.4572946984953735,-0.0343024759316994,0.0507426190389143,0.0188421288446656,0.0438692957079481,-0.000171893212279,4647,0.5123472523455109,0.0695847478835799,0.0440411889202272,SHAP_content,0,0,True
0.0157293629527892,0.0826199048266614,0.0706887790793108,0.1470086311508147,0.0478411718556834,0.1353008381990894,-0.0008122091390015,1910,0.1690380468587614,0.1948498030064981,0.1361130473380909,SHAP_rel,1,1,True
0.0167162582693794,0.106342861717833,0.0683177115202748,0.1427774481580459,0.0464185549458045,0.130861343919876,-0.0007854608744826,2485,0.1913768315074873,0.1891960031038504,0.1316468047943587,SHAP_content,0,1,False
-0.0076933496040511,0.1484747921599163,0.0661854971145678,0.1380336387615119,0.0450661992435122,0.1265516707103788,-0.0007368601503382,780,0.2223536388785352,0.1830998380050241,0.1272885308607171,SHAP_content,1,1,True
0.0159804694124806,0.0420884387642144,0.0738443953981624,0.1520449453601613,0.0496699666821708,0.1403647000370547,-0.0008430297464753,77,0.1319133035748574,0.2017149120423321,0.1412077297835301,SHAP_rel,1,1,True
-0.0077658465736587,0.1439029530945812,0.066723746453811,0.1389534126809755,0.0453669859268037,0.1276380444266168,-0.0007629808105883,1889,0.218392546122051,0.1843203986077792,0.1284010252372051,SHAP_content,1,1,True
-0.018345748737144,-0.1397802026563632,-0.0439392004966114,-0.0970678176505025,-0.0357209476031518,-0.0847335509189869,3.222823631949395e-05,4340,0.2020651518901187,0.1327887652536543,0.0847657791553064,SHAP_content,0,0,True
-0.0061271981264777,0.1284242958954224,0.0682468413238723,0.1421951035847888,0.0463132149673377,0.129994648645011,-0.0007830896799762,673,0.2027983353457725,0.1885083185521265,0.1307777383249873,SHAP_content,1,1,True
-0.0223992684471998,0.0019155179425807,-0.0627049207533044,-0.1462413841371224,-0.0500812644570556,-0.1252257452619683,0.000385571323324,2203,0.087019707143085,0.196322648594178,0.1256113165852924,SHAP_rel,0,0,True
0.0156097053855745,0.087069689749252,0.0702772519329029,0.1463990067008971,0.0476027205345619,0.1345956405284593,-0.0008075956253867,458,0.1729566470677296,0.194001727235459,0.135403236153846,SHAP_rel,1,1,True
-0.016542580150733,-0.0494182751269213,-0.0577306276401948,-0.1346658996316116,-0.0459837937253039,-0.1155077823242616,0.0002937187725855,2865,0.1236914829178493,0.1806496933569156,0.1158015010968471,SHAP_rel,0,0,True
0.0036023605755041,0.122364538167958,0.0679192204634171,0.1416723106317665,0.0461348132941694,0.1300078601340895,-0.0007802904067738,752,0.1938861192068793,0.187807123925936,0.1307881505408634,SHAP_content,1,1,True
0.0254851460690563,0.0660279429807284,0.0713440012501199,0.1484375523087523,0.0482559395470611,0.1362190093420712,-0.0008171013915645,121,0.1628570902999047,0.1966934918558135,0.1370361107336357,SHAP_rel,1,1,True
-0.0465873347078893,-0.1774245367204281,-0.0316786647572935,-0.073740446199164,-0.0262883771898203,-0.0634504002340115,-0.0003854800178336,3637,0.255690536185611,0.1000288233889843,0.0638358802518452,SHAP_content,0,0,True
-0.0076795153185458,0.1376138458333555,0.0673884269726418,0.1403914615981547,0.0457756947630661,0.1288709912772867,-0.0007772290112805,699,0.2126817881245433,0.1861671563612208,0.1296482202885672,SHAP_content,1,1,True
-0.0161829435523778,-0.1033971937413193,-0.0490636593624506,-0.11330329925935,-0.0398684459775242,-0.0978825578204844,0.0001428598870656,2924,0.1686437966561478,0.1531717452368743,0.09802541770755,SHAP_content,0,0,True
-0.0080295847426388,0.0067444044570216,0.0514754516036648,-0.0921006631328325,-0.0037825210509112,-0.1395563594225705,0.000522279219214,4167,0.0662494408033253,0.0958831841837437,0.1400786386417845,SHAP_spat,0,0,True
0.0116258659262119,0.1279366806120211,0.0692212292221595,0.1419223547309548,0.0470862861594096,0.1074386490405138,-0.0002704788901,1492,0.2087837757603927,0.1890086408903644,0.1077091279306139,SHAP_content,1,1,True
-0.0193697203815957,-0.0202572963174786,-0.0612801665569699,-0.1424715666929925,-0.0484246023537014,-0.1215625511141538,0.0003579860872234,4633,0.1009071832560444,0.190896169046694,0.1219205372013772,SHAP_rel,0,0,True
-0.0040809956762408,0.1430557033939818,0.0663762810458651,0.1383805723154829,0.0452646061432148,0.1266135448253314,-0.0005954906029094,1948,0.2135129801160878,0.1836451784586977,0.1272090354282409,SHAP_content,1,1,True
-0.009570649971742,-0.0647638984200145,-0.0563376006668965,-0.1314601371617588,-0.044886423391933,-0.1128173041402894,0.0002807739261936,2086,0.1306721490586531,0.1763465605536919,0.1130980780664831,SHAP_rel,0,0,True
-0.13649503687594,-0.0907883149827387,-0.0310493247775538,-0.0723609030763951,-0.025960130315152,-0.0622880451392404,-0.0006134846594206,3365,0.2583326766362326,0.0983210333915471,0.0629015297986611,SHAP_content,0,0,True
-0.0040907485022518,0.1273291218448429,0.068119474186562,0.1420103735517089,0.0462438351664071,0.1302484073430921,-0.0007822687188163,31,0.1995393445336568,0.1882542087181161,0.1310306760619084,SHAP_content,1,1,True
-0.0226985462027202,-0.0766178733481626,-0.0521398072294181,-0.1217062512842848,-0.041652266658399,-0.104938833867377,0.0001983387639213,2154,0.151456226780301,0.1633585179426839,0.1051371726312984,SHAP_rel,0,0,True
-0.0128249688638551,-0.1758497966667193,-0.0387458039372715,-0.08577009447256,-0.0316028237618683,-0.0747023819110223,-5.937021314387885e-05,2758,0.227420569467846,0.1173729182344284,0.0747617521241661,SHAP_content,0,0,True
0.0187755373203684,0.0087955574976456,0.0756764432644649,0.1540152292036939,0.0506572367871357,0.1418630943844272,-0.0008672094181002,69,0.103247538082479,0.2046724659908296,0.1427303038025275,SHAP_rel,1,1,True
0.014035104559114,0.0923633913683392,0.0699235133351757,0.1457544467765837,0.0473877819422632,0.1338931156809752,-0.0008035428126652,1449,0.1763220092626291,0.193142228718847,0.1346966584936405,SHAP_rel,1,1,True
-0.0223051609416003,-0.041172057491461,-0.0580977027242825,-0.1355672829763941,-0.0463436855153468,-0.1163678227794645,0.0002984726021088,3175,0.1215749211573439,0.181910968491741,0.1166662953815733,SHAP_rel,0,0,True
-0.020930613285773,0.0045985156075053,-0.0631355077499257,-0.1472008101846136,-0.0503253702166534,-0.1250953424392002,0.0003804448226112,3627,0.0886646366432041,0.1975261804012671,0.1254757872618114,SHAP_rel,0,0,True
-0.0241601697199844,-0.1724278267661907,-0.03717978107366,-0.0829532818455426,-0.0305673227884053,-0.0721893541939733,-7.750343868419794e-05,3877,0.2337677775598353,0.1135206046339479,0.0722668576326575,SHAP_content,0,0,True
-0.0197604206948364,-0.1121191611270243,-0.0475084343211548,-0.1080718805646036,-0.0385687260750814,-0.0936441546376306,0.0001175375938903,3959,0.1793880161430156,0.146640606639685,0.093761692231521,SHAP_content,0,0,True
-0.0151994863489997,-0.0579683578268047,-0.056588493153985,-0.1321302848081769,-0.0450770612246401,-0.1128721920732142,0.0002806356093801,4465,0.1297563373297895,0.177207346032817,0.1131528276825944,SHAP_rel,0,0,True
0.000453806088838,-0.0618262597335768,0.0252875043736504,-0.1516708563599691,-0.0494885155098468,-0.1319793551045115,0.0004020231922511,3221,0.0875675701960653,0.2011593718698159,0.1323813782967627,SHAP_rel,0,0,True
-0.0213830534939964,-0.1509195757461711,-0.0416296456096072,-0.0917476972440878,-0.0338038425222039,-0.0800610871951406,-1.033801523348324e-05,3146,0.2139322748497747,0.1255515397662917,0.080071425210374,SHAP_content,0,0,True
0.0092072919145491,0.10821807753614,0.0688329183984814,0.1435128455650327,0.0467062503482171,0.1318505660600605,-0.0007908926462488,1531,0.1862582878491706,0.1902190959132498,0.1326414587063094,SHAP_rel,1,1,True
-0.0170169911661983,-0.0566585456792132,-0.0564088616777388,-0.1317300241415255,-0.0449363116997161,-0.1130873983228756,0.0002828928608269,2432,0.1300843985231505,0.1766663358412416,0.1133702911837026,SHAP_rel,0,0,True
-0.0172898364224736,-0.0938805314143453,-0.0504918804247198,-0.1170944465749697,-0.040209003193315,-0.1007599566523096,0.0001704148556926,3574,0.1616622482615388,0.1573034497682847,0.1009303715080022,SHAP_content,0,0,True
-0.0204822453392803,-0.0297291278729347,-0.0602194919701488,-0.1400577216783672,-0.0478298605303723,-0.1199418146308023,0.0003469122295445,3182,0.1104308651823639,0.1878875822087395,0.1202887268603468,SHAP_rel,0,0,True
-0.0068911046670929,0.1243408083518789,0.0699727787375893,0.1365208523003828,0.0466706660713202,0.1309127988048961,-0.0007992154604622,1912,0.2012046917565612,0.183191518371703,0.1317120142653583,SHAP_content,1,1,True
-0.0042059720327987,0.1241780152111091,0.068473777987196,0.1427151993104657,0.0464620809649515,0.1306789281105712,-0.000786012814868,504,0.1968577652311039,0.1891772802754173,0.1314649409254392,SHAP_content,1,1,True
-0.0007127218009634,0.114258357674593,0.0691878071850432,0.1442152613178781,0.0469127137633927,0.1315954549412819,-0.0007936538528384,339,0.1841588866605997,0.1911279750812709,0.1323891087941204,SHAP_rel,1,1,True
-0.0186460977732204,-0.1331893614277554,-0.0448515922973553,-0.0997434839940008,-0.0364842978670882,-0.0866913140510829,5.090758406247134e-05,3580,0.1966870514983311,0.1362277818610891,0.0867422216351454,SHAP_content,0,0,True
-0.0163632070233246,-0.0442683077526412,-0.0586489615167624,-0.1366957458913149,-0.0467531631393801,-0.1171267327970958,0.0003008782940783,4408,0.1192804762927283,0.183448909030695,0.1174276110911741,SHAP_rel,0,0,True
-0.0048343546233982,0.1263120618591173,0.0683521675478134,0.1425043584640537,0.0463874963141445,0.1300451160860026,-0.000784243751805,798,0.199498584030329,0.1888918547781982,0.1308293598378077,SHAP_content,1,1,True
-0.0215649782551142,-0.0929641626745773,-0.0496878708486135,-0.1154286627469894,-0.0403553993511013,-0.0997109737562325,0.0001568078061876,4413,0.164217011778305,0.1557840620980908,0.0998677815624201,SHAP_content,0,0,True
-0.0173709728217772,-0.0476833419607109,-0.0578613919772296,-0.1349632461769284,-0.0460974414773684,-0.1158746637391325,0.0002958183267065,4517,0.1229157067597177,0.1810606876542968,0.116170482065839,SHAP_rel,0,0,True
0.010673977808938,0.1041032601684066,0.0691024279025427,0.1441819770459439,0.0468834429739397,0.1322586365213973,-0.0007940274962179,61,0.1838796658798874,0.1910654200198837,0.1330526640176152,SHAP_rel,1,1,True
0.0043860820248012,0.1056088296276118,0.0695143424159447,0.1448771953233739,0.0471210622891694,0.1329330889721001,-0.000798170571038,1775,0.1795092540683578,0.1919982576125434,0.1337312595431382,SHAP_rel,1,1,True
-0.0225873482513818,0.0190252990985643,-0.0655189776769174,-0.1477810290855622,-0.0464176357962146,-0.1235815414788778,0.0003939826793392,2845,0.1071316250268636,0.1941986648817768,0.123975524158217,SHAP_rel,0,0,True
-0.0227283537653052,-0.0338511502635443,0.0699217348833168,-0.0744069942882994,-0.0036084846659962,0.0409555372380252,0.0164764520170699,4632,0.1265012389121664,0.0780154789542956,0.0574319892550951,SHAP_content,0,0,True
-0.0116111651239472,-0.0825784934535178,-0.0530435162608378,-0.1237061837808717,-0.0422813395832532,-0.1065402147164125,0.0002056730923996,2460,0.1472331748383029,0.1659875233641249,0.1067458878088122,SHAP_rel,0,0,True
-0.0072496471311895,0.1399870044899484,0.0670470193571721,0.139690333275435,0.0456251207704966,0.1283033783342689,-0.0006739913135145,1567,0.2142836709783101,0.1853154540459317,0.1289773696477835,SHAP_content,1,1,True
-0.0332266715687389,-0.1894494716028372,-0.0320156640928859,-0.074514347136331,-0.0263552590608596,-0.0639609010300288,-3.29253347590569e-05,2848,0.2546918072644622,0.1008696061971907,0.0639938263647878,SHAP_content,0,0,True
-0.0060368373251653,0.1490349164775441,0.065937687482951,0.1373868227373986,0.0449562929064212,0.1260407329294387,-0.0006125026429515,1689,0.2210094412856605,0.1823431156438199,0.1266532355723903,SHAP_content,1,1,True
-0.0218127968884516,-0.145920737681489,-0.0423783727124155,-0.0934462219610632,-0.0344212965953296,-0.0815785296606343,2.715672942864983e-06,4153,0.2101119072823562,0.1278675185563929,0.0815812453335772,SHAP_content,0,0,True
-0.0163426117610984,-0.0483903922056335,-0.0579293236368823,-0.135158345545132,-0.0462093409673488,-0.1158198788151632,0.0002946531048177,2986,0.1226623276036143,0.1813676865124809,0.116114531919981,SHAP_rel,0,0,True
-0.0243418432379451,-0.1391635968155847,-0.0430436001637329,-0.0950512350222561,-0.0350000775533262,-0.0829711242907214,1.6237257126109142e-05,2419,0.2065490402172629,0.1300513125755824,0.0829873615478476,SHAP_content,0,0,True
-0.0077624147932624,0.1464407578299177,0.0664649063996705,0.1382540759586152,0.0452191652785099,0.1270166160714857,-0.0007232530332126,1568,0.2206680790228506,0.1834732412371251,0.1277398691046983,SHAP_content,1,1,True
-0.0368766562913411,-0.1846534674151666,-0.0322913802675459,-0.0747999722364225,-0.0266095892156341,-0.0642844743029702,-3.970009736006808e-05,3965,0.2538215039740537,0.1014095614520566,0.0643241744003303,SHAP_content,0,0,True
-0.0223838484371303,-0.0703456503143756,-0.0532467647680924,-0.124352211584204,-0.0423437172561174,-0.1071350815723251,0.0002520341058039,2339,0.1459762635195984,0.1666959288403215,0.1073871156781291,SHAP_rel,0,0,True
-0.0216614572795639,-0.0151208644635265,-0.0613415519404446,-0.1430710686642587,-0.0490570735191216,-0.1225530937703859,0.0003664576434308,2094,0.0981238736835351,0.1921281421833804,0.1229195514138167,SHAP_rel,0,0,True
0.0105829825104618,0.1012097027321745,0.0693872124566475,0.1447550472332874,0.0470591847239772,0.1327939559250538,-0.0007972196208845,2041,0.1811798976992838,0.1918142319572646,0.1335911755459383,SHAP_rel,1,1,True
-0.0219998588140698,-0.0250213107290633,-0.0604123943399282,-0.1408168576768089,-0.0483345206223228,-0.1207436827931974,0.0003538322714046,2200,0.1074335638830615,0.1891513782991318,0.121097515064602,SHAP_rel,0,0,True
-0.0224102518167791,-0.0995150387688053,-0.0487733368566703,-0.1123246450277177,-0.0396135933152843,-0.0970589648117754,0.0001405907705914,2272,0.1706986274422547,0.1519382383430021,0.0971995555823668,SHAP_content,0,0,True
0.2780119652492661,0.0789850645315877,0.0347617153806965,0.0704505632512626,0.0237302272880804,0.0652541367916745,-0.0003762522334498,381,0.3917587451615503,0.094180790539343,0.0656303890251244,SHAP_content,1,1,True
-0.0199526314222962,-0.1114109590969137,-0.0475772187605588,-0.1083277021987762,-0.0386586917424352,-0.0937464479092907,0.0001184113038304,3864,0.1789408092797688,0.1469863939412115,0.0938648592131212,SHAP_content,0,0,True
-0.0152036330644707,-0.1282011675484521,-0.0460040471174177,-0.1032507748160555,-0.0373960550865824,-0.0895865254384198,8.696324495775787e-05,2412,0.1894088477303406,0.1406468299026379,0.0896734886833776,SHAP_content,0,0,True
-0.0184296583189584,-0.0554739004231635,-0.0563664107540888,-0.1316387219889355,-0.0448880454371018,-0.1130414023664115,0.0002828994622187,3912,0.1302699694962107,0.1765267674260374,0.1133243018286303,SHAP_rel,0,0,True
-0.0078722547029718,0.1435639363728199,0.066793448668195,0.1392915308400102,0.0454403646177656,0.127269541888409,-0.0007350706390681,1390,0.2182296397439868,0.1847318954577758,0.1280046125274772,SHAP_content,1,1,True
-0.0233237534930618,-0.0286136583116215,-0.0599557758880158,-0.1396947746225632,-0.0479713780009187,-0.1197918422065364,0.0003463617884553,4238,0.1118931876926992,0.187666152623482,0.1201382039949919,SHAP_rel,0,0,True
-0.0256993530377125,-0.1586847758817796,-0.039492581475526,-0.0873033249168656,-0.0321590136204225,-0.0761666400077131,-4.955088642115413e-05,3914,0.2238767103950182,0.1194623385372881,0.0762161908941343,SHAP_content,0,0,True
0.011405254871274,0.1131310338949163,0.0681183958376447,0.1422506090821698,0.0462809321256354,0.1305611951611937,-0.0007832159313062,1952,0.1926546846038351,0.1885315412078052,0.1313444110925,SHAP_content,1,1,True
-0.017626691971728,0.0231096785098225,-0.07777088670539,-0.0647495205773129,0.005781270843487,-0.0964970715814048,-1.3987555612051186e-05,4162,0.1185072571869406,0.0705307914207999,0.0965110591370168,SHAP_content,0,0,True
-0.0192198375426009,-0.1508506777897875,-0.0420106511024225,-0.0925863293987321,-0.0341366831927804,-0.080745979067304,-5.081732812821371e-06,2915,0.2120811664348111,0.1267230125915125,0.0807510608001168,SHAP_content,0,0,True
-0.0220855017013049,-0.1447000188973864,-0.0425331523797608,-0.0938021522004911,-0.0345444396404061,-0.0818955342734365,5.559266345316061e-06,2342,0.2093186729784522,0.1283465918408973,0.0819010935397818,SHAP_content,0,0,True
-0.0076673594786382,0.137214014082038,0.0674423362986583,0.1405819903476873,0.0458143742753281,0.1287677539082332,-0.0007776323428288,245,0.2123237098593346,0.1863963646230155,0.1295453862510621,SHAP_content,1,1,True
-0.0078355028027488,0.1440240167990503,0.0666931904634638,0.1390089124040235,0.0453629884731822,0.1276466594983691,-0.0007539466231883,1439,0.218552710065263,0.1843719008772057,0.1284006061215575,SHAP_content,1,1,True
0.0043104517512197,0.1180440014441983,0.0682971323467347,0.1423634881761723,0.0463641350628985,0.1307981727957902,-0.0007845933903452,1022,0.1906515855421528,0.1887276232390709,0.1315827661861354,SHAP_content,1,1,True
-0.0298140461728908,-0.1815042749114023,-0.034504324130093,-0.0779178648878199,-0.0282785187681826,-0.0674556862365764,-8.052471947546033e-05,3233,0.2458226452143862,0.1061963836560025,0.0675362109560519,SHAP_content,0,0,True
0.0059076406573432,0.0135888059868342,-0.0476731188418786,0.1523529902193251,0.0530608454249976,0.1440872223457499,-0.0009184950742693,411,0.0671695654860561,0.2054138356443228,0.1450057174200192,SHAP_rel,1,1,True
-0.0276885869723211,-0.1839453988193001,-0.0344622048268183,-0.0778065638341719,-0.0281966108448271,-0.0673781791467307,-7.769538227114098e-05,2261,0.2460961906184395,0.106003174678999,0.0674558745290019,SHAP_content,0,0,True
-0.0059903178200833,0.1279898080979695,0.0684393055422142,0.1426938510824527,0.0464379145042261,0.1286975570850606,-0.0007837518215888,1062,0.2024194314602671,0.1891317655866788,0.1294813089066495,SHAP_content,1,1,True
-0.002282831162303,-0.0398211076018356,-0.0683350923695556,-0.1294666049760722,-0.0503899188747274,-0.0160048615042386,0.0069317868096487,4609,0.1104390311336943,0.1798565238507996,0.0229366483138874,SHAP_rel,0,0,True
-0.083194756237546,-0.1431383938181567,-0.0312409424451844,-0.0726664940647204,-0.0261108025980536,-0.0625799421258936,-0.0006239085368856,3561,0.2575740925008872,0.098777296662774,0.0632038506627792,SHAP_content,0,0,True
0.0045967496472987,0.1021533522432937,0.0698253104603806,0.1454523271971959,0.0473099173317619,0.1335131513654209,-0.000801669922879,665,0.1765754123509731,0.1927622445289578,0.1343148212882999,SHAP_rel,1,1,True
-0.0108246988580517,-0.1483754846724637,-0.0463549680716934,-0.0966197092839782,-0.029411798373419,-0.0880853617302408,0.0001167811634063,4631,0.2055551516022088,0.1260315076573973,0.0882021428936471,SHAP_content,0,0,True
-0.0074027797554486,0.1442643851222293,0.0666348688664979,0.1389383904285551,0.0453212083963499,0.1274373807727492,-0.0007690799509042,4379,0.2183020337441759,0.184259598824905,0.1282064607236534,SHAP_content,0,1,False
-0.0200532325028795,-0.0767508259459753,-0.0525886671045529,-0.1227184212653941,-0.0418550330042573,-0.1057947696002554,0.0002057095968741,4188,0.1493927255534078,0.1645734542696514,0.1060004791971295,SHAP_rel,0,0,True
-0.0144730705906016,-0.0595514431420403,-0.0563608845745523,-0.1315526012352978,-0.0448616173754756,-0.1130383357163518,0.0002827128078788,4641,0.1303853983071943,0.1764142186107734,0.1133210485242307,SHAP_rel,0,0,True
0.0043237082092531,0.1097323186869865,0.0691144077250556,0.1440948058298922,0.0468754875132636,0.132274131216774,-0.0007937337066534,114,0.1831704346212954,0.1909702933431559,0.1330678649234275,SHAP_rel,1,1,True
-0.0069381553829158,0.1297838934929598,0.0683730298444805,0.1416421184958446,0.0463284407825696,0.1292695238409741,-0.0007835111218016,3989,0.2050950787203562,0.1879705592784143,0.1300530349627758,SHAP_content,0,1,False
-0.0215927804888757,-0.0593803789249532,-0.0551577505402799,-0.1289019361230146,-0.0439193210150336,-0.1108761896915024,0.0002731169572188,2302,0.1361309099541089,0.1728212571380482,0.1111493066487213,SHAP_rel,0,0,True
-0.0413366558709228,-0.1822916288452577,-0.0317806995488437,-0.0740569596806585,-0.0262034166269669,-0.0636918751101364,-0.0001940041436547,2477,0.2554089842650243,0.1002603763076254,0.0638858792537912,SHAP_content,0,0,True
-0.0164808177024436,-0.0909760119258425,-0.0507971321862811,-0.1183813078838089,-0.0409966852767392,-0.1020977132109303,0.0001744283596053,3250,0.1582539618145674,0.1593779931605482,0.1022721415705357,SHAP_rel,0,0,True
-0.0008570617451996,0.114555470954405,0.0690960489357156,0.144001516241048,0.0468548188092453,0.1321932991601172,-0.000793323726615,118,0.1845085816353204,0.1908563350502933,0.1329866228867322,SHAP_rel,1,1,True
0.0005026401593128,0.1235275415919191,0.0680934729363237,0.1420535326191624,0.0462410095192581,0.1301603162144088,-0.0007819629900068,1981,0.1921236546875556,0.1882945421384205,0.1309422792044157,SHAP_content,1,1,True
-0.0223685122886007,-0.0284046485677937,-0.0600715616901982,-0.1399566353232867,-0.0480378871888499,-0.1200056897491172,0.0003480741695855,2180,0.1108447225465927,0.1879945225121366,0.1203537639187028,SHAP_rel,0,0,True
0.0303893996502405,0.018427263619733,0.0743932329488119,0.1527153259711783,0.049948566415081,0.1414255475259519,-0.0008522905514442,162,0.1232098962187855,0.2026638923862594,0.1422778380773961,SHAP_rel,1,1,True
-0.0010403625153981,0.1094964362414821,0.069638106349013,0.1450501531257871,0.0471865514381123,0.1328023543877173,-0.000799071292925,263,0.1801749051058933,0.1922367045638995,0.1336014256806424,SHAP_rel,1,1,True
0.0005682737951916,0.1177160959598121,0.0686821149730877,0.1432318213123031,0.0466045510704142,0.1311856957817272,-0.0007885003778639,775,0.1869664847280914,0.1898363723827173,0.1319741961595912,SHAP_rel,1,1,True
-0.0147762729103367,-0.0567620195054138,-0.0567641077730804,-0.1325192622758138,-0.045243077637162,-0.1137765159412908,0.0002860162166568,4264,0.128302400188831,0.1777623399129758,0.1140625321579476,SHAP_rel,0,0,True
0.0120061899219595,0.1125972607049735,0.0681187268217049,0.1422672066978134,0.0462829058019089,0.1305386283234028,-0.0007832342835498,651,0.1927221774486381,0.1885501124997223,0.1313218626069526,SHAP_content,1,1,True
-0.0206042682495011,-0.0804378621569568,-0.0518512124859151,-0.1209816403441641,-0.0415070630032458,-0.1043642488447838,0.0001910552581262,3723,0.1528933428923731,0.16248870334741,0.10455530410291,SHAP_rel,0,0,True
-0.0177725214611383,-0.1045391305369281,-0.0487190687141957,-0.1121185290434042,-0.0395684676203832,-0.096975421437927,0.000137898987536,4243,0.1710307207122622,0.1516869966637875,0.0971133204254631,SHAP_content,0,0,True
0.0097912177570785,0.0493210357781499,-0.0761613649042943,-0.0094091456939155,0.0239975838291769,-0.1358605873677879,0.0004380346986775,1170,0.1352736184395228,0.0334067295230924,0.1362986220664654,SHAP_spat,1,0,False
-0.0227101189585268,-0.034218302715991,-0.0592034240907856,-0.1380103932634173,-0.0473102360497716,-0.1184102283746802,0.000307463626732,4332,0.1161318457653035,0.185320629313189,0.1187176920014123,SHAP_rel,0,0,True
-0.0216130795488133,-0.06628137418814,-0.0540322267559046,-0.126239257289252,-0.0429856824801924,-0.1086659668909075,0.0002623473267691,3011,0.141926680492858,0.1692249397694444,0.1089283142176767,SHAP_rel,0,0,True
0.0073975671353481,-0.0537482735042106,-0.0562642471185841,-0.1312207109566578,-0.0745723045743181,-0.1071073298012016,-0.0068781391023769,4651,0.1174100877581429,0.2057930155309759,0.1139854689035786,SHAP_rel,0,0,True
-0.0201111472511131,-0.0322901522863124,-0.0599086515746479,-0.1395660780604396,-0.0479287205373956,-0.119639288900553,0.0003431687164342,3874,0.1123099511120734,0.1874947985978353,0.1199824576169873,SHAP_rel,0,0,True
-0.0116808638498408,-0.1051440349022768,-0.0499247668939864,-0.1151121935708049,-0.0394318868170403,-0.0984188364728886,0.0001573426803973,4645,0.1667496656461042,0.1545440803878452,0.0985761791532859,SHAP_content,0,0,True
-0.0068817058370139,0.1390470641966288,0.0671523066985732,0.139995258377244,0.045638355903017,0.1284243452074006,-0.0007746759587898,1368,0.213081076732216,0.185633614280261,0.1291990211661904,SHAP_content,1,1,True
-0.0064567740097907,0.1503610824671618,0.0658395945422705,0.1372824996050803,0.0448314163019614,0.1261682672782224,-0.0007487359827029,897,0.2226574510192232,0.1821139159070418,0.1269170032609254,SHAP_content,1,1,True
-0.0069953275246631,0.1440773530352771,0.0665619451377452,0.1386918009921821,0.0453331200146958,0.1274916753373331,-0.0006594819347152,928,0.2176346256976855,0.1840249210068779,0.1281511572720483,SHAP_content,1,1,True
0.0183689145498596,0.0916741265673191,0.0696292713489382,0.1451233317218721,0.0472072165335217,0.1333508634657288,-0.0008002371098846,14,0.179672312466117,0.1923305482553939,0.1341511005756134,SHAP_rel,1,1,True
-0.0206057981213642,-0.0923951350824374,-0.0499189375236718,-0.1160979351007623,-0.0404010743443477,-0.1002971533751669,0.00016079372131,2548,0.1629198707274736,0.15649900944511,0.1004579470964769,SHAP_content,0,0,True
-0.0030864540434754,0.1235452431909117,0.0684029236584902,0.1425102809021871,0.046415945087249,0.1309710771022365,-0.0007855931169663,967,0.1950346208928774,0.1889262259894362,0.1317566702192029,SHAP_content,1,1,True
-0.0049562672979334,0.1469448917349357,0.0660265812264932,0.1375135626835925,0.0450266738455919,0.1263767535527724,-0.0005871217921819,1106,0.2179277402593623,0.1825402365291845,0.1269638753449543,SHAP_content,1,1,True
-0.0206929498873428,-0.0596244252047589,-0.055279958935277,-0.1291518553881684,-0.0439904285329172,-0.1110897670755872,0.0002741451976111,4315,0.1355973340273789,0.1731422839210856,0.1113639122731983,SHAP_rel,0,0,True
-0.0086500405541932,0.1250148142632096,0.0783813829384743,0.149792652035132,0.0515039383998761,0.0444320768248289,-0.0007179037931685,3968,0.2120462377558772,0.2012965904350082,0.0451499806179975,SHAP_content,0,1,False
-0.0060548800857115,0.1515643214257434,0.0656721995420132,0.1369232352925465,0.0447207635060573,0.1258379967398941,-0.0007457747055838,1254,0.2232914010534681,0.1816439987986038,0.1265837714454779,SHAP_content,1,1,True
-0.0061833604538059,-0.0179752333702387,0.0327970776845523,-0.1590631782363191,-0.0527659424621323,-0.127892181714409,0.0003254292602318,2648,0.056955671508597,0.2118291206984514,0.1282176109746408,SHAP_rel,0,0,True
-0.020702164224105,-0.1496633159397835,-0.0419578517761436,-0.0924713969159139,-0.034069580182422,-0.0806859323236359,-4.998464436663588e-06,2923,0.2123233319400321,0.1265409770983359,0.0806909307880726,SHAP_content,0,0,True
-0.0190283176835316,-0.0571914005246944,-0.0560334384956707,-0.1307195672937668,-0.0444232779910477,-0.1124403336145914,0.0002810957768621,4654,0.1322531567038968,0.1751428452848145,0.1127214293914536,SHAP_rel,0,0,True
-0.0076096954260108,0.145305649041065,0.0665108583835175,0.1386353854085539,0.0452792910531695,0.1273074140913695,-0.0007035848201651,1639,0.2194262028505935,0.1839146764617235,0.1280109989115347,SHAP_content,1,1,True
-0.0110870496325995,0.1240454911164761,-0.0352263721224097,0.1545318380122827,0.0511419910304692,0.1439557699310106,-0.0008720864969793,1133,0.1703589128714854,0.2056738290427519,0.1448278564279899,SHAP_rel,1,1,True
-0.0181325232240458,-0.0679849190711752,-0.054739420823265,-0.1268082069471877,-0.0423417447559934,-0.1098214114118766,0.0002729864071034,4398,0.1408568631184861,0.1691499517031812,0.11009439781898,SHAP_rel,0,0,True
0.0228582819567637,0.0785622002647836,0.070453314868201,0.1468372140347603,0.0477231648155443,0.1347604113672194,-0.0008095510622841,3519,0.1718737970897485,0.1945603788503047,0.1355699624295035,SHAP_rel,0,1,False
-0.0230091306764543,0.0163806838136875,-0.0644668346508627,-0.1468392230704027,-0.0474454295182201,-0.127919594009429,0.0004327392326446,1878,0.1038566491410046,0.1942846525886228,0.1283523332420736,SHAP_rel,1,0,False
0.011049402086818,0.1056801623333954,0.0689113988309567,0.143831742552863,0.0467684718573554,0.1319135413965919,-0.0007919458630716,271,0.1856409632511702,0.1906002144102184,0.1327054872596635,SHAP_rel,1,1,True
0.0029785603188598,0.1320455936361104,0.0669781744328018,0.139821707922034,0.0455551314447075,0.1279587915958837,-0.000769580648591,1473,0.2020023283877721,0.1853768393667416,0.1287283722444747,SHAP_content,1,1,True
0.0085833196427583,0.1253949860351692,0.0671792161053578,0.1396266707199226,0.0456436377917637,0.128831685787865,-0.0007723785118599,1547,0.2011575217832854,0.1852703085116864,0.1296040642997249,SHAP_content,1,1,True
-0.0202002949907134,-0.0605159177907432,-0.0552167737657824,-0.1289942476403278,-0.0439332579431744,-0.1109683336098678,0.0002735859141685,4383,0.1359329865472391,0.1729275055835023,0.1112419195240363,SHAP_rel,0,0,True
0.0096980272979874,0.1045756055881669,0.0691395513574991,0.1442381827944357,0.0469039623828693,0.1323595142738361,-0.0007943505062943,838,0.1834131842436535,0.1911421451773051,0.1331538647801305,SHAP_rel,1,1,True
-0.0293819892847289,-0.1749915981227531,-0.0357703852169215,-0.0802947207236041,-0.0293553785473729,-0.0696795258130877,-8.164211797217005e-05,2195,0.2401439726244036,0.109650099270977,0.0697611679310599,SHAP_content,0,0,True
0.0011357744627943,0.1201232269806786,0.0695600505306695,0.1358897180588295,0.0464448847205688,0.1315258003938944,-0.000795983882,1835,0.1908190519741424,0.1823346027793983,0.1323217842758944,SHAP_content,1,1,True
0.2648777699449233,0.0808189104175018,0.036937282408632,0.0743640652234179,0.0253060861609078,0.0688535127488098,-0.0004194808226256,412,0.3826339627710572,0.0996701513843257,0.0692729935714354,SHAP_content,1,1,True
-0.0059074152325326,0.1409630474256618,0.0668158606558684,0.139239170807813,0.0455157374960947,0.1275300958322006,-0.0006189210100454,1712,0.2136863233140629,0.1847549083039077,0.128149016842246,SHAP_content,1,1,True
-0.0177804102346831,-0.0766065350350525,-0.052996743544803,-0.1236489929827151,-0.0421460494995338,-0.1065917132118317,0.0002152046821789,2795,0.1473836888145388,0.165795042482249,0.1068069178940107,SHAP_rel,0,0,True
-0.029801550524797,-0.1777667327382202,-0.0351698390129243,-0.0792238986701926,-0.0288720194335938,-0.0686401745237942,-8.102492291834663e-05,2221,0.2427381222759416,0.1080959181037864,0.0687211994467125,SHAP_content,0,0,True
0.0114818271621619,0.0759481161261154,0.0716084555036255,0.1486279608848993,0.0483910592703947,0.1368256070970424,-0.000822314883937,377,0.1590383987919029,0.1970190201552941,0.1376479219809795,SHAP_rel,1,1,True
0.0087485527665841,0.122958999754506,0.0673571160813971,0.1407453062096166,0.0458093924155636,0.1289412892556616,-0.0007742311163317,1491,0.1990646686024874,0.1865546986251802,0.1297155203719933,SHAP_content,1,1,True
0.015246052863919,0.0677884249223751,0.072006220508899,0.1494340050502104,0.0486380690742018,0.1372887016220373,-0.0008252036848682,738,0.1550406982951931,0.1980720741244122,0.1381139053069055,SHAP_rel,1,1,True
-0.0145995506535373,-0.063649680712238,-0.0563618271262163,-0.1306013305488131,-0.0436774023808317,-0.110939269059005,0.0002738206542008,3377,0.1346110584919918,0.1742787329296448,0.1112130897132058,SHAP_rel,0,0,True
-0.0386537580539783,-0.1847578780200952,-0.0318313260311261,-0.0742197977419322,-0.0261946164267137,-0.0637898679152131,-0.000107995637382,3615,0.2552429621051997,0.1004144141686459,0.0638978635525951,SHAP_content,0,0,True
-0.0214020803650354,-0.0205325827252874,-0.0608951421619525,-0.1419862718877516,-0.0486950980124196,-0.1215651252295023,0.0003592906438612,4331,0.1028298052522754,0.1906813699001713,0.1219244158733636,SHAP_rel,0,0,True
0.00855082848708,0.0523534530554234,0.0736275942928733,0.1518078701289014,0.049564213966729,0.1400381152050214,-0.0008408523676029,52,0.1345318758353769,0.2013720840956305,0.1408789675726244,SHAP_rel,1,1,True
-0.0233221661407899,-0.1292694192776854,-0.0447393472627514,-0.0993826301201645,-0.0363611484779754,-0.086534677125957,5.4148578883295856e-05,4114,0.1973309326812269,0.13574377859814,0.0865888257048403,SHAP_content,0,0,True
0.017747966805739,-0.0458737114581412,0.0298491891923227,-0.1575910343646204,-0.0546207678057697,-0.1346425730971442,0.0004155119865068,2269,0.093470867456203,0.2122118021703901,0.135058085083651,SHAP_rel,0,0,True
-0.0177198511246768,-0.1471997608085651,-0.0428521742360843,-0.0944776971508926,-0.0348311081951971,-0.082482761703232,8.113392207423353e-06,3094,0.2077717861693262,0.1293088053460898,0.0824908750954394,SHAP_content,0,0,True
0.0117644987450025,0.0996936159080247,0.0694428311858679,0.1448743140352003,0.0470950463307755,0.1327741688237569,-0.0007978523082676,1389,0.1809009458388952,0.1919693603659759,0.1335720211320245,SHAP_rel,1,1,True
-0.0199435135355396,-0.0552065269080477,-0.0561332321629105,-0.1311307455438987,-0.04471003818492,-0.1127128926498061,0.0002817091586822,3188,0.131283272606498,0.1758407837288188,0.1129946018084883,SHAP_rel,0,0,True
-0.0162197639299334,-0.129924401383204,-0.0456358472094649,-0.102099559845691,-0.0370858695457157,-0.0886675307567319,7.773284430038704e-05,3478,0.1917800125226023,0.1391854293914067,0.0887452636010323,SHAP_content,0,0,True
-0.0219095028131934,-0.0530600805027145,-0.0561606398950375,-0.1312119646461103,-0.044730569634653,-0.1127644947327096,0.0002820123979777,3433,0.1311302232109454,0.1759425342807634,0.1130465071306874,SHAP_rel,0,0,True
-0.0319759777794768,-0.1821911811528593,-0.0339435487659204,-0.0770066551369326,-0.0278430628688407,-0.0665213803461464,-7.343377626411844e-05,4191,0.2481107076982566,0.1048497180057733,0.0665948141224105,SHAP_content,0,0,True
-0.0139406010988611,-0.0691942269229772,-0.0548526996253501,-0.1280267757952346,-0.0436115308120358,-0.1101989229385563,0.0002695173665748,2309,0.1379875276471886,0.1716383066072705,0.1104684403051311,SHAP_rel,0,0,True
-0.0210226045548694,-0.007020085168049,-0.0620928779149517,-0.1448563521198396,-0.0496436841181878,-0.1239782515017404,0.0003761909016008,3222,0.0901355676378701,0.1945000362380275,0.1243544424033413,SHAP_rel,0,0,True
-0.0342425220933343,-0.1871046713471323,-0.0323880480939433,-0.0748138782638346,-0.0265788630739386,-0.0643874967888529,-3.976016540435841e-05,2590,0.25373524153441,0.1013927413377733,0.0644272569542573,SHAP_content,0,0,True
-0.0077756447946381,0.1453806129601739,0.066568501460765,0.1388151622381327,0.0453075939039034,0.1269719711064937,-0.0007220507055255,1632,0.2197247592155771,0.1841227561420362,0.1276940218120193,SHAP_content,1,1,True
-0.0182390949353574,-0.1049892235547304,-0.0486080854795873,-0.1117263771536138,-0.039456245582706,-0.096672503653448,0.0001362905330024,4275,0.1718364039696752,0.1511826227363198,0.0968087941864505,SHAP_content,0,0,True
-0.0203059496207695,-0.0897247070855062,-0.0503354004703994,-0.1172993605567053,-0.0407308182035173,-0.1013299632471587,0.0001709593576157,3174,0.1603660571766752,0.1580301787602226,0.1015009226047744,SHAP_content,0,0,True
-0.0273359543263157,-0.1559318369578436,-0.0396993338766374,-0.0877135140232608,-0.0323014186469704,-0.0765300608570243,-4.3121138388026864e-05,2976,0.2229671251607967,0.1200149326702313,0.0765731819954123,SHAP_content,0,0,True
-0.0212545467559912,-0.1092773917231132,-0.0476785535181296,-0.1086460353194159,-0.0387114767794541,-0.0941085651783006,0.0001213294479641,4280,0.1782104919972341,0.1473575120988701,0.0942298946262648,SHAP_content,0,0,True
0.0156461768827974,0.0197192787963542,0.0752007480981715,0.1536306870779288,0.0504036870130914,0.1421895386245368,-0.0008613237629068,467,0.1105662037773232,0.2040343740910203,0.1430508623874436,SHAP_rel,1,1,True
-0.0454966160821329,-0.178548359573996,-0.0316834086653376,-0.0737113693007489,-0.0262647554398115,-0.0634577247182439,-0.0003930060461695,4488,0.2557283843214667,0.0999761247405604,0.0638507307644134,SHAP_content,0,0,True
-0.0066592376469855,0.1328219240098039,0.0678501394882887,0.1414093654495441,0.0460672278688067,0.1291687763291189,-0.0007785565733821,903,0.2073313011450782,0.1874765933183509,0.129947332902501,SHAP_content,1,1,True
-0.0111554351927976,0.0128956376384678,-0.0650111718160055,-0.1491579983497614,-0.0492355371719181,-0.1265350077409252,0.0003963022403463,4469,0.0890622446472709,0.1983935355216796,0.1269313099812715,SHAP_rel,0,0,True
0.055779439257768,0.003013950074402,0.0737196784773841,0.1515803638600433,0.0495376165226722,0.1402937191991756,-0.0008214327112461,71,0.1325130678095542,0.2011179803827156,0.1411151519104218,SHAP_rel,1,1,True
-0.2017012102707022,-0.0263438867564046,-0.0310291173696251,-0.0725359472232604,-0.0256486310857081,-0.062205220165729,-9.122695501095034e-05,3217,0.259074214396732,0.0981845783089686,0.0622964471207399,SHAP_content,0,0,True
0.0142504291736654,0.1192304832488742,0.0672136566015403,0.1403804220902246,0.0457227380151993,0.128908154131889,-0.0007732009707196,1898,0.20069456902408,0.1861031601054239,0.1296813551026086,SHAP_content,1,1,True
-0.0181079763810459,-0.123172095852904,-0.0462886049803346,-0.1041315874443389,-0.037587629255373,-0.0903625134858303,9.516757338618072e-05,3995,0.1875686772142846,0.1417192166997119,0.0904576810592164,SHAP_content,0,0,True
0.0028901687927013,0.1147041557913737,0.0687502048144205,0.1434094162904435,0.0466523823633878,0.1315523571988035,-0.0007896271517411,1207,0.1863445293984956,0.1900617986538313,0.1323419843505447,SHAP_rel,1,1,True
-0.0223798647319365,-0.0484145810257732,-0.0568459147306247,-0.1327976477010885,-0.0453224729567855,-0.1140826637221588,0.0002879050419266,2077,0.1276403604883345,0.178120120657874,0.1143705687640855,SHAP_rel,0,0,True
0.0149254412624452,0.0071664073446853,0.0758713722522148,0.1540394242838734,0.0507529765207409,0.1431937855213348,-0.0008710439902331,1590,0.0979632208593454,0.2047924008046144,0.1440648295115679,SHAP_rel,1,1,True
-0.0018550136184674,0.1013177223560355,0.0705630066249787,0.1467804478156336,0.0477482095892496,0.1334731882724556,-0.0008085447114315,2844,0.1737357425994817,0.1945286574048833,0.1342817329838871,SHAP_rel,0,1,False
-0.0221512444275875,-0.1396753500512624,-0.0433259020473009,-0.0956756631480973,-0.035237046473083,-0.0835096780484364,1.9644369326886e-05,2205,0.2051524965261509,0.1309127096211804,0.0835293224177633,SHAP_content,0,0,True
-0.0066791330842921,-0.17767269985533,-0.0395880208012337,-0.0873434708059455,-0.0322331371872375,-0.0759904682723184,-4.830982008328759e-05,2980,0.2239398537408559,0.119576607993183,0.0760387780924017,SHAP_content,0,0,True
-0.0074955211454731,0.1405070361651125,0.0670784268734,0.1398125991592449,0.0455900435886301,0.1280729758569615,-0.0007736982336001,658,0.2150809841839857,0.185402642747875,0.1288466740905617,SHAP_content,1,1,True
0.0005115844614893,0.1144917285921759,0.069012313634911,0.1437944821977455,0.0468013320513779,0.1318312322151004,-0.0007922221929987,63,0.1840156266885764,0.1905958142491235,0.1326234544080992,SHAP_rel,1,1,True
-0.007505358260746,0.1501659740557275,0.0659610832969969,0.1374774176453551,0.044926069378232,0.1263611969199652,-0.0007050792810817,1838,0.2236324156134704,0.1824034870235871,0.127066276201047,SHAP_content,1,1,True
0.0089504730656653,0.0426202576488168,0.0742821665730859,0.1527052463741884,0.0499244378735533,0.1404770552952375,-0.0008474162899046,4000,0.1258528972875681,0.2026296842477417,0.1413244715851421,SHAP_rel,0,1,False
-0.0212287296335702,-0.0593722431544392,-0.0552274631183771,-0.1290468738264891,-0.0439602876578324,-0.1109933163309026,0.0002736738951699,3036,0.1358284359063867,0.1730071614843216,0.1112669902260725,SHAP_rel,0,0,True
-0.0119220161572362,0.1262413835968556,-0.035240222237472,0.1545920191586371,0.0511746572068937,0.1424559818564337,-0.0008120427719273,454,0.1734036219915639,0.2057666763655309,0.143268024628361,SHAP_rel,1,1,True
0.0238401025055597,-0.0329584879421939,0.0770600916144127,0.1537706775165472,0.0514384021060541,0.1437735998158653,-0.0008595369399214,402,0.1338586820621664,0.2052090796226014,0.1446331367557868,SHAP_rel,1,1,True
-0.0023451288280833,0.1196982978488805,0.0692065029566042,0.1433880346041348,0.0468533134310994,0.1285700214874176,-0.0007908515418392,1472,0.1912499296335681,0.1902413480352343,0.1293608730292568,SHAP_content,1,1,True
-0.0051552446499197,0.1362787832218179,0.0673026765635503,0.140361546669865,0.0457360171033956,0.1285307406802617,-0.0007761513394347,677,0.208736704435288,0.1860975637732607,0.1293068920196965,SHAP_content,1,1,True
-0.0161340079445924,0.0100532442754844,-0.0637817221217389,-0.1486719693015551,-0.0509370993011231,-0.1272605099294866,0.0004222280396858,3356,0.0899689743418157,0.1996090686026783,0.1276827379691724,SHAP_rel,0,0,True
0.0080996536712294,0.0737098288548933,0.0720432179881082,0.149379696148492,0.048649566875815,0.1375713943777428,-0.0008268875740025,1616,0.153852700514231,0.198029263024307,0.1383982819517453,SHAP_rel,1,1,True
-0.0075336572239618,0.1442248858908368,0.0666339290905299,0.1389152484653696,0.0453613995468421,0.127373510791255,-0.0006962588048052,1251,0.2183924722053285,0.1842766480122117,0.1280697695960602,SHAP_content,1,1,True
0.000177037713561,0.1029652782673724,0.0701615122669775,0.1460381114055801,0.0475070841794922,0.1336552989313466,-0.0008049187481935,1983,0.1733038282479111,0.1935451955850723,0.1344602176795402,SHAP_rel,1,1,True
-0.0151707059912649,-0.0716625873562214,-0.0542393154027827,-0.1266137405676723,-0.0431385898902968,-0.1089919449922274,0.0002616443740248,3425,0.1410726087502692,0.1697523304579691,0.1092535893662522,SHAP_rel,0,0,True
-0.0156741343185616,-0.102046802094051,-0.0492941019212206,-0.1140583978857999,-0.0400177086816014,-0.098611095348761,0.0001470004235549,3843,0.1670150383338333,0.1540761065674013,0.098758095772316,SHAP_content,0,0,True
-0.0072095121249909,0.1459865861365217,0.0664296156535191,0.1385416511959353,0.0451981971817357,0.1269888043528688,-0.0007654932233549,1033,0.2196257139150318,0.183739848377671,0.1277542975762237,SHAP_content,1,1,True
0.0106621416116218,0.074936284784671,0.0718129560256466,0.1490999468687389,0.048521208608656,0.1364358898616795,-0.0008238037512859,174,0.1574113824219395,0.197621155477395,0.1372596936129655,SHAP_rel,1,1,True
0.0483572321791384,0.0648669165030923,0.0694506915493736,0.1450249974295675,0.0471229238326528,0.1332546071509076,-0.0007957769760063,939,0.1826748402316044,0.1921479212622204,0.1340503841269139,SHAP_rel,1,1,True
-0.0163095357663751,-0.1380867814853609,-0.044482737027153,-0.0986667850829018,-0.0361876505828751,-0.0858631281987431,4.137831696841496e-05,3102,0.1988790542788891,0.1348544356657769,0.0859045065157116,SHAP_content,0,0,True
-0.0223736701984445,-0.1104637821463735,-0.0473760327988171,-0.1076824201073364,-0.0384919695287188,-0.0932835625619183,0.0001161975151681,2587,0.1802134851436352,0.1461743896360553,0.0933997600770865,SHAP_content,0,0,True
0.0130091383336554,0.1089432004361545,0.0683990339435458,0.1428157983838713,0.0464557133336063,0.1310778012456196,-0.0007864164526441,334,0.1903513727133559,0.1892715117174777,0.1318642176982637,SHAP_content,1,1,True
-0.0037771318923414,0.1281876286144945,0.0680900317359981,0.1420044791562748,0.0462284725091996,0.1293196396291521,-0.0007811501810682,873,0.2000547922428341,0.1882329516654745,0.1301007898102203,SHAP_content,1,1,True
0.0273452443230364,0.0638049983647428,0.0713865756722877,0.1484839887039825,0.0482773106630359,0.1362757674040983,-0.0008169578644668,2853,0.162536818360067,0.1967612993670184,0.1370927252685651,SHAP_rel,0,1,False
-0.0051853678261062,0.1281887660367592,0.068451906360952,0.1419111655680018,0.0463869637070401,0.1286287970489688,-0.0007837213306199,1486,0.2018260402238174,0.1882981292750419,0.1294125183795888,SHAP_content,1,1,True
-0.0205044147861855,-0.1270479199360789,-0.0454474891320846,-0.1015304747734418,-0.0369103171497783,-0.0881936739426926,7.904989382119185e-05,4293,0.1929998238543491,0.1384407919232201,0.0882727238365138,SHAP_content,0,0,True
0.0100207683507441,0.1039573025822726,0.0691764136147463,0.144323357856034,0.0469278137377862,0.1323684300924429,-0.0007947368443544,296,0.1831544845477631,0.1912511715938202,0.1331631669367973,SHAP_rel,1,1,True
-0.0025442241989965,0.1217983526173712,0.0691686686503124,0.1433910621695575,0.0468325699681771,0.1269384434703471,-0.0007889139044674,4561,0.1935112454666802,0.1902236321377346,0.1277273573748146,SHAP_content,0,1,False
-0.0169588763566153,0.001951125684682,-0.0632090499386901,-0.1473835394163394,-0.0504120909191136,-0.1254037636820937,0.0003903792455703,4501,0.0821190519799875,0.197795630335453,0.125794142927664,SHAP_rel,0,0,True
-0.0213454579367036,-0.0868434935650521,-0.0506224548145241,-0.1180681952140959,-0.0409325847537921,-0.1019187978818746,0.0001757443396019,3845,0.15881140631628,0.1590007799678881,0.1020945422214766,SHAP_rel,0,0,True
-0.014563345495922,-0.0009439280775064,0.0326945112179965,-0.160109959718616,-0.0555152861288128,-0.1371893240882393,0.0004360652328468,4218,0.048201784791425,0.2156252458474288,0.1376253893210862,SHAP_rel,0,0,True
-0.0182289884470492,-0.101317444620787,-0.0490866837859863,-0.1133817336816739,-0.0398801133067436,-0.0978037580779221,0.0001434820937214,3760,0.1686331168538225,0.1532618469884175,0.0979472401716436,SHAP_content,0,0,True
-0.0058929369953416,0.1434937117418627,0.0665097112561619,0.1385953045921135,0.0453286889629172,0.1272114503373436,-0.0006153239441059,378,0.2158963599933664,0.1839239935550307,0.1278267742814496,SHAP_content,1,1,True
-0.0256582283846412,-0.152321707969221,-0.0406575672132894,-0.0896675747884437,-0.032995278746821,-0.0782295011542737,-2.5381569750605737e-05,3110,0.2186375035671517,0.1226628535352647,0.0782548827240243,SHAP_content,0,0,True
-0.0237544474108808,-0.1388345498216693,-0.0431912448237694,-0.0953888468857122,-0.0351246993228061,-0.0832798877271401,1.843616553759593e-05,2770,0.2057802420563196,0.1305135462085184,0.0832983238926777,SHAP_content,0,0,True
-0.0228693421311409,0.0081485500144107,-0.0631468569262928,-0.1472771562934588,-0.0504618310003896,-0.1260577869089986,0.0003936364985337,3918,0.0941647490718446,0.1977389872938484,0.1264514234075323,SHAP_rel,0,0,True
-0.0054891050097402,0.1338601041619798,0.0675677402923326,0.1408491928798279,0.0458960797265615,0.129275499834413,-0.0007760213557187,4138,0.2069169494640527,0.1867452726063894,0.1300515211901317,SHAP_content,0,1,False
-0.010281228693712,-0.0918964311702931,-0.0579813349573384,-0.1350968641853404,-0.0889809578344048,-0.0289908768095829,0.0016148416584224,2210,0.1601589948213436,0.2240778220197452,0.0306057184680054,SHAP_rel,0,0,True
-0.0226073219092074,0.0087094653569649,-0.0633858870041689,-0.1475295353041008,-0.0502182753967409,-0.1253831158208638,0.0003838052284305,2172,0.0947026742703413,0.1977478107008417,0.1257669210492943,SHAP_rel,0,0,True
-0.0158370796631844,-0.0676353987887324,-0.0547864780016686,-0.1279404675917522,-0.0435997292663724,-0.1100245410471356,0.000268454532405,2599,0.1382589564535856,0.1715401968581247,0.1102929955795407,SHAP_rel,0,0,True
-0.0239365321298439,-0.1451345106326043,-0.042152033504409,-0.0929664998146084,-0.0342386398500141,-0.08112726447902,2.4058405929776316e-07,2052,0.2112230762668573,0.1272051396646226,0.0811275050630793,SHAP_content,0,0,True
-0.0061078487592527,0.1524441974931619,0.0656974449932486,0.1363020795163299,0.0446814425325552,0.1255888427696412,-0.0007450404525512,915,0.2242494912456633,0.1809835220488852,0.1263338832221925,SHAP_content,1,1,True
-0.0139753934677155,0.0426116474856222,-0.0756061889446739,0.0604296504822781,0.037950140015089,-0.1378076553203254,0.0005628099784787,4661,0.1321932298980117,0.0983797904973672,0.1383704652988041,SHAP_spat,0,0,True
0.0182992603210288,-0.0184664871876261,0.0806949180696337,0.1378025647528647,0.0532150487623044,-0.0601490162471752,-0.0002075646535626,4498,0.1174606655782886,0.1910176135151691,0.0603565809007379,SHAP_rel,0,1,False
-0.0101627832976658,-0.2380221215479873,-0.0391406273757595,-0.0514520162542217,-0.0076868570073995,-0.0730823305729953,-8.503770411366629e-06,2335,0.2873255322214126,0.0591388732616212,0.0730908343434067,SHAP_content,0,0,True
-0.0292623407771987,-0.1886042085357807,-0.0332398721702573,-0.0758494112401136,-0.0272396521452991,-0.0653086493058307,-5.1105651960132656e-05,3820,0.2511064214832369,0.1030890633854128,0.0653597549577908,SHAP_content,0,0,True
-0.0074482189209335,0.1480685577134468,0.0662062248670983,0.1381370572121369,0.0450713837090436,0.126580116394242,-0.0007591627367905,956,0.2217230015014787,0.1832084409211805,0.1273392791310325,SHAP_content,1,1,True
-0.0055190861682365,0.1305254298339023,0.0679358267870155,0.141576487742586,0.0461227750060192,0.1298073192182041,-0.0007799947275114,1887,0.2039803427891544,0.1876992627486053,0.1305873139457156,SHAP_content,1,1,True
-0.0053098535140358,0.1386887250669921,0.0671561286247646,0.1398840273010234,0.0456326475702226,0.1275469054818774,-0.0007739357119426,4695,0.2111547072057926,0.185516674871246,0.1283208411938201,SHAP_content,0,1,False
-0.0138913480756094,-0.1929788115737249,-0.0353548601585041,-0.079449968570555,-0.0290439913130276,-0.0687650041490394,-7.125598598005205e-05,3717,0.2422250198078385,0.1084939598835827,0.0688362601350194,SHAP_content,0,0,True
0.111625893803402,0.1075361985447152,0.0574225698536528,0.119183080696279,0.0395573069742836,0.1072707290085299,-0.0006645766927284,4027,0.2765846622017701,0.1587403876705627,0.1079353057012583,SHAP_content,0,1,False
0.0411972539655951,0.0574149753887294,-0.0447665552424178,0.144836632331035,0.0880390051735033,0.0552817658783336,0.0064521034035299,1182,0.1433787845967425,0.2328756375045383,0.0617338692818635,SHAP_rel,1,1,True
-0.0215207683271951,-0.0511912329866152,-0.0565488609158034,-0.1320992609456713,-0.0450560288989828,-0.1134239782022223,0.0002848904500493,4689,0.1292608622296138,0.1771552898446541,0.1137088686522717,SHAP_rel,0,0,True
0.0053643933241036,0.125664835715489,0.0673957751413276,0.1407196541079098,0.0458209203396081,0.1290563624952699,-0.0007745205594137,1423,0.1984250041809202,0.186540574447518,0.1298308830546836,SHAP_content,1,1,True
-0.0157914434008387,-0.1073285288017331,-0.0486197475003788,-0.11179174423526,-0.0395082177488532,-0.0966505874957046,0.0001350293563279,4679,0.1717397197029507,0.1512999619841132,0.0967856168520326,SHAP_content,0,0,True
-0.0309583986127482,-0.1916900468452254,-0.032031932950552,-0.0745042091887333,-0.0263717481838428,-0.0639661131435894,-3.279090174918009e-05,2400,0.2546803784085257,0.1008759573725761,0.0639989040453386,SHAP_content,0,0,True
-0.0189209318505156,-0.092348246474706,-0.0501392647654616,-0.11679663756268,-0.0406490814204194,-0.1008683938042127,0.0001673160515548,2892,0.1614084430906833,0.1574457189830995,0.1010357098557675,SHAP_content,0,0,True
-0.025656442894556,-0.15326047028783,-0.0405047695384848,-0.0893227450827003,-0.0328442534746469,-0.0779378445571775,-2.871399104505991e-05,3596,0.2194216827208708,0.1221669985573472,0.0779665585482226,SHAP_content,0,0,True
-0.0077710232779473,0.1426301339242517,0.0668321733836617,0.139324829201081,0.0454434847097755,0.127965705677113,-0.0007666706093365,1722,0.2172333305858608,0.1847683139108565,0.1287323762864495,SHAP_content,1,1,True
-0.0074869326804097,0.1452344306951742,0.0665355831026764,0.1387204049414999,0.0452593549069992,0.1272695000000031,-0.0007678033781814,1667,0.2192569464782604,0.1839797598484992,0.1280373033781845,SHAP_content,1,1,True
-0.0347989088162072,-0.1862896792238489,-0.0324085736574516,-0.0749180389923886,-0.026710643450286,-0.064387416314511,-4.197937174744461e-05,2884,0.2534971616975078,0.1016286824426747,0.0644293956862585,SHAP_content,0,0,True
-0.0168239345853438,-0.1136388307259018,-0.0476939664680422,-0.1086657260406673,-0.0387197103095462,-0.0941326451800054,0.0001195734830661,2994,0.1781567317792879,0.1473854363502136,0.0942522186630716,SHAP_content,0,0,True
-0.0028733693296534,0.1306960045527222,0.0676952582817701,0.1411125142840845,0.0459793383590433,0.1291964597031031,-0.0007772701653164,886,0.2012646321641458,0.1870918526431278,0.1299737298684195,SHAP_content,1,1,True
-0.0136615140078412,-0.1319588564169105,-0.0457256565600456,-0.102380663950351,-0.0371735231159698,-0.0887312664098239,7.624063450133514e-05,4056,0.1913460269847974,0.1395541870663208,0.0888075070443252,SHAP_content,0,0,True
-0.0160839004411938,-0.1190049560735267,-0.0470972659194487,-0.1067447026228487,-0.0382790519451678,-0.0924536683313504,0.0001083055070956,4494,0.1821861224341693,0.1450237545680165,0.0925619738384461,SHAP_content,0,0,True
0.001709958511094,0.12597823959589,0.0677091706615561,0.1412835660511628,0.0460053612717116,0.1296408372928078,-0.0007779087542245,333,0.1953973687685402,0.1872889273228745,0.1304187460470323,SHAP_content,1,1,True
0.0155791245591157,0.1050203484781972,0.0685558625547481,0.1431862535313038,0.0465590238255404,0.1313623636415494,-0.000788172412575,153,0.1891553355920611,0.1897452773568442,0.1321505360541244,SHAP_rel,1,1,True
-0.0072327442800716,0.1471596250805914,0.0663516580290382,0.1382878177534078,0.0452005499184042,0.1261181502645126,-0.000672351854055,721,0.2207440273897014,0.1834883676718121,0.1267905021185676,SHAP_content,1,1,True
-0.0022716819121991,0.1269023404730306,0.0680070344436736,0.1418107977907306,0.0461787680968464,0.1299584224469782,-0.0007809058477037,373,0.1971810568289033,0.1879895658875771,0.130739328294682,SHAP_content,1,1,True
0.0124643535585629,0.0812887982241367,0.0710688416032297,0.1477968741906363,0.0480756572037491,0.1358269460641645,-0.0008163528886756,312,0.1648219933859293,0.1958725313943855,0.1366432989528402,SHAP_rel,1,1,True
0.0047610102540235,0.1008802415823918,0.0699186427583029,0.1456186995272569,0.0473663959626462,0.1338180342315739,-0.0008028824994606,1849,0.1755598945947183,0.1929850954899032,0.1346209167310346,SHAP_rel,1,1,True
-0.0047272690703996,0.1413140266796664,0.0666192076192016,0.1388333997085158,0.0454045031112397,0.1273716770020712,-0.0006008603105853,1622,0.2126605033692676,0.1842379028197555,0.1279725373126566,SHAP_content,1,1,True
0.0705929800601499,-0.0070117331783155,0.0733456792083702,0.1508505103284315,0.0493139572659329,0.139443118871234,-0.0008137591095818,42,0.1509503924468356,0.2001644675943645,0.1402568779808158,SHAP_rel,1,1,True
-0.0216174310064829,-0.0977116785609118,-0.0490947359428696,-0.1134160227344948,-0.0398831686592616,-0.0979780071465565,0.0001458042241366,2693,0.1684238455102644,0.1532991913937565,0.0981238113706931,SHAP_content,0,0,True
0.0514467915794148,0.0490864316486708,0.0705846958083677,0.1470649610827011,0.0477747545531906,0.1353553062582034,-0.0008084569774301,417,0.1711179190364534,0.1948397156358917,0.1361637632356336,SHAP_rel,1,1,True
-0.0183483609391952,-0.0520337463566989,-0.0569603608288757,-0.1330179228415668,-0.0454126011058023,-0.1140694560699742,0.0002872083156724,4602,0.1273424681247699,0.1784305239473691,0.1143566643856466,SHAP_rel,0,0,True
-0.0170264056966019,-0.0030736113480913,-0.0627888738407443,-0.1464378530761847,-0.0501158199931184,-0.1248471254557371,0.0003826786316931,4522,0.0828888908854376,0.1965536730693032,0.1252298040874302,SHAP_rel,0,0,True
0.0181339878335237,0.0658240389855844,0.0719347887288423,0.1492424332112339,0.0485903482205189,0.1373937575855247,-0.0008238349599497,704,0.1558928155479505,0.1978327814317529,0.1382175925454745,SHAP_rel,1,1,True
-0.0076395602866208,0.1415679784640226,0.0669460976123366,0.1395708679925827,0.0455112536511871,0.1280764333294881,-0.0007724775722072,732,0.2161536363629801,0.1850821216437699,0.1288489109016954,SHAP_content,1,1,True
-0.0076515244500978,0.1482293806931978,0.0662938522434838,0.1383339305345323,0.0451300598559013,0.1259369741152705,-0.0007507391833655,944,0.2221747573867795,0.1834639903904337,0.1266877132986361,SHAP_content,1,1,True
-0.0230870126106199,-0.1408825166873366,-0.0435069524868435,-0.0946767535270856,-0.0335854533767061,-0.0838491131296115,3.2561991762904835e-05,3614,0.2074764817848002,0.1282622069037918,0.0838816751213744,SHAP_content,0,0,True
-0.006743759618052,0.1528958631214642,0.0656111481802184,0.1367468613740944,0.0446707144439486,0.1256267001545943,-0.0007438133755432,1806,0.2252507709197346,0.181417575818043,0.1263705135301376,SHAP_content,1,1,True
0.0064945689834478,0.1272399869515074,0.0671121825858774,0.1401033588697957,0.0456441557622026,0.1286507234281992,-0.000771548078351,1018,0.2008467385208327,0.1857475146319984,0.1294222715065503,SHAP_content,1,1,True
-0.0073927787986272,0.1467511719269677,0.0663620996748408,0.1384174432031189,0.04515964919546,0.1268285469257583,-0.0007635811387251,907,0.2205060504004358,0.1835770923985789,0.1275921280644834,SHAP_content,1,1,True
-0.0062395123330699,0.1357079288990104,0.0674479994046989,0.140525053746954,0.0458147103801547,0.1290798080823871,-0.0007763923419462,1693,0.2093954406367793,0.1863397641271088,0.1298562004243334,SHAP_content,1,1,True
-0.0182969943129324,-0.0174964238718329,-0.0614463840061355,-0.1433221394656713,-0.0491397888040657,-0.1225357863426075,0.000365332452159,2791,0.097239802190901,0.1924619282697371,0.1229011187947665,SHAP_rel,0,0,True
-0.0216087036986747,-0.0578734674689892,-0.055410670374387,-0.1294862271058595,-0.0441211323292837,-0.1113302100578855,0.0002751712086388,4368,0.134892841542051,0.1736073594351432,0.1116053812665244,SHAP_rel,0,0,True
0.0226149746297545,0.0745819484780853,0.0708620326627667,0.1475967331022645,0.0479702064863716,0.1351286028769488,-0.0008134312409286,519,0.1680589557706067,0.1955669395886361,0.1359420341178775,SHAP_rel,1,1,True
0.0141364177064085,0.0991605949692785,0.0692707352895024,0.1445142057872422,0.0469903017607562,0.132671590057113,-0.0007961462470037,814,0.1825677479651894,0.1915045075479985,0.1334677363041167,SHAP_rel,1,1,True
0.0037737664848214,0.0963468082712608,0.0704524425644694,0.1464622975812249,0.0476789394270273,0.1345897114873819,-0.0008086948338009,818,0.1705730173205518,0.1941412370082522,0.1353984063211828,SHAP_rel,1,1,True
0.0071198989250473,0.09833687436625,0.0699596605960367,0.1457329272172813,0.047396389424313,0.1338758928547391,-0.0008034466429214,3449,0.1754164338873342,0.1931293166415943,0.1346793394976606,SHAP_rel,0,1,False
0.0276930132599637,0.0874439718041657,0.0692340160920063,0.1446502828248554,0.0469940389774828,0.1321517231779261,-0.0007956898726434,1522,0.1843710011561358,0.1916443218023383,0.1329474130505695,SHAP_rel,1,1,True
-0.0056870255659197,0.1514876591883423,0.0656537182797189,0.1368480315618661,0.0447074330825181,0.1257608793564584,-0.0007456054320736,1638,0.222828403033981,0.1815554646443842,0.126506484788532,SHAP_content,1,1,True
0.0075022802248907,0.0031519575666946,-0.0650861367955804,-0.1513308033397575,-0.0522879627475049,-0.1271335886115363,0.0003249204409464,3557,0.0757403745871658,0.2036187660872625,0.1274585090524827,SHAP_rel,0,0,True
-0.0214841350689309,-0.0134461750229598,-0.0615245512380663,-0.1435265190200659,-0.0492067273324133,-0.1226787588928294,0.000366283656741,4428,0.0964548613299571,0.1927332463524792,0.1230450425495704,SHAP_rel,0,0,True
0.0119844729247104,0.0314367335878224,0.0750679278980851,0.153752389038159,0.0503666553682248,0.1380401349193637,-0.000854100188063,1700,0.118489134410618,0.2041190444063839,0.1388942351074267,SHAP_rel,1,1,True
-0.0311848522471707,-0.1829631412951718,-0.0339590953461648,-0.0770320591396163,-0.0278493074135677,-0.0664945233231853,-7.226106156372862e-05,3526,0.2481070888885074,0.1048813665531841,0.066566784384749,SHAP_content,0,0,True
-0.0285201884165318,-0.1730535490371818,-0.0364833596456086,-0.081165792015869,-0.0293528618081694,-0.0709038433238775,-7.564557920254622e-05,3734,0.2380570970993223,0.1105186538240384,0.07097948890308,SHAP_content,0,0,True
-0.0141426957796459,-0.1034883653698932,-0.049310832120212,-0.1141221785185681,-0.0400415549548786,-0.0985959619967088,0.0001463489134662,3046,0.1669418932697511,0.1541637334734467,0.0987423109101751,SHAP_content,0,0,True
-0.0076572144679016,0.1402640599311728,0.0671412721985418,0.139969455462703,0.045672193871944,0.1277153235746636,-0.0007019101954287,1883,0.2150625465976163,0.1856416493346471,0.1284172337700923,SHAP_content,1,1,True
0.0060897039426934,-0.0625036245105966,-0.0583515403798027,0.1408882781649452,0.0518761433614861,0.1354132591054907,-0.0008957427997319,2592,0.1269448688330928,0.1927644215264313,0.1363090019052227,SHAP_rel,0,1,False
-0.0069922956396342,0.146940076594507,0.0662718405459253,0.1382079171034994,0.0451041747318758,0.1269552026399899,-0.0007625051889391,379,0.2202042127800666,0.1833120918353752,0.127717707828929,SHAP_content,1,1,True
-0.0140875165556513,-0.0386572884030286,-0.0601542601735286,-0.1396614420650793,-0.0474542085706212,-0.1184081051437449,0.0003319200583778,3775,0.1128990651322086,0.1871156506357005,0.1187400252021227,SHAP_rel,0,0,True
-0.0231801111494146,-0.1455706748475896,-0.0422118028257308,-0.0930719256293294,-0.0342634878743085,-0.0812581025229412,8.650228735911092e-07,4003,0.210962588822735,0.1273354135036379,0.0812589675458148,SHAP_content,0,0,True
-0.0197909631608275,-0.0642360554378081,-0.054679977393576,-0.127745289637186,-0.0435083886926129,-0.1098626079436147,0.0002680424391846,2251,0.1387069959922117,0.1712536783297989,0.1101306503827994,SHAP_rel,0,0,True
-0.0331094894710751,-0.1906078743376281,-0.0317782862264485,-0.074006782188435,-0.0262565871601746,-0.0635899249958317,-0.0002062954468475,2148,0.2554956500351518,0.1002633693486097,0.0637962204426793,SHAP_content,0,0,True
-0.00664414854534,0.1431382904195536,0.066696871913659,0.1390402974340443,0.045430956648973,0.126979478938505,-0.0006425924651945,3726,0.2164793108785527,0.1844712540830174,0.1276220714036996,SHAP_content,0,1,False
-0.0269722514724846,-0.1559487966595084,-0.0397759407767582,-0.0878365603546789,-0.0323149005507917,-0.0766647795278445,-4.2010484374173027e-05,2144,0.2226969889087512,0.1201514609054706,0.0767067900122187,SHAP_content,0,0,True
-0.0145535231799198,-0.0462723220029535,-0.0594052674643074,-0.1363636108077287,-0.0451362036981154,-0.1181376493650022,0.0003133366915862,2566,0.1202311126471809,0.1814998145058441,0.1184509860565885,SHAP_rel,0,0,True
0.0166409241599254,0.0889744044460268,0.0700177206718584,0.1459443339430948,0.0474481943627109,0.1340771799986471,-0.0008046506585642,1803,0.1756330492778107,0.1933925283058057,0.1348818306572114,SHAP_rel,1,1,True
-0.0386063879983322,-0.184916146194296,-0.0317971050205773,-0.0741121353666586,-0.0262397537505853,-0.0637009682998039,-0.0001827431961871,3621,0.2553196392132056,0.1003518891172439,0.063883711495991,SHAP_content,0,0,True
0.0300147731269574,0.1028262638005295,0.0673842126062317,0.1409639138082219,0.0458618213546329,0.1294035213849995,-0.0007756928476017,3967,0.2002252495337187,0.1868257351628548,0.1301792142326012,SHAP_content,0,1,False
-0.0052627681939022,0.1416273645394082,0.0666367266633148,0.1388536191801762,0.0454116953482762,0.1275080842405469,-0.0006052769634961,1594,0.2135268593966253,0.1842653145284524,0.128113361204043,SHAP_content,1,1,True
-0.0207977715990771,0.0135089281826014,-0.0648476052465183,-0.1478305272238905,-0.0476359270562062,-0.1239321008978988,0.0003954942376086,4328,0.0991543050281969,0.1954664542800968,0.1243275951355075,SHAP_rel,0,0,True
0.0052216037753968,0.114018990426945,0.0687252064288282,0.1433021071013063,0.0466336024313544,0.1305145146672924,-0.0007884281994774,1706,0.18796580063117,0.1899357095326607,0.1313029428667698,SHAP_rel,1,1,True
0.013640994605697,-0.0019428053876118,-0.0650740630650626,-0.1512662448387016,-0.0525245950551747,-0.1270895290723115,0.000157926754649,4617,0.0806578630583715,0.2037908398938764,0.1272474558269605,SHAP_rel,0,0,True
-0.1192342546979806,-0.1078147474487222,-0.0310804685803041,-0.0724056326744057,-0.0260028895962584,-0.0623631548046666,-0.0006540920241026,3790,0.258129470727007,0.0984085222706642,0.0630172468287693,SHAP_content,0,0,True
0.0087921287490142,0.1260240302683254,0.0670301446338582,0.1399432515975176,0.0455972161964912,0.1284306077564223,-0.0007706732255007,1820,0.201846303651198,0.1855404677940089,0.1292012809819231,SHAP_content,1,1,True
-0.0109593252415014,-0.0821918412278894,-0.0533932171444896,-0.1244142402092637,-0.0423909860466318,-0.1064115619577489,0.0002059320010843,2562,0.1465443836138805,0.1668052262558956,0.1066174939588332,SHAP_rel,0,0,True
-0.0232899645803984,-0.0243602433845268,-0.0604345860682606,-0.1405487459737675,-0.0479552821813018,-0.1207508012805622,0.0003553610768923,2559,0.1080847940331858,0.1885040281550694,0.1211061623574545,SHAP_rel,0,0,True
-0.0317498494760534,-0.1797803711172282,-0.0344600325032536,-0.0778576972020257,-0.028261320034175,-0.0673645512698927,-8.141822381211965e-05,4208,0.2459902530965352,0.1061190172362008,0.0674459694937048,SHAP_content,0,0,True
0.0294732470418812,0.0821226751269949,0.0695332723048382,0.1451724641139486,0.0471741897159123,0.133265353247479,-0.0007995819015251,1582,0.1811291944737144,0.1923466538298609,0.1340649351490041,SHAP_rel,1,1,True
-0.0105191922227495,-0.1037684506599437,-0.0497480042732897,-0.1155648866351028,-0.0404082952752665,-0.0997020443562373,0.000155633596149,2547,0.164035647155983,0.1559731819103693,0.0998576779523864,SHAP_content,0,0,True
0.0086567529897607,0.0952332053257243,0.0701458900320742,0.1461055527777809,0.0475127290749389,0.1339457228424116,-0.0008053328880951,319,0.1740358483475593,0.1936182818527199,0.1347510557305067,SHAP_rel,1,1,True
-0.0164310626992734,-0.0989827455769381,-0.0495769362764521,-0.1150424052162339,-0.0402649718158812,-0.0994093283907443,0.0001522101490824,4321,0.1649907445526638,0.1553073770321151,0.0995615385398268,SHAP_content,0,0,True
-0.0233103206961725,-0.1343160645343985,-0.0439999069692567,-0.097287868118612,-0.0357739207562214,-0.0848997801965257,3.26214447462312e-05,3364,0.2016262921998278,0.1330617888748335,0.0849324016412719,SHAP_content,0,0,True
0.0074137770879037,0.1220827361575905,0.0675693683395428,0.1411194938918842,0.0459347794569052,0.129451143606965,-0.0007766348582116,1763,0.197065881585037,0.1870542733487895,0.1302277784651766,SHAP_content,1,1,True
-0.0145594160659237,0.0813228512002776,-0.063243768484642,0.1262655041497201,0.0520003734137863,-0.0332658085164924,-0.0004586487887427,2843,0.1591260357508435,0.1782658775635065,0.0337244573052351,SHAP_rel,0,1,False
-0.0337848184576614,-0.1865846463037389,-0.0325980372958861,-0.0750986927835315,-0.0268512248512401,-0.0645963944476763,-4.1425686706557385e-05,4445,0.2529675020572864,0.1019499176347717,0.0646378201343828,SHAP_content,0,0,True
-0.0105477036896737,-0.0943714673048151,-0.0512629534851404,-0.119359132889902,-0.0411953793794493,-0.1029958651549448,0.0001772620774849,2141,0.1561821244796293,0.1605545122693514,0.1031731272324298,SHAP_rel,0,0,True
0.0200587013955894,0.08052787361161,0.0705350340045101,0.146981820650931,0.0477699297224836,0.1346356451389425,-0.0008101369497321,213,0.1711216090117095,0.1947517503734146,0.1354457820886746,SHAP_rel,1,1,True
-0.0217691488996191,-0.0646492670790647,-0.0542717112593707,-0.1268121363075805,-0.0431830509242025,-0.109134708135921,0.0002647827793178,3497,0.1406901272380546,0.169995187231783,0.1093994909152388,SHAP_rel,0,0,True
-0.0061222391038953,0.1381172192344618,0.0671950697566249,0.1400267421168142,0.0456610693713828,0.1284488318220579,-0.0007750972562602,803,0.2114345280949821,0.185687811488197,0.1292239290783181,SHAP_content,1,1,True
-0.0241375763590358,-0.1393920370042546,-0.0430495784939488,-0.0950639776836059,-0.0350060055327512,-0.0829223058019055,1.624104906139054e-05,4132,0.2065791918572392,0.1300699832163572,0.0829385468509669,SHAP_content,0,0,True
-0.0080144690721785,0.0613560724814555,-0.0427378741772401,0.1551835217277652,0.0528766359699712,0.1452771158203305,-0.000911472925251,105,0.1121084157308742,0.2080601576977364,0.1461885887455816,SHAP_rel,1,1,True
-0.0166541182154434,-0.0561724702148653,-0.0565521386632962,-0.1320641760431185,-0.045067271738557,-0.1133289390339161,0.000283874082756,3805,0.1293787270936049,0.1771314477816755,0.1136128131166721,SHAP_rel,0,0,True
-0.0216781968035114,-0.0786468065509882,-0.0519682246604934,-0.1212883722006808,-0.0415783086556475,-0.1045883949452545,0.0001930639901353,2806,0.1522932280149931,0.1628666808563283,0.1047814589353899,SHAP_rel,0,0,True
0.0256599661016926,0.0723577946680374,0.0707755645660772,0.1471874312530051,0.0479015356458811,0.1355932605581446,-0.0008126139447004,1465,0.1687933253358073,0.1950889668988862,0.136405874502845,SHAP_rel,1,1,True
-0.0271673812853128,-0.1650791712700654,-0.037976249221801,-0.0844600528519866,-0.0311655105390541,-0.073636891543333,-6.998311488756043e-05,2953,0.2302228017771793,0.1156255633910408,0.0737068746582205,SHAP_content,0,0,True
0.2364546216719207,0.0961513473701088,0.0393633155843598,0.0788774786059789,0.02709323772655,0.073103015109187,-0.0004390400419277,565,0.3719692846263894,0.105970716332529,0.0735420551511148,SHAP_content,1,1,True
-0.0192237664413683,-0.1315738222781303,-0.0449996653431139,-0.1001827478330316,-0.0365756088168404,-0.0870588778830798,5.924876912364284e-05,4686,0.1957972540626126,0.136758356649872,0.0871181266522034,SHAP_content,0,0,True
-0.0340327385047318,-0.1855323572265471,-0.0328260675953878,-0.0753243160733975,-0.0269581759840893,-0.0648383710768095,-4.321336547755648e-05,4345,0.2523911633266668,0.1022824920574868,0.0648815844422871,SHAP_content,0,0,True
-0.0204474651756517,-0.0356345672758429,-0.0593590252905906,-0.1383467262684189,-0.0474534434591242,-0.1186222100241242,0.0003081976673122,2524,0.1154410577420854,0.1858001697275432,0.1189304076914365,SHAP_rel,0,0,True
0.0391318151024833,0.0644014375839114,-0.0410392232420188,0.1421303043172118,0.0853437292248985,0.0841622473789112,0.0067645792426275,1474,0.1445724759284137,0.2274740335421105,0.0909268266215388,SHAP_rel,1,1,True
-0.0142004952352671,-0.0915859506735134,-0.0510997749240625,-0.1190804699873107,-0.0411522511839423,-0.1026129277419476,0.0001766299196031,3236,0.1568862208328431,0.1602327211712531,0.1027895576615507,SHAP_rel,0,0,True
-0.035072035729109,-0.1850926981327744,-0.0326485973391682,-0.0751606593565084,-0.0268965171688857,-0.0646444865150066,-4.024558498835068e-05,2829,0.2528133312010516,0.1020571765253941,0.0646847320999949,SHAP_content,0,0,True
-0.029973099212007,-0.1914327999286662,-0.0323451745674634,-0.0748192167948,-0.0266594006200321,-0.0642878141122249,-3.7734591246889326e-05,2502,0.2537510737081368,0.1014786174148321,0.0643255487034717,SHAP_content,0,0,True
-0.005963124677317,0.1520704426674526,0.0656203732781467,0.1367922011942026,0.0446841037834418,0.1256540979291976,-0.0007446696206572,317,0.2236539406229163,0.1814763049776445,0.1263987675498549,SHAP_content,1,1,True
0.014915748099087,0.0776941362991042,0.0711897006626906,0.1480559722575402,0.0481533773456744,0.1359839149874058,-0.0008176169877516,1200,0.1637995850608818,0.1962093496032146,0.1368015319751575,SHAP_rel,1,1,True
-0.0286310137458412,-0.1776047133630408,-0.0354233534576016,-0.0796793320338197,-0.0290635297370719,-0.069072716533295,-8.058095577039362e-05,2278,0.2416590805664837,0.1087428617708917,0.0691532974890654,SHAP_content,0,0,True
-0.005972834641779,0.149767420102177,0.0660037141193502,0.1377369369205886,0.0449440313251245,0.1250405941592706,-0.0007500453327915,652,0.2217439688633063,0.1826809682457132,0.1257906394920621,SHAP_content,1,1,True
0.0115973144107545,0.0943352318166177,0.0699514782238485,0.1457516056053074,0.0473986587889846,0.1339243010455476,-0.0008037725334011,70,0.1758840244512208,0.1931502643942921,0.1347280735789488,SHAP_rel,1,1,True
-0.0206330380349065,-0.0946702459838818,-0.0495954146395393,-0.1151000759309889,-0.0402672648712482,-0.0994441022419792,0.0001549018761032,2658,0.1648986986583277,0.1553673408022372,0.0995990041180824,SHAP_content,0,0,True
0.0091994362367493,0.1232349651691367,0.0672977137472037,0.1404913986014379,0.0457635791683125,0.1288608392436234,-0.0007736163652014,1174,0.1997321151530897,0.1862549777697505,0.1296344556088248,SHAP_content,1,1,True
-0.0045602479404105,0.1197157442444668,0.0689569710473574,0.1435373296541206,0.0467498395010562,0.1316350733466179,-0.0007914778265126,1088,0.1932329632322348,0.1902871691551769,0.1324265511731306,SHAP_content,1,1,True
-0.0199046183071499,-0.0344450165686596,-0.0596565053361867,-0.1389944882195531,-0.0477179864845017,-0.1191469094670776,0.0003102845566879,4667,0.1140061402119963,0.1867124747040548,0.1194571940237655,SHAP_rel,0,0,True
0.0345624286737293,0.0776872160953158,0.0694950952601308,0.1451089082409938,0.0471537484970565,0.1332651037921508,-0.0007990882691616,410,0.181744740029176,0.1922626567380503,0.1340641920613124,SHAP_rel,1,1,True
-0.0242897426378911,-0.1568755618574407,-0.0401254205610603,-0.0885662562105959,-0.0325914247514834,-0.0770697485268271,-3.708528114172542e-05,4064,0.2212907250563922,0.1211576809620794,0.0771068338079688,SHAP_content,0,0,True
-0.0271303777416634,-0.1545998492791716,-0.0399927026317232,-0.0882834821675371,-0.0324785229547969,-0.0770314507512153,-3.8854300332742675e-05,4601,0.2217229296525582,0.120762005122334,0.0770703050515481,SHAP_content,0,0,True
-0.0194012231762698,-0.0365974430570246,-0.0593965152985904,-0.1384022039469508,-0.0474579221323309,-0.1186078390944306,0.0003079068791564,2386,0.1153951815318849,0.1858601260792818,0.118915745973587,SHAP_rel,0,0,True
0.0134939963571904,-0.0356803079465227,0.0786972882250501,0.0854291336594947,0.0464038837604402,-0.0199481199793961,-0.000515587129364,2091,0.1278715925287633,0.131833017419935,0.0204637071087601,SHAP_rel,0,1,False
0.279199686898717,0.0782750383713504,0.0346762761286062,0.070275943553563,0.0236650912099118,0.0651028558269054,-0.0003755643813028,601,0.3921510013986736,0.0939410347634749,0.0654784202082083,SHAP_content,1,1,True
-0.0229633288744482,-0.1325133587948622,-0.0443260093487444,-0.0981623328349197,-0.0360420169665123,-0.0855908881841183,4.269517716463944e-05,3013,0.1998026970180549,0.1342043498014321,0.0856335833612829,SHAP_content,0,0,True
-0.0197233193961547,-0.1579272624596597,-0.0407312964434691,-0.0897870520138447,-0.0330692831218198,-0.0782883031348964,-2.8723256595971497e-05,2219,0.2183818782992835,0.1228563351356645,0.0783170263914923,SHAP_content,0,0,True
-0.0485930112544446,-0.1758164025439568,-0.0316080576345945,-0.0734438802932078,-0.0263037504755581,-0.0632565940183898,-0.0005335436062887,2465,0.2560174714329961,0.099747630768766,0.0637901376246785,SHAP_content,0,0,True
0.034020502044376,0.0996728047689956,0.0673411358031666,0.1409839715704854,0.0458452501196325,0.1290613563096683,-0.0007750326654031,837,0.2010344426165382,0.186829221690118,0.1298363889750714,SHAP_content,1,1,True
-0.0228855788368465,-0.1017937221780774,-0.0484199381668475,-0.111124819869242,-0.0393109061696921,-0.0961551761025607,0.0001349014968256,3325,0.1730992391817715,0.1504357260389342,0.0962900775993863,SHAP_content,0,0,True
-0.00736695741831,0.1531388849758854,0.0657169742795328,0.1367347920093063,0.0447336769793183,0.1253818921934192,-0.0007136428775265,624,0.2262228166737283,0.1814684689886247,0.1260955350709458,SHAP_content,1,1,True
-0.0116398603679349,0.1242685310003304,-0.0353187719849603,0.1546468556816024,0.0511735222210132,0.1435131048256797,-0.0008720951116688,1627,0.1712271633532257,0.2058203779026156,0.1443851999373485,SHAP_rel,1,1,True
-0.0069897521827374,0.1439586330971989,0.0665926054691275,0.138781689281265,0.0453539720633998,0.1273530108112221,-0.0006591036558772,806,0.2175409907490638,0.1841356613446649,0.1280121144670993,SHAP_content,1,1,True
-0.0189635568078651,-0.0191059055443897,-0.0612340797554435,-0.1428105012120879,-0.0489580551868504,-0.1223210854832903,0.0003649638281314,3115,0.0993035421076985,0.1917685563989383,0.1226860493114218,SHAP_rel,0,0,True
0.0064965065666697,0.0921038747937641,0.0706677982880335,0.1470921515889376,0.0478281952644299,0.1342279177732056,-0.0008105341973492,637,0.1692681796484674,0.1949203468533675,0.1350384519705549,SHAP_rel,1,1,True
-0.0071633220894172,0.1420428277882525,0.0668672671663973,0.139393449107318,0.0454621994524662,0.1277893945206666,-0.0007715087236748,423,0.2160734170440671,0.1848556485597842,0.1285609032443414,SHAP_content,1,1,True
-8.337675917508003e-05,0.0099284265105212,-0.0515960660724057,0.1479029162375788,0.0532900479093105,0.1205302370856737,-0.0009028902055163,1996,0.0616078693421021,0.2011929641468893,0.1214331272911901,SHAP_rel,1,1,True
-0.0194758156438666,0.0288858552193268,0.0373827268015592,-0.1616954681867112,-0.0566594053264707,-0.1376193742450947,0.0004404087414344,4472,0.0857443976647527,0.218354873513182,0.1380597829865291,SHAP_rel,0,0,True
-0.0206906346476723,-0.063467327271566,-0.0546528613360687,-0.1276960021756988,-0.0434895268082396,-0.1098268213545061,0.0002679337673111,2486,0.1388108232553071,0.1711855289839385,0.1100947551218172,SHAP_rel,0,0,True
0.0196912466255239,0.0814233189776451,0.0704618058942169,0.1467943024649506,0.0477218067498788,0.1347890162292778,-0.00080956389551,150,0.171576371497386,0.1945161092148295,0.1355985801247879,SHAP_rel,1,1,True
-0.0220508097018381,-0.1123177833779981,-0.047177223035223,-0.1070304693669036,-0.038329801174435,-0.0927618141502718,0.000112660980229,3109,0.1815458161150594,0.1453602705413386,0.0928744751305009,SHAP_content,0,0,True
-0.0010746939821787,0.0989776710951699,0.0706406917208806,0.1469144150086989,0.0477964974505206,0.1343577665037786,-0.00081014674933,1580,0.1706930567982292,0.1947109124592195,0.1351679132531086,SHAP_rel,1,1,True
-0.0079607122223379,0.137187239743503,0.0674868357421033,0.140680883392736,0.0458474197195665,0.1286834939625558,-0.0007678362475264,626,0.2126347877079442,0.1865283031123026,0.1294513302100822,SHAP_content,1,1,True
0.0170574922645024,-0.0514623243799876,0.0590491041059473,-0.0121901750440842,0.0226747001461862,-0.1368321243444279,0.0005595699234732,3002,0.1275689207504375,0.0348648751902704,0.1373916942679012,SHAP_spat,0,0,True
-0.0175436366149003,-0.0358860906540816,-0.0598051187993426,-0.1393210812364482,-0.0478510370032329,-0.1193087712670454,0.0003216871971796,3796,0.1132348460683246,0.1871721182396812,0.1196304584642251,SHAP_rel,0,0,True
-0.0060444586619822,0.1529170927332627,0.0655780776278337,0.1367377047422563,0.0446550481038699,0.1251613342170824,-0.0007431374562993,3481,0.2245396290230787,0.1813927528461263,0.1259044716733817,SHAP_content,0,1,False
0.0636680235517697,-0.1143535422437958,0.0773620733329583,0.1491124493395466,0.0516850654193687,0.1402744211994909,-0.0008735671168015,143,0.2553836391285239,0.2007975147589153,0.1411479883162925,SHAP_content,1,1,True
-0.012617881581542,-0.0910681656816796,-0.0514589929388658,-0.1199072678083376,-0.0413086349300241,-0.1033750574378119,0.0001807605518205,2574,0.1551450402020875,0.1612159027383618,0.1035558179896325,SHAP_rel,0,0,True
-0.0228238654157722,-0.1364418010872434,-0.0437445315076924,-0.096680885598773,-0.0355789754990754,-0.0843127006951364,2.751997725240415e-05,4014,0.2030101980107081,0.1322598610978485,0.0843402206723888,SHAP_content,0,0,True
0.0109457223757746,0.1076101928273482,0.0687501883147549,0.1435544240186877,0.0466719541224606,0.1313738301661131,-0.0007898975016903,1880,0.1873061035178777,0.1902263781411483,0.1321637276678035,SHAP_rel,1,1,True
-0.0181042594520506,-0.0175757234430694,-0.0614470663235655,-0.1433219347295483,-0.0491443808808745,-0.1226220557361043,0.0003662771346224,3452,0.0971270492186856,0.1924663156104229,0.1229883328707267,SHAP_rel,0,0,True
-0.0181416301253429,-0.0824872000780445,-0.0519465497921088,-0.1211809894963655,-0.0415594369296782,-0.1044297713916305,0.0001903379867296,3605,0.1525753799954962,0.1627404264260438,0.1046201093783602,SHAP_rel,0,0,True
-0.0324936948278918,-0.190900660277965,-0.0318587142992764,-0.0742432007566094,-0.0262047114685798,-0.0637719651383037,-8.229305781424535e-05,3342,0.2552530694051333,0.1004479122251892,0.0638542581961179,SHAP_content,0,0,True
-0.0253786141602544,-0.1519359010476841,-0.0407796465948756,-0.0899034924550048,-0.0330643661658035,-0.0784699344299179,-2.3284972900352446e-05,4508,0.2180941618028142,0.1229678586208083,0.0784932194028182,SHAP_content,0,0,True
-0.0208734031948704,-0.111854663257997,-0.0473937798130458,-0.1077226424386081,-0.0384985094136846,-0.0933281129013103,0.0001158711930759,2171,0.1801218462659134,0.1462211518522928,0.0934439840943862,SHAP_content,0,0,True
-0.0145870829552101,-0.0564143854893433,-0.0569976301832745,-0.1326841039612579,-0.0450096939639188,-0.1141517003546468,0.0002893570812108,2780,0.1279990986278281,0.1776937979251767,0.1144410574358577,SHAP_rel,0,0,True
0.0056744237022829,0.0840353942670901,0.0714093844604101,0.1483588137278067,0.048271572962625,0.1358986367709668,-0.0008192704643699,2832,0.1611192024297833,0.1966303866904317,0.1367179072353367,SHAP_rel,0,1,False
-0.0387517739592474,-0.1846208244120434,-0.0318448374403995,-0.0742608309033371,-0.0261940747703469,-0.0637980591253421,-8.483921572387775e-05,4681,0.2552174358116904,0.1004549056736841,0.063882898341066,SHAP_content,0,0,True
-0.0249269420321853,-0.1591566397908276,-0.0395504981372948,-0.0874165711369187,-0.0321991561595794,-0.0762563952996528,-4.903726998185115e-05,2230,0.2236340799603078,0.1196157272964981,0.0763054325696346,SHAP_content,0,0,True
0.0403664833400397,0.0758694165948156,0.0691380271386976,0.1444539773575961,0.0469422721071169,0.1326395513902728,-0.0007949591701229,617,0.185373927073553,0.191396249464713,0.1334345105603958,SHAP_rel,1,1,True
0.114473672472872,0.0241179931250712,0.0668976351528739,0.139518757244572,0.0454108645211284,0.1283259805596122,-0.0007705361579234,1324,0.2054893007508171,0.1849296217657005,0.1290965167175357,SHAP_content,1,1,True
-0.0066439120373026,0.1275753976105755,0.0683670382613671,0.14248724439514,0.0463906317650385,0.1302652920114231,-0.0007844718661425,690,0.2025863479092453,0.1888778761601785,0.1310497638775657,SHAP_content,1,1,True
-0.0064447421537976,-0.1432219930704948,-0.0451674913252659,-0.1007276307603765,-0.0367328775172853,-0.0873158046673162,5.529966809609925e-05,2288,0.1948342265495585,0.1374605082776619,0.0873711043354123,SHAP_content,0,0,True
-0.0230972519492995,-0.1188093396795558,-0.0461962289745875,-0.1038877133304208,-0.0375213295928469,-0.0901390942253748,9.571792564487536e-05,3302,0.1881028206034429,0.1414090429232677,0.0902348121510197,SHAP_content,0,0,True
0.0286120697593407,0.0907949278647788,0.0687586156227405,0.1436642016257558,0.0467009552448455,0.1319460495550273,-0.0007909554474588,1350,0.18816561324686,0.1903651568706014,0.1327370050024862,SHAP_rel,1,1,True
-0.0230603425047093,0.0069348401817759,-0.0642516524014728,-0.1434765375346454,-0.0442279139980563,-0.1283387916131455,0.0004285300150624,2729,0.094246835087958,0.1877044515327018,0.1287673216282079,SHAP_rel,0,0,True
-0.0074353688473238,0.1360704772802337,0.0675783891787398,0.1408013833712432,0.0458934498066969,0.128749761738903,-0.0007781684546775,1187,0.2110842353062974,0.1866948331779401,0.1295279301935806,SHAP_content,1,1,True
-0.0199845089050495,0.044888459825467,0.0421029105514421,-0.1557074209764001,-0.0487283355381361,-0.1395294175832865,0.0005139273507188,1191,0.1069758792819587,0.2044357565145363,0.1400433449340053,SHAP_rel,1,0,False
0.0346114551767356,0.0182489028521148,0.0741345660038557,0.1523803491925465,0.0498009574231026,0.1411407044058931,-0.0008492452867683,145,0.1269949240327062,0.2021813066156491,0.1419899496926615,SHAP_rel,1,1,True
-0.0179001508239168,-0.0718270009919513,-0.0537745779765592,-0.1255676659432993,-0.0427825593067155,-0.107956632472619,0.0002533476886206,3572,0.1435017297924273,0.1683502252500149,0.1082099801612396,SHAP_rel,0,0,True
-0.0185137089850778,-0.0663064062775201,-0.0545591619264423,-0.1274382441524038,-0.0434048019972563,-0.1095995334891846,0.0002666170014445,4420,0.1393792771890402,0.1708430461496602,0.1098661504906291,SHAP_rel,0,0,True
-0.0084816517582207,-0.1779247617542165,-0.0391968641835929,-0.0865879088122441,-0.0319240783090437,-0.0753870534996856,-5.2921509436733294e-05,3742,0.2256032776960302,0.1185119871212878,0.0754399750091224,SHAP_content,0,0,True
-0.0047342325911101,0.1419822304215105,0.0666178644445857,0.1389533473936662,0.0453172509770041,0.1274932527132776,-0.0007690334791494,1762,0.2133343274572064,0.1842705983706704,0.1282622861924271,SHAP_content,1,1,True
0.012150247564007,0.1012447227240496,0.0692417196644737,0.14448363816747,0.0469725485112783,0.132584012216977,-0.0007957679131733,3800,0.1826366899525304,0.1914561866787484,0.1333797801301504,SHAP_rel,0,1,False
0.0187675528713456,0.1119438373118283,0.0675355511510389,0.1412146987177077,0.0459402107103683,0.129491681116101,-0.0007768371746919,1834,0.1982469413342129,0.187154909428076,0.1302685182907929,SHAP_content,1,1,True
-0.0129396798572102,0.1041025042466909,-0.0621292439303582,0.080569694505827,0.0465775112213034,0.0040322422398963,-0.0004725901883627,4603,0.1791714280342594,0.1271472057271305,0.0045048324282591,SHAP_content,0,1,False
-0.0076626362241805,0.1439936749329791,0.0666943625590453,0.1390328352215389,0.0453915495344748,0.1273309502971048,-0.0007074337986608,1111,0.218350673716205,0.1844243847560137,0.1280383840957657,SHAP_content,1,1,True
-0.0213512669482845,-0.1505176730398974,-0.0417048720858015,-0.0919042562012826,-0.0338514870156179,-0.0802166782303358,-9.006305220767702e-06,2127,0.2135738120739835,0.1257557432169006,0.0802256845355566,SHAP_content,0,0,True
-0.0210465376855406,-0.0747224755582311,-0.052754475500612,-0.1231524896949441,-0.0419893529354816,-0.1061088248241604,0.000218916372529,2277,0.1485234887443838,0.1651418426304258,0.1063277411966895,SHAP_rel,0,0,True
-0.006237282591961,0.1422290669986092,0.0667742252411054,0.1392763868997849,0.0454113477579362,0.1274069283479559,-0.0007703232027235,3795,0.2152405748316757,0.1846877346577211,0.1281772515506795,SHAP_content,0,1,False
0.0292185050046873,0.0660152347034643,0.0710155676491112,0.147794118811953,0.0480559610484966,0.1360190199541726,-0.000813619759599,2499,0.1662493073572629,0.1958500798604496,0.1368326397137716,SHAP_rel,0,1,False
-0.0062575035018052,0.1468221869660717,0.0661923908308324,0.1379102713102031,0.0451244692590886,0.1265766500159654,-0.0006191989562607,1824,0.2192720812987094,0.1830347405692917,0.1271958489722262,SHAP_content,1,1,True
-0.0132684328579122,-0.0524575725928659,-0.0578033813782745,-0.1347604331211741,-0.0460080432676643,-0.1155511390491322,0.0002937624405825,2788,0.1235293868290528,0.1807684763888384,0.1158449014897148,SHAP_rel,0,0,True
-0.0151985947022969,-0.0620998733303333,-0.0558199571778199,-0.1303041798714991,-0.0443992163564212,-0.1120115617709677,0.0002781433828973,4196,0.1331184252104502,0.1747033962279204,0.112289705153865,SHAP_rel,0,0,True
-0.0185495781982095,-0.0185324066914396,-0.0613188237223242,-0.1430178898597535,-0.0490500273443536,-0.1224179714166647,0.000365071848057,4386,0.0984008086119733,0.1920679172041072,0.1227830432647217,SHAP_rel,0,0,True
-0.0175258510387057,-0.0550965657741318,-0.0565750162212975,-0.1321098203872818,-0.0450696379405313,-0.1134631859380308,0.0002848374735386,3827,0.1291974330341352,0.1771794583278131,0.1137480234115695,SHAP_rel,0,0,True
-0.0196036036212351,-0.0897396110351241,-0.0504510964672746,-0.1175925841198657,-0.0408166014844595,-0.1015235929415294,0.000171849843048,2492,0.159794311123634,0.1584091856043253,0.1016954427845775,SHAP_content,0,0,True
0.1548976637946352,0.1031244006972051,0.0518071187534591,0.105567541707174,0.0357583480451167,0.0966278026453441,-0.0006012791104703,878,0.3098291832452995,0.1413258897522907,0.0972290817558144,SHAP_content,1,1,True
0.0066820164629303,0.1186039700479291,0.0680055834156505,0.1419117363010578,0.0461968619487292,0.1303012429080637,-0.000781492293901,1455,0.1932915699265101,0.1881085982497871,0.1310827352019647,SHAP_content,1,1,True
0.0178962840567833,-0.1084104486434232,-0.0629320876462207,0.1333850160650465,0.0507123341634425,0.1283407262792988,-0.0008831227925118,391,0.1892388203464273,0.1840973502284891,0.1292238490718106,SHAP_content,1,1,True
0.0069860362871775,0.0607440917959348,0.0797814550916886,0.159258922522444,0.0531661759951994,0.0588765250824923,-0.0007655499855145,4182,0.1475115831748009,0.2124250985176435,0.0596420750680069,SHAP_rel,0,1,False
-0.0238509299515613,-0.1182924937046621,-0.0461558625927372,-0.1037901814397911,-0.0375169751890491,-0.0900439573629937,9.516041435389531e-05,2283,0.1882992862489606,0.1413071566288403,0.0901391177773476,SHAP_content,0,0,True
-0.0207362207168978,-0.0765227340106808,-0.0525067687535303,-0.1225324448361948,-0.041804180518347,-0.1056560878492226,0.0002031968584328,2714,0.149765723481109,0.1643366253545419,0.1058592847076554,SHAP_rel,0,0,True
-0.0225401086033586,-0.1502134098586892,-0.0415579602477096,-0.0915907112837414,-0.0337263395338585,-0.0799158945172981,-1.081578178508194e-05,2958,0.2143114787097574,0.1253170508175999,0.0799267102990831,SHAP_content,0,0,True
0.0390025051766562,0.0756017489597379,0.0693586643213583,0.1449752219508268,0.047081769339075,0.1322676057815107,-0.0007967115572786,475,0.1839629184577524,0.1920569912899019,0.1330643173387894,SHAP_rel,1,1,True
-0.0044275383204219,0.1252685422201951,0.0683713765740393,0.1425295517239719,0.0463999649568771,0.1305798173882066,-0.0007849486187721,1694,0.1980674571146564,0.188929516680849,0.1313647660069788,SHAP_content,1,1,True
-2.7006188851402824e-05,0.1164235164447289,0.0689978437456524,0.1438866238425085,0.0467985461399491,0.1304205445943932,-0.0007907878341863,1295,0.1854483663792327,0.1906851699824577,0.1312113324285795,SHAP_rel,1,1,True
-0.017445961630637,-0.1076987245070882,-0.0483630762280718,-0.1109291560754312,-0.0392975977124158,-0.095951964026827,0.0001312403540304,2092,0.1735077623657971,0.1502267537878471,0.0960832043808574,SHAP_content,0,0,True
-0.0205080143025676,-0.1250228426448913,-0.045716415104944,-0.1023791809159863,-0.037147291465995,-0.0888662578904602,8.476249840376308e-05,3050,0.191247272052403,0.1395264723819813,0.0889510203888639,SHAP_content,0,0,True
0.012398450928696,0.0895674223427526,0.0703440912756625,0.1464891271004009,0.0476378920111982,0.1344421696541387,-0.0008080547318926,1137,0.1723099645471113,0.1941270191115992,0.1352502243860314,SHAP_rel,1,1,True
-0.0234456405793094,-0.1240327084447655,-0.0454469382851162,-0.1015899861504412,-0.0369499827418254,-0.0881711212306372,8.113760565451635e-05,2072,0.1929252873091913,0.1385399688922667,0.0882522588362917,SHAP_content,0,0,True
0.0029906375723491,-0.0650895868702569,0.0440719670285692,-0.150918745246228,-0.0404028421886975,-0.0288913749535346,-0.0003214271305838,832,0.1121521914711753,0.1913215874349255,0.0292128020841185,SHAP_rel,1,0,False
0.0037223548085561,0.1046938755537516,0.0697547313965679,0.1452332627165264,0.0472586388250014,0.1325241328260994,-0.0008000782820883,591,0.1781709617588757,0.1924919015415279,0.1333242111081878,SHAP_rel,1,1,True
-0.0365238924232711,-0.1824269655106055,-0.0329738286961579,-0.0755004761930488,-0.0270700067937307,-0.0650083657916568,-5.170441796959087e-05,3592,0.2519246866300346,0.1025704829867796,0.0650600702096264,SHAP_content,0,0,True
0.0039594459479138,0.0950476030587619,0.0705412544423181,0.1466254053499017,0.0477331566973367,0.1348911149661456,-0.0008098257977426,109,0.169548303448994,0.1943585620472385,0.1357009407638883,SHAP_rel,1,1,True
-0.0092445433285485,-0.0084912472087667,-0.0631920747128093,-0.1475355484837754,-0.0504850342613423,-0.1231245302239521,0.0003815838454202,4318,0.0809278652501247,0.1980205827451177,0.1235061140693723,SHAP_rel,0,0,True
-0.0023137771830938,0.1371415230409198,0.0669358819835775,0.1396819530561832,0.0455191960223906,0.1278543249264004,-0.0007722041817115,1052,0.2063911822075911,0.1852011490785739,0.128626529108112,SHAP_content,1,1,True
0.043758854533457,0.0717459983989328,0.0692247421988951,0.1446810689663869,0.0469990461958305,0.1327196288710194,-0.0007949506551293,1311,0.1847295951312851,0.1916801151622175,0.1335145795261487,SHAP_rel,1,1,True
0.0102590930893839,0.1157961304048519,0.0679754754420192,0.1419578032819997,0.0461906174129939,0.1300574313017672,-0.0007812632231839,668,0.1940306989362551,0.1881484206949937,0.1308386945249512,SHAP_content,1,1,True
0.003764083222043,0.1121485261447021,0.0690326290228626,0.1440139934981152,0.046828865740936,0.1310054092244466,-0.000791805721642,253,0.1849452383896078,0.1908428592390513,0.1317972149460886,SHAP_rel,1,1,True
-0.0241708277988557,-0.1569839356252924,-0.0401070788297802,-0.0885071666069949,-0.032559614454396,-0.0771885665282606,-3.804998286068527e-05,2690,0.2212618422539284,0.1210667810613909,0.0772266165111213,SHAP_content,0,0,True
-0.0046486437328694,0.1439890295057334,0.0663805756374662,0.1383539382326195,0.0451639566357646,0.1272338961904335,-0.0007666403078695,843,0.2150182488760691,0.1835178948683841,0.1280005364983031,SHAP_content,1,1,True
-0.0146066712260558,-0.0328534336392768,-0.060375792203471,-0.1407001690883965,-0.0483016224147286,-0.1204176945991348,0.0003476978465138,4159,0.1078358970688037,0.1890017915031251,0.1207653924456486,SHAP_rel,0,0,True
0.0040586519030677,-0.0075483726843127,-0.0639777074614096,-0.1490921443826852,-0.0511622891521103,-0.1273251636222648,0.0003979496084752,4509,0.0755847320487901,0.2002544335347955,0.12772311323074,SHAP_rel,0,0,True
-0.028273238068003,-0.1714066772766942,-0.0366239968623877,-0.0818794857184624,-0.0301017499288455,-0.071188840387256,-8.125158479172293e-05,3374,0.236303912207085,0.111981235647308,0.0712700919720477,SHAP_content,0,0,True
-0.0361543321813944,-0.1847023288560585,-0.0324765051177569,-0.0749770912963764,-0.0267552354045079,-0.0644456617786726,-4.408519167365017e-05,3394,0.25333316615521,0.1017323267008843,0.0644897469703462,SHAP_content,0,0,True
0.0636102754775258,0.0562243031807068,0.0688827308966291,0.1440602541833317,0.0467676733813382,0.1316705851275918,-0.000788535845732,884,0.1887173095548618,0.1908279275646699,0.1324591209733238,SHAP_rel,1,1,True
-0.0123145768581446,-0.1442405743053671,-0.0441886076122699,-0.0978226177312455,-0.0359193008348367,-0.0851032091145115,3.3646629934767566e-05,4547,0.2007437587757817,0.1337419185660823,0.0851368557444463,SHAP_content,0,0,True
-0.0062345512608462,-0.0940187997656342,-0.0501730187941741,0.132778633606875,0.0880771297281053,0.0587929604468933,0.0180648262390002,3996,0.1504263698206546,0.2208557633349804,0.0768577866858935,SHAP_rel,0,1,False
0.0403413341000144,0.0865022018000571,0.0680809585459619,0.1424460061224888,0.0463023544392947,0.1306252059053097,-0.00078337312166,1879,0.1949244944460335,0.1887483605617835,0.1314085790269697,SHAP_content,1,1,True
-0.0077091382815545,0.144166248609711,0.0666702460237733,0.138977144586011,0.0453732040500534,0.1274025297913966,-0.000712756918344,1485,0.218545632915039,0.1843503486360644,0.1281152867097407,SHAP_content,1,1,True
-0.0539282460409394,-0.1707893563392127,-0.0315433442508358,-0.0732549652882097,-0.0262986918420397,-0.0631330054945179,-0.0006076305706852,2417,0.256260946630988,0.0995536571302495,0.0637406360652031,SHAP_content,0,0,True
-0.0230982157255168,-0.0112699345405479,-0.0615474020938965,-0.143570386087921,-0.0492226522606132,-0.1229991201725123,0.000369561795367,2737,0.0959155523599613,0.1927930383485342,0.1233686819678793,SHAP_rel,0,0,True
-0.0082422144782417,-0.0804238753430545,-0.0540298252590001,-0.1258679477691184,-0.0428852575297933,-0.108324640963925,0.0002185215166925,2267,0.1426959150802964,0.1687532052989117,0.1085431624806175,SHAP_rel,0,0,True
0.0083944392610075,0.1110475938570728,0.0686183129166297,0.1432126243250179,0.0465822379703056,0.1313626067671659,-0.0007883571793901,4173,0.1880603460347102,0.1897948622953236,0.1321509639465561,SHAP_rel,0,1,False
-0.0361721059642289,-0.1850243934035478,-0.0323770147632985,-0.0748827771700009,-0.0266820542045891,-0.0643748788095101,-4.201551126537667e-05,3368,0.2535735141310752,0.10156483137459,0.0644168943207754,SHAP_content,0,0,True
-0.020267989850337,-0.1143804443348642,-0.0471491499313907,-0.1069176534920753,-0.0382962534695065,-0.0926551423244001,0.0001113935761331,2808,0.181797584116592,0.1452139069615818,0.0927665359005332,SHAP_content,0,0,True
0.0053164288018877,0.085549675156584,0.0712629511783874,0.1480398326962297,0.0481790587457251,0.1361598383705796,-0.0008180788473802,869,0.1621290551368592,0.1962188914419548,0.1369779172179599,SHAP_rel,1,1,True
-0.0101411725327682,-0.106590474032952,-0.0494198938071106,-0.1144928004499525,-0.0401295060090099,-0.098928183980907,0.0001467909862597,2468,0.166151540372831,0.1546223064589624,0.0990749749671667,SHAP_content,0,0,True
0.0284852592061228,0.0426296756358463,-0.0731850886940069,-0.0533731146987882,0.0237367862923336,0.005957745471437,0.0033159825237733,3893,0.1443000235359761,0.0771099009911219,0.0092737279952104,SHAP_content,0,0,True
-0.0076799272040707,0.1437226369701145,0.0667264773517048,0.1391053453792949,0.0454111103412827,0.1273810303056435,-0.0007087652139543,450,0.2181290415258901,0.1845164557205776,0.1280897955195978,SHAP_content,1,1,True
-0.0075848934345302,0.1497722367853191,0.0660163993876694,0.1376432505812762,0.0449621618530668,0.126389747764383,-0.0007140560919152,1979,0.2233735296075187,0.182605412434343,0.1271038038562983,SHAP_content,1,1,True
0.052899872057406,0.0315447394856742,0.0719266444841578,0.1493953670287681,0.0485478216331629,0.1372225787387717,-0.0008244501231681,696,0.156371256027238,0.1979431886619311,0.1380470288619399,SHAP_rel,1,1,True
0.0214947579845874,0.11347047831566,-0.0385957751958852,0.1591601730099036,0.0535405921484122,0.0930412184498051,-3.586576958851395e-05,1741,0.1735610114961327,0.2127007651583158,0.0930770842193936,SHAP_rel,1,1,True
-0.0225878633040091,-0.1124545735952533,-0.0470925852372088,-0.1067598433460972,-0.038260758341035,-0.0925109914274819,0.000111375424645,3718,0.1821350221364713,0.1450206016871323,0.092622366852127,SHAP_content,0,0,True
0.0062760256351464,0.0830181491287602,0.0714340625476269,0.1483575034842693,0.0482838986000223,0.1361647737140633,-0.0008197793917553,811,0.1607282373115336,0.1966414020842917,0.1369845531058186,SHAP_rel,1,1,True
-0.0176526411236706,-0.0271400160766651,-0.0606228605133614,-0.141349650671129,-0.0485036701144473,-0.12113577882267,0.0003567438994401,3284,0.1054155177136972,0.1898533207855764,0.1214925227221101,SHAP_rel,0,0,True
-0.0220519882768746,-0.1036238979596999,-0.0483018951601393,-0.1107031050367791,-0.039190216108835,-0.0958167767015485,0.0001326394174358,2189,0.1739777813967139,0.1498933211456142,0.0959494161189844,SHAP_content,0,0,True
-0.0078250514974018,0.1426947047567172,0.0669943926203553,0.1396784671404887,0.045543917652796,0.1267384832202944,-0.0007645923089058,505,0.2175141488744744,0.1852223847932847,0.1275030755292002,SHAP_content,1,1,True
-0.0226990179931965,-0.0816009263281622,-0.0512852427774951,-0.1196497377995623,-0.0412240424510313,-0.1032816544743476,0.0001853819973544,3303,0.1555851870988539,0.1608737802505936,0.1034670364717021,SHAP_rel,0,0,True
0.0110294565051528,0.0764680837733405,0.0715906665196997,0.1485880508204655,0.0483795157791159,0.1368906994507692,-0.0008221635322663,405,0.1590882067981932,0.1969675665995814,0.1377128629830356,SHAP_rel,1,1,True
0.0205344049672018,0.0716229418782251,0.0712624410821479,0.148224330612059,0.0482031629693117,0.1361472836548816,-0.0008175443607338,3640,0.1634197879275748,0.1964274935813708,0.1369648280156155,SHAP_rel,0,1,False
-0.0031807310039262,0.1195485548987277,0.0703028720827064,0.1447697738438756,0.0474538526282247,0.1213361844152123,-0.0007936613089183,183,0.1930321579853603,0.1922236264721003,0.1221298457241306,SHAP_content,1,1,True
0.0398039811304106,0.0161609889133166,0.0739633159961197,0.152242861214493,0.049708285768605,0.1404118014149633,-0.0008468758357423,4608,0.129928286039847,0.201951146983098,0.1412586772507056,SHAP_rel,0,1,False
-0.0008394518026731,0.1185044270709512,0.0688377179800576,0.1435578023874244,0.046698419059538,0.130373629819513,-0.0007891895594962,1876,0.188181596853682,0.1902562214469625,0.1311628193790092,SHAP_rel,1,1,True
0.0105305005952357,0.1089753108463203,0.068627663884711,0.1432319354251293,0.0465908185837435,0.1314556906810917,-0.0007887470029028,609,0.1881334753262671,0.1898227540088728,0.1322444376839946,SHAP_rel,1,1,True
0.0143398291371496,-0.021661977644167,-0.0605784578690571,-0.1406759170557016,-0.0599311604092474,-0.120376843822743,-0.0067327510760431,2674,0.0965802646503738,0.200607077464949,0.1271095948987861,SHAP_rel,0,0,True
0.0077725920419076,0.0981317592951957,0.0699247695415147,0.1457019516108113,0.0473783735138852,0.1337755723700726,-0.0008030114748647,2033,0.1758291208786181,0.1930803251246965,0.1345785838449374,SHAP_rel,1,1,True
-0.0141154184137204,-0.0332993737559189,-0.0603790801293881,-0.1407100502129067,-0.0483074390829895,-0.1204042057910978,0.0003475824801827,3981,0.1077938722990275,0.1890174892958963,0.1207517882712806,SHAP_rel,0,0,True
0.0216522513407152,0.02601776874092,0.0744795564176692,0.1529018087060678,0.0500114878688806,0.1414024068163264,-0.0008522225007237,1968,0.1221495764993046,0.2029132965749484,0.1422546293170501,SHAP_rel,1,1,True
0.0020433038297509,0.1304776744033609,0.0672128342534193,0.1403343432745674,0.0457023065737227,0.1285602494712386,-0.000772274205328,20,0.1997338124865312,0.1860366498482902,0.1293325236765667,SHAP_content,1,1,True
-0.0329063064125589,-0.1826737979484634,-0.0336817497771144,-0.0765639773084383,-0.027604144709983,-0.0660577176494434,-6.754602043934285e-05,2218,0.2492618541381368,0.1041681220184213,0.0661252636698828,SHAP_content,0,0,True
0.0203930561670676,0.0847143170148399,0.0710370549998201,0.1438995901815858,0.0477696588179984,0.1308887938084968,-0.00081075664042,2224,0.1761444281817277,0.1916692489995843,0.1316995504489168,SHAP_rel,0,1,False
-0.0068774379981413,0.1335623680832131,0.0678365059328221,0.1413789018644907,0.0460573997038993,0.1287359981236625,-0.0007780359746622,327,0.2082763120141766,0.18743630156839,0.1295140340983246,SHAP_content,1,1,True
0.000729082828831,0.0592411614871982,0.0814410810679906,0.1031172008552987,0.0496004652792055,-0.0998651212632567,0.0003385498512624,3270,0.14141132538402,0.1527176661345042,0.1002036711145192,SHAP_rel,0,1,False
-0.0027735082878773,0.0049475599407174,-0.0644515949002511,-0.1500825932253196,-0.0516084913155729,-0.1272222818177238,0.0003964848188639,2518,0.0721726631288458,0.2016910845408925,0.1276187666365877,SHAP_rel,0,0,True
0.0156894682898586,0.0866438781676282,0.0703614890033468,0.1466450706886215,0.0476596644605908,0.1341331586348602,-0.0008079532957857,1874,0.1726948354608336,0.1943047351492124,0.134941111930646,SHAP_rel,1,1,True
-0.0195534071479701,-0.0377826740954159,-0.0591477046281187,-0.1378665694609683,-0.0472551150352782,-0.1182562794151183,0.0003065099564292,4362,0.1164837858715049,0.1851216844962466,0.1185627893715475,SHAP_rel,0,0,True
0.0065154774750446,0.135386605217077,0.0662338962222316,0.1383680815634184,0.0451039467208264,0.1267971173390923,-0.0007638879791345,1756,0.2081359789143533,0.1834720282842449,0.1275610053182269,SHAP_content,1,1,True
-0.0179751038128464,-0.0388164130274783,-0.0594248156244201,-0.1382239111915807,-0.0471832309280788,-0.1182376376883392,0.000305872446303,2178,0.1162163324647448,0.1854071421196595,0.1185435101346423,SHAP_rel,0,0,True
-0.021820587294797,-0.0572414545991147,-0.0554844080160061,-0.1296597919027941,-0.044180669724786,-0.1114440541247216,0.000275725835779,3410,0.1345464499099179,0.1738404616275801,0.1117197799605007,SHAP_rel,0,0,True
-0.0115356286498497,-0.1186207299215187,-0.0477300483185265,-0.1088047706774834,-0.038797855680631,-0.0941839588829094,0.000117752304478,4605,0.1778864068898949,0.1476026263581145,0.0943017111873875,SHAP_content,0,0,True
-0.0074723975180337,0.142863076474828,0.0668511508774633,0.1393891814931606,0.0455010191074883,0.1270364606784036,-0.0006892680854847,489,0.217186624870325,0.1848902006006489,0.1277257287638883,SHAP_content,1,1,True
-0.0069423011078367,0.1491479954484052,0.0661609983941363,0.137723301641377,0.0450186293169058,0.1257357493673584,-0.0007526188473705,606,0.2222512949503782,0.1827419309582828,0.1264883682147289,SHAP_content,1,1,True
0.012067881889508,0.1002247691559826,0.0693472677359268,0.1446323883622175,0.0470330505841633,0.1328405591726214,-0.0007970058385371,3212,0.1816399187814176,0.1916654389463808,0.1336375650111586,SHAP_rel,0,1,False
-0.0144260877520509,-0.0732549338350737,-0.0541075252243982,-0.1262973071609823,-0.0430510559252662,-0.1086711721441908,0.0002528422155217,2464,0.141788546811523,0.1693483630862486,0.1089240143597125,SHAP_rel,0,0,True
-0.0063728604931828,0.1514904655639881,0.0657154835909161,0.1370554219167237,0.0447506637209582,0.1258376202523885,-0.0007462702353617,1738,0.2235788096480871,0.1818060856376819,0.1265838904877503,SHAP_content,1,1,True
0.008323732369269,0.0984290125540768,0.069847418336508,0.1455277337565396,0.0473298723589008,0.1337027262654155,-0.0008022476304322,152,0.1766001632598539,0.1928576061154405,0.1345049738958477,SHAP_rel,1,1,True
-0.0052668581016448,0.1326247343444483,0.0679090620414576,0.1416537433324292,0.0461122879064864,0.1276103000515362,-0.0007777569503301,889,0.2058006544875508,0.1877660312389156,0.1283880570018663,SHAP_content,1,1,True
-0.1577060075492953,-0.0701107553796887,-0.0310114033541065,-0.0722223104800297,-0.0258888879225789,-0.0620689626494311,-0.0005469124913104,4648,0.2588281662830906,0.0981111984026086,0.0626158751407416,SHAP_content,0,0,True
-0.0200051008283072,-0.0344107410883131,-0.0596981069301476,-0.1390179683342796,-0.0476630645018913,-0.1190700096944568,0.0003097515509552,3082,0.114113948846768,0.186681032836171,0.1193797612454121,SHAP_rel,0,0,True
0.015893735957997,0.1067912322596782,0.0683373287748989,0.1427510047614396,0.0464251771768377,0.1310634778195193,-0.0007858541449088,269,0.1910222969925742,0.1891761819382773,0.1318493319644282,SHAP_content,1,1,True
0.0118975048619544,0.0989537963335005,0.0694901257047341,0.144935072187822,0.0471220622722591,0.1330122351794103,-0.0007985392825766,96,0.180341426900189,0.1920571344600812,0.133810774461987,SHAP_rel,1,1,True
-0.0210718852064261,-0.1186833031907057,-0.0464896167734017,-0.1047757337745279,-0.0377284357488776,-0.0909063613225395,0.0001000961900378,3824,0.1862448051705336,0.1425041695234055,0.0910064575125773,SHAP_content,0,0,True
-0.0228680910316871,-0.0642530588356423,-0.0541661635880313,-0.1265355119563284,-0.0430434250540676,-0.1089530307462083,0.0002640413855246,3885,0.1412873134553608,0.169578937010396,0.109217072131733,SHAP_rel,0,0,True
-0.0079326279936803,0.1406839973423187,0.0670782857685837,0.1398260087404578,0.0456121166916121,0.1281587541351272,-0.0007373712230917,1799,0.2156949111045827,0.1854381254320699,0.1288961253582189,SHAP_content,1,1,True
-0.0065905627752878,0.144578689841376,0.0665280541865864,0.1387612708494778,0.0452596348391934,0.1271487243893955,-0.000767851387328,1572,0.2176973068032503,0.1840209056886713,0.1279165757767235,SHAP_content,1,1,True
0.0199734160432677,0.0983221041558399,0.0688635259849419,0.1438613120315685,0.0467566180848294,0.1315183143142078,-0.0007912672862322,1067,0.1871590461840495,0.190617930116398,0.13230958160044,SHAP_rel,1,1,True
-0.0211151098909432,-0.0865940775423576,-0.0507071054786709,-0.1182661250940789,-0.0409717798198218,-0.1020778773528789,0.000176835352311,2760,0.1584162929119719,0.1592379049139008,0.1022547127051899,SHAP_rel,0,0,True
0.0035332305734263,0.1057362981924698,0.0695727767471135,0.1450037728251799,0.0471570901037415,0.1330315784733032,-0.0007988205106396,715,0.1788423055130096,0.1921608629289215,0.1338303989839429,SHAP_rel,1,1,True
0.013046965665716,-0.0768703371917473,0.0235175759527566,-0.1521085921291683,-0.052543618631405,-0.1303750610815783,0.0003841537368993,4059,0.11343487881022,0.2046522107605733,0.1307592148184777,SHAP_rel,0,0,True
0.0106922071758834,0.0856017697363026,0.0708250513113591,0.1473523738796689,0.0479266809283622,0.1354474611797237,-0.0008135076535067,4665,0.1671190282235452,0.1952790548080312,0.1362609688332304,SHAP_rel,0,1,False
-0.0159366607716794,-0.1658511983020718,-0.0402184242096596,-0.0882454188350764,-0.03207001094764,-0.0771977337632505,-3.579299706256249e-05,4565,0.2220062832834108,0.1203154297827165,0.077233526760313,SHAP_content,0,0,True
-0.0070254114338504,0.15066903019355,0.0658688423174123,0.1373550848706315,0.0448479919411863,0.1261446201891328,-0.0007487472069139,1798,0.2235632839448129,0.1822030768118178,0.1268933673960467,SHAP_content,1,1,True
0.0382544218473402,-0.0326227963531745,0.0764517188110345,0.1535826175778748,0.0511128744598744,0.1431198906936638,-0.0008515098910512,461,0.1473289370115492,0.2046954920377492,0.1439714005847151,SHAP_rel,1,1,True
-0.0005513717287575,0.0105293689797898,-0.0649418766292787,-0.1509438185864793,-0.0520780145568506,-0.1282540177792044,0.0003526341490713,2944,0.0760226173378261,0.2030218331433299,0.1286066519282758,SHAP_rel,0,0,True
-0.0069476132950793,0.1472133268187087,0.0662366237647476,0.1381450994341589,0.0450844967589669,0.1268720823924633,-0.0007620647272449,1795,0.2203975638785357,0.1832295961931258,0.1276341471197082,SHAP_content,1,1,True
-0.0063454922803987,0.1368761695514743,0.0674849108230943,0.1407433936276163,0.0458459710295621,0.1275877195484935,-0.0007769620741407,1869,0.2107065726549673,0.1865893646571785,0.1283646816226342,SHAP_content,1,1,True
-0.0068854881385344,0.1398159268911305,0.0670902064768598,0.1397458665473386,0.0456604542415588,0.1277783258768419,-0.0006539343725889,1345,0.2137916215065248,0.1854063207888974,0.1284322602494309,SHAP_content,1,1,True
0.0221966421248479,0.0961301157994286,0.0688307624721367,0.1437465422871921,0.0467355802721742,0.1319815229753121,-0.0007914628236155,1214,0.1871575203964134,0.1904821225593664,0.1327729857989276,SHAP_rel,1,1,True
-0.0057465275938045,0.146228350460618,0.0662420721564087,0.1381633059302611,0.0450862211554887,0.1268072470079752,-0.0007634207099409,1372,0.2182169502108313,0.1832495270857499,0.1275706677179162,SHAP_content,1,1,True
0.0167212600755021,0.0689593036848876,0.071806375652596,0.1491338627543744,0.0485227826623068,0.1368451804882358,-0.0008231967128369,243,0.1574869394129858,0.1976566454166812,0.1376683772010728,SHAP_rel,1,1,True
-0.0248665583658119,-0.1228953999063399,-0.0453968857745418,-0.1014564075933857,-0.0369191475589537,-0.0881020423793012,8.120175189383315e-05,4039,0.1931588440466936,0.1383755551523395,0.088183244131195,SHAP_content,0,0,True
-0.0222482110401172,-0.0519643974015045,-0.0563724534017521,-0.1314560108826983,-0.0446218266688464,-0.113177541200648,0.000285200769126,2799,0.1305850618433739,0.1760778375515447,0.1134627419697741,SHAP_rel,0,0,True
-0.0049247753160694,0.1504846364539116,0.0656773533501351,0.1370353351710363,0.0447386182704939,0.1257536994352315,-0.000746750637268,1679,0.2210867651201162,0.1817739534415303,0.1265004500724995,SHAP_content,1,1,True
-0.0266156188764476,-0.1658873986076739,-0.0379310219507841,-0.0843705371026437,-0.0311256477473791,-0.0735546170828109,-7.039845870098448e-05,3850,0.2304340394349057,0.1154961848500228,0.0736250155415119,SHAP_content,0,0,True
-0.0070804795103058,0.1503727675087838,0.0659260813275441,0.1374402639075581,0.0449232613833709,0.125874551030009,-0.000666899857599,1312,0.2233793283466339,0.1823635252909291,0.126541450887608,SHAP_content,1,1,True
-0.0224212040906506,0.0217783542999642,-0.0746599074464646,-0.0725650862262007,0.0008907703593639,-0.1462423163955765,0.0005478632016373,648,0.1188594658370794,0.0734558565855647,0.1467901795972138,SHAP_spat,1,0,False
0.0118286022976305,0.0770175741353027,0.0715293455165145,0.1484281568453602,0.0483389154133342,0.1363721656809517,-0.0008211666105669,3238,0.1603755219494479,0.1967670722586945,0.1371933322915187,SHAP_rel,0,1,False
-0.0077278484864869,-0.0414593751059312,0.0291788972869426,-0.1540764801584273,-0.0487051817717119,-0.1291665191710704,0.0003592704902624,2643,0.0783661208793608,0.2027816619301392,0.1295257896613329,SHAP_rel,0,0,True
-0.0234373608593428,-0.1063680546242034,-0.0477757090335002,-0.1089517951215217,-0.0387512264793649,-0.0943952638434157,0.0001241701349083,4409,0.1775811245170465,0.1477030216008867,0.094519433978324,SHAP_content,0,0,True
-0.0071136388560491,0.1463947481495283,0.0663158361776067,0.1382483288361025,0.0451859978758064,0.1269699355976301,-0.0006650616494672,155,0.2198242231831841,0.183434326711909,0.1276349972470973,SHAP_content,1,1,True
-0.0287899745396736,-0.176819315235574,-0.0355363463211272,-0.0798923415315581,-0.0291734131879417,-0.069263111612194,-8.073739837190404e-05,3428,0.2411456360963749,0.1090657547194998,0.0693438490105659,SHAP_content,0,0,True
-0.2487407741870375,0.0206799200489852,-0.0310284988775494,-0.0725920516245643,-0.0255690417618135,-0.0622757723135208,-2.9021110940012987e-05,3453,0.3004491931135722,0.0981610933863779,0.0623047934244608,SHAP_content,0,0,True
0.2764804286320824,0.0804914480913875,0.0347919178652089,0.0704278077614006,0.0237397638528741,0.0652606914251865,-0.0003742797411534,1303,0.3917637945886789,0.0941675716142747,0.06563497116634,SHAP_content,1,1,True
-0.0072931247088789,0.143722748671126,0.0667235946954182,0.1390686707904206,0.0453716405255365,0.1273005490682663,-0.0007697549436596,1150,0.2177394680754232,0.1844403113159572,0.1280703040119259,SHAP_content,1,1,True
-0.022179834524724,-0.1176863967517967,-0.0464644498174034,-0.1047269238438567,-0.0377349522768941,-0.0908627660162857,0.0001000834045199,3047,0.1863306810939242,0.1424618761207509,0.0909628494208057,SHAP_content,0,0,True
-0.0071895641219756,0.1372398527987035,0.0673430040530593,0.1402988461512806,0.0458108653695367,0.1287534978798635,-0.0006694881556821,1046,0.2117724209737385,0.1861097115208173,0.1294229860355456,SHAP_content,1,1,True
-0.0068839601222426,0.1483895309201131,0.0661056061669564,0.1377395284731562,0.0450492642996832,0.1263524061913291,-0.0006497140660261,1640,0.2213790972093121,0.1827887927728395,0.1270021202573552,SHAP_content,1,1,True
0.0065182413503614,0.0601341744259087,0.0732506325177937,0.1512198588275129,0.0493499678393293,0.1390704153314942,-0.0008372382126038,1306,0.139903048294064,0.2005698266668423,0.1399076535440981,SHAP_rel,1,1,True
-0.003947978367896,0.1422733695818821,0.0663988115732957,0.1384194493617951,0.0452774614485068,0.1271154675618523,-0.0005973423578377,1927,0.2126201595230738,0.1836969108103019,0.1277128099196901,SHAP_content,1,1,True
-0.022262906242805,-0.0093890078213908,-0.0618204034934973,-0.1442275853154161,-0.0494242620812951,-0.1231359469536914,0.0003689363548931,3439,0.0934723175576932,0.1936518473967112,0.1235048833085845,SHAP_rel,0,0,True
-0.0228753063162078,0.0076164314335301,-0.063204133295321,-0.147395428726006,-0.0504301369725948,-0.1252355669791411,0.0003833779156917,4121,0.0936958710450589,0.1978255656986008,0.1256189448948329,SHAP_rel,0,0,True
-0.0285298838333803,-0.1900712013552851,-0.0330981859497371,-0.0756112121937441,-0.0270894017912713,-0.065110173073065,-4.51816299575393e-05,2244,0.2516992711384025,0.1027006139850155,0.0651553547030225,SHAP_content,0,0,True
-0.0204168253229665,-0.0414095970850792,-0.0583779492628805,-0.1362003039670221,-0.0466116933877624,-0.1168391431146966,0.0003002723139666,3136,0.1202043716709263,0.1828119973547845,0.1171394154286633,SHAP_rel,0,0,True
0.0306704549806282,0.0812770769578805,0.0695260713921326,0.1452015281252651,0.0471732518149628,0.13303054709156,-0.0007993259602447,15,0.1814736033306414,0.192374779940228,0.1338298730518048,SHAP_rel,1,1,True
-0.0125589904421496,-0.0589936273963677,-0.0567883307185201,-0.1325465804487023,-0.0452633741485132,-0.1136893744064672,0.0002850377342796,3538,0.1283409485570376,0.1778099545972155,0.1139744121407469,SHAP_rel,0,0,True
-0.0145304383715126,-0.0679844510343058,-0.0549929676090499,-0.1283948553689266,-0.0437489007516276,-0.1101723393379222,0.0002687126469044,2669,0.1375078570148685,0.1721437561205542,0.1104410519848267,SHAP_rel,0,0,True
-0.0065782078969782,0.1227292589821985,0.0687940493316522,0.1432444643847467,0.0466489225114207,0.1316583400723036,-0.0007898116176504,1360,0.198101516210829,0.1898933868961674,0.1324481516899541,SHAP_content,1,1,True
-0.007756235457513,0.1469930663991808,0.0663791956542769,0.138448966374133,0.0451807456461801,0.1267358533614093,-0.0007467737426271,1844,0.2211284975109708,0.1836297120203132,0.1274826271040365,SHAP_content,1,1,True
-0.0192110898925568,-0.074557745567146,-0.0530968446276106,-0.1239063867271678,-0.0422054148288554,-0.1068055428853369,0.0002277847022328,3098,0.1468656800873135,0.1661118015560233,0.1070333275875697,SHAP_rel,0,0,True
0.0043192922226377,0.112450211844274,0.0688557966468146,0.1435259633072253,0.0467120850075568,0.1317878316490512,-0.0007908150334621,1612,0.1856253007137263,0.1902380483147822,0.1325786466825133,SHAP_rel,1,1,True
0.0259485151984152,0.0957623925431676,0.0685341448053451,0.1433042996211331,0.0465672053616227,0.1311934386444322,-0.0007881172014666,497,0.190245052546928,0.1898715049827559,0.1319815558458989,SHAP_content,1,1,True
-0.0151154130137126,-0.0740534288515559,-0.0538494175810899,-0.1256958184318528,-0.0428536546840554,-0.108232011326766,0.0002445040625919,2840,0.1430182594463585,0.1685494731159082,0.108476515389358,SHAP_rel,0,0,True
-0.0205053878570242,-0.0117200489041972,-0.0617410544753961,-0.1440140845586345,-0.0493574225924398,-0.1233017499108598,0.0003715100372099,4611,0.0939664912366175,0.1933715071510744,0.1236732599480697,SHAP_rel,0,0,True
0.0083517064960404,0.1264987315599851,0.0670069870485347,0.1399772537169712,0.0455882428787383,0.1284263560364378,-0.0007704448570452,4673,0.2018574251045603,0.1855654965957096,0.1291968008934831,SHAP_content,0,1,False
0.0038278700525294,-0.0074585528387023,-0.0639517168583614,-0.1490220139813719,-0.0511346533663371,-0.1274692398745987,0.0003987157672222,3633,0.0752381397495932,0.2001566673477091,0.127867955641821,SHAP_rel,0,0,True
0.0443291492703857,0.0527059009704917,0.0709071101679333,0.1477123095911173,0.0479805550717615,0.1355838002270264,-0.0008114115627305,1478,0.1679421604088108,0.1956928646628788,0.1363952117897569,SHAP_rel,1,1,True
-0.0046003786340091,0.1291900470502939,0.0679701996005717,0.141704843320662,0.0461502645786496,0.1300090503786645,-0.0007806005768832,1095,0.2017606252848748,0.1878551078993117,0.1307896509555478,SHAP_content,1,1,True
0.0235632301501129,0.0990890150983329,0.068411888500099,0.1429667967331728,0.0464835011220669,0.1311384339835938,-0.0007868890004409,542,0.1910641337485449,0.1894502978552397,0.1319253229840348,SHAP_content,1,1,True
0.0004131210143456,0.1123800277823048,0.0692364325990367,0.1442839884989051,0.0469424986539496,0.132092563540187,-0.0007946085695709,4074,0.1820295813956873,0.1912264871528547,0.1328871721097579,SHAP_rel,0,1,False
0.0497813885325032,0.0473883694675529,0.0708853300286545,0.1475789018131882,0.0479506748739098,0.1357552352458948,-0.0008118464246924,431,0.1680550880287107,0.195529576687098,0.1365670816705872,SHAP_rel,1,1,True
0.0010835955699108,0.1068267495865445,0.0698080472161195,0.1454511250878816,0.0472967631311289,0.1321236428351895,-0.0008001249137201,728,0.177718392372575,0.1927478882190106,0.1329237677489096,SHAP_rel,1,1,True
-0.0219144017623647,-0.0348021968840842,-0.0592621153728326,-0.1381089680302179,-0.0473168167464346,-0.1184586699473272,0.0003079289168208,4412,0.1159787140192817,0.1854257847766525,0.118766598864148,SHAP_rel,0,0,True
-0.0238795129177602,-0.1481663499147454,-0.0416548938785812,-0.0918535552702045,-0.0338432458869314,-0.0801491860319371,-8.495926280457575e-06,2561,0.2137007567110868,0.125696801157136,0.0801576819582176,SHAP_content,0,0,True
-0.005375952452288,0.1354635045650814,0.0675183534583165,0.1408075387612695,0.0458676272365043,0.127914688509401,-0.000775102667067,1337,0.208357810475686,0.1866751659977738,0.1286897911764681,SHAP_content,1,1,True
-0.0134020787348438,-0.1137588876735507,-0.0481434538685494,-0.1101089578039411,-0.0390387677061149,-0.0952287420582114,0.0001256480187709,3606,0.1753044202769441,0.1491477255100561,0.0953543900769824,SHAP_content,0,0,True
-0.0223223544853473,-0.1081775520792275,-0.047681461335692,-0.108666462987495,-0.0387172930251385,-0.0941118951692755,0.0001217792557352,2877,0.1781813679002669,0.1473837560126336,0.0942336744250108,SHAP_content,0,0,True
-0.0158327610884084,0.0245628934694853,0.0384409149971878,-0.1599164687979722,-0.0533041538606463,-0.1332813908936833,0.0003827727580376,4415,0.0788365695550816,0.2132206226586186,0.1336641636517209,SHAP_rel,0,0,True
0.0443249116681872,0.0729500472405039,0.0690573346405954,0.1443179546509914,0.0468951678275174,0.1324540816898501,-0.0007933316737679,1031,0.1863322935492867,0.1912131224785088,0.1332474133636181,SHAP_rel,1,1,True
-0.0071596326815589,0.1506239350518831,0.0658910686910772,0.1373481463215625,0.0448954790454978,0.1259948227548351,-0.0006737988265231,1110,0.2236746364245192,0.1822436253670604,0.1266686215813582,SHAP_content,1,1,True
-0.0039863196668167,0.1426368158871662,0.0673098636693985,0.1405035895493236,0.0458408892880238,0.1198685580907123,-0.0005998534927411,1888,0.2139329992233816,0.1863444788373474,0.1204684115834534,SHAP_content,1,1,True
-0.0139257579766035,-0.0446555177246974,-0.0589723750421599,-0.1374375965171936,-0.0471036275347828,-0.1177637223069378,0.0003033572759346,3550,0.1175536507434609,0.1845412240519764,0.1180670795828724,SHAP_rel,0,0,True
-0.0062330027114863,0.1519457400620338,0.0656627889653402,0.1369123998305184,0.0447130973223331,0.1256792431205866,-0.0007452387366709,1527,0.2238415317388603,0.1816254971528516,0.1264244818572575,SHAP_content,1,1,True
-0.0076491146893016,0.1440284965794443,0.0667444617082585,0.1392001096558359,0.0453902585334366,0.1270518824823112,-0.0007697413440882,753,0.2184220729770045,0.1845903681892725,0.1278216238263995,SHAP_content,1,1,True
-0.0200750789302622,-0.1028696564173859,-0.0486346808642681,-0.1118539748029073,-0.0395119156525692,-0.0967472229347165,0.0001372897756685,3049,0.1715794162119163,0.1513658904554766,0.096884512710385,SHAP_content,0,0,True
-0.0327437767805087,-0.1789218498716308,-0.0344230657281531,-0.0778014394737492,-0.0282469825052678,-0.0673357837703411,-8.234169678984424e-05,2628,0.2460886923802927,0.106048421979017,0.067418125467131,SHAP_content,0,0,True
0.0521737147415323,0.053648191859724,0.0701294020300377,0.1463066636998472,0.0475140538744273,0.1344283971750133,-0.0008029087840003,562,0.1759513086312941,0.1938207175742746,0.1352313059590136,SHAP_rel,1,1,True
-0.0113920680308226,-0.1739590515499446,-0.0395608971106952,-0.0871284583165598,-0.0318773782459375,-0.0755933895838735,-4.399698860721099e-05,3562,0.2249120166914625,0.1190058365624974,0.0756373865724807,SHAP_content,0,0,True
0.0183051864253799,0.0349404234889716,0.0741758684122136,0.1525465651272929,0.0498529976721675,0.140544594456486,-0.0008473414716177,252,0.1274214783265652,0.2023995627994605,0.1413919359281038,SHAP_rel,1,1,True
-0.0091211071818002,-0.1311655016146777,-0.0464207047394344,-0.1045549533774942,-0.0377511270401245,-0.0906332954753057,9.144960239618194e-05,2516,0.1867073135359124,0.1423060804176187,0.0907247450777019,SHAP_content,0,0,True
-0.0258236824327503,-0.1579680000351786,-0.0396144791992736,-0.087518866225057,-0.0322102555007718,-0.0763727488911134,-4.720754229597425e-05,2962,0.2234061616672026,0.1197291217258288,0.0764199564334094,SHAP_content,0,0,True
-0.1265317047267619,-0.1006326622489307,-0.0310664316569233,-0.072388681561043,-0.0259893198006875,-0.0623135277507605,-0.0006329120813336,4453,0.258230798632616,0.0983780013617305,0.0629464398320941,SHAP_content,0,0,True
0.0060233486294748,0.122412208324919,0.0676642257863036,0.1412722984037051,0.0459886997478704,0.1296680075122664,-0.000777659477666,1202,0.1960997827406975,0.1872609981515755,0.1304456669899324,SHAP_content,1,1,True
0.0026887801297538,0.1160927902483602,0.0686677618795296,0.1432641570420846,0.04660213198158,0.1310134939975327,-0.000788362614633,3462,0.1874493322576438,0.1898662890236647,0.1318018566121657,SHAP_rel,0,1,False
0.0007669781761334,0.1269164658773778,0.0677033346762349,0.1411578534330641,0.0459923622774049,0.1296982316435092,-0.0007778522113249,2797,0.1953867787297462,0.187150215710469,0.1304760838548342,SHAP_content,0,1,False
-0.0231272557446555,-0.0821121731332635,-0.0511230993265108,-0.1192717972739732,-0.0411504491533906,-0.1029539215282669,0.0001834563336202,4225,0.1563625282044299,0.1604222464273639,0.1031373778618871,SHAP_rel,0,0,True
0.0390645187644819,0.0514749733257948,0.0714322884404322,0.1484347729004831,0.0482775582086206,0.1367967179571501,-0.0008177796457672,144,0.161971780530709,0.1967123311091038,0.1376144976029173,SHAP_rel,1,1,True
-0.0199200910533379,-0.0479931267445818,-0.0573470682891618,-0.1338958551928933,-0.0457344357720798,-0.114956340720123,0.0002916779457369,2895,0.1252602860870816,0.1796302909649731,0.11524801866586,SHAP_rel,0,0,True
-0.0208507780079242,-0.0995495486632433,-0.0489523602864217,-0.112926583565195,-0.0397624766162729,-0.0976567999910385,0.000143307303655,2763,0.1693526869575893,0.152689060181468,0.0978001072946935,SHAP_content,0,0,True
-0.00492624988806,0.1490994094238129,0.0658040072570687,0.1370755436302917,0.044878371474067,0.1258310316817036,-0.00058448194739,905,0.2198296665689417,0.1819539151043587,0.1264155136290937,SHAP_content,1,1,True
-0.1528303738216913,-0.0745286922438425,-0.0310195562435048,-0.072348894748748,-0.0259320417107748,-0.062295185554063,-0.0006004955038162,3980,0.2583786223090386,0.0982809364595228,0.0628956810578792,SHAP_content,0,0,True
-0.0204028624083759,0.0304780636993014,-0.0691038758675789,-0.1316751121478377,-0.0291834148435764,-0.136378512899724,0.000529426710037,235,0.1199848019752562,0.1608585269914141,0.136907939609761,SHAP_rel,1,0,False
