AE_safe_err,AE_risk_err,label_content,prob_safe_rel,prob_risk_rel,prob_safe_spat,prob_risk_spat,user_id,SHAP_content,SHAP_rel,SHAP_spat,dominant_perspective
0.1314777956982853,0.3156960021719481,0.0101094007844697,0.0,-0.0007959994986977,-0.0329004802622564,0.0,2598,0.4572831986547032,0.0007959994986977,0.0329004802622564,SHAP_content
-0.3632042893922861,-0.0783529494522057,-0.0066715131160363,0.0,0.0015920937678602,0.0102183667013509,0.0,3140,0.4482287519605282,0.0015920937678602,0.0102183667013509,SHAP_content
0.4848555069314664,0.0157861769637583,0.0025498329305356,0.0,0.0004302035152744,-0.0154900263751402,6.854534197187068e-10,989,0.5031915168257605,0.0004302035152744,0.0154900270605936,SHAP_content
0.2609504294686563,0.2452371182522432,0.0052763514342682,0.0,8.070729116195843e-05,-0.0234129117949813,0.0,923,0.5114638991551677,8.070729116195843e-05,0.0234129117949813,SHAP_content
0.2373614375994302,-0.3039184262845931,-0.0247235344828416,0.0,-0.000535650297291,0.0500540525992183,0.0,3272,0.5660033983668651,0.000535650297291,0.0500540525992183,SHAP_content
0.101681014231927,0.4026048102565261,0.0046157593911583,0.0,0.0001798008146911,-0.0209496900429546,0.0,2397,0.5089015838796115,0.0001798008146911,0.0209496900429546,SHAP_content
0.4736416396000086,-0.0686078209036729,0.0105562380272855,0.0,0.0017128724418528,-0.0379537643450585,0.0,2044,0.5528056985309672,0.0017128724418528,0.0379537643450585,SHAP_content
0.5456404995149681,-0.0495159675796451,0.005447104192931,0.0,0.0004770569590672,-0.0168572359580982,0.0,1980,0.6006035712875443,0.0004770569590672,0.0168572359580982,SHAP_content
0.522931224742832,-0.0225178011657175,0.0025296327989309,0.0,0.0006444657950947,-0.0154558271075264,-4.1226547176087536e-10,249,0.5479786587074805,0.0006444657950947,0.0154558275197919,SHAP_content
0.3446430428577328,0.1604127405683972,0.0044828734042234,0.0,0.0004197874912156,-0.0218267496702213,0.0,1056,0.5095386568303536,0.0004197874912156,0.0218267496702213,SHAP_content
0.281105136234165,0.2247067738016215,0.0050460754973746,0.0,5.73414083402668e-05,-0.0227836322901529,0.0,2683,0.5108579855331612,5.73414083402668e-05,0.0227836322901529,SHAP_content
0.5118310420381905,-0.0126716206401416,0.0049388702590672,0.0,0.0009802591430425,-0.0169468561488104,0.0,1346,0.5294415329373994,0.0009802591430425,0.0169468561488104,SHAP_content
-0.3817113100910069,-0.0629737254865471,-0.0063817147701394,0.0,0.0011397284058692,0.0097873912880681,0.0,4297,0.4510667503476935,0.0011397284058692,0.0097873912880681,SHAP_content
-0.532614630872419,0.0882453314989844,-0.0047443794176053,0.0,0.0010730564084694,0.0056998238622289,0.0,2366,0.6256043417890087,0.0010730564084694,0.0056998238622289,SHAP_content
-0.4527405301690972,0.0078011527591674,-0.0050166830612141,0.0,0.0006368339070049,0.0070222378797109,0.0,3950,0.4655583659894788,0.0006368339070049,0.0070222378797109,SHAP_content
-0.4354717156471144,-0.0100875009933655,-0.0053997770723835,0.0,0.0007467022442627,0.0079399445172068,0.0,2591,0.4509589937128635,0.0007467022442627,0.0079399445172068,SHAP_content
-0.4406465762279846,-0.0054244705975578,-0.005426861068727,0.0,0.0011159074903437,0.0080554553935987,0.0,3653,0.4514979078942695,0.0011159074903437,0.0080554553935987,SHAP_content
-0.0869768615916766,0.0745014127228163,0.0168232848138782,0.0,-0.0016983870639061,-0.0429663657276428,0.0,355,0.1783015591283712,0.0016983870639061,0.0429663657276428,SHAP_content
0.4372076638427829,0.0649392786971341,0.0033118039234509,0.0,0.0008896404918033,-0.0182166927011871,3.973642907773023e-10,744,0.505458746463368,0.0008896404918033,0.0182166930985514,SHAP_content
-0.4013521359148179,-0.0431419434305212,-0.0060506389251289,0.0,4.416792586303588e-06,0.0091594021176175,0.0,3097,0.4505447182704681,4.416792586303588e-06,0.0091594021176175,SHAP_content
-0.4223238958460584,-0.0249411069705573,-0.0056393180447069,0.0,0.0020838812927554,0.0085710324018585,0.0,2541,0.4529043208613226,0.0020838812927554,0.0085710324018585,SHAP_content
-0.0914754642119374,0.5358824536127865,0.0078500222393695,0.0,-0.000990856725754,0.0213135554267336,0.0,3012,0.6352079400640935,0.000990856725754,0.0213135554267336,SHAP_content
0.5032628236981259,-0.0231885040139403,0.0066142780560004,0.0,2.8859934318007513e-05,-0.0226157331922233,0.0,844,0.5330656057680667,2.8859934318007513e-05,0.0226157331922233,SHAP_content
0.5033852721628429,-0.041039206512547,0.0073246679302809,0.0,-0.0007095257612183,-0.0270361066814992,0.0,723,0.5517491466056709,0.0007095257612183,0.0270361066814992,SHAP_content
-0.2804890645322768,-0.1370229066364701,-0.0100029617053224,0.0,0.0016030403568753,0.0165822063589964,0.0,2228,0.4275149328740693,0.0016030403568753,0.0165822063589964,SHAP_content
0.2710859664860106,0.2347251376371681,0.0048792690583969,0.0,-0.0003213228004962,-0.0222373557297311,0.0,1976,0.5106903731815756,0.0003213228004962,0.0222373557297311,SHAP_content
-0.4407629214283644,-0.0041221060363041,-0.0053831029987323,0.0,0.0001826163845247,0.0078664544802668,0.0,2955,0.4502681304634009,0.0001826163845247,0.0078664544802668,SHAP_content
0.0884681779137763,0.4155106586689873,0.0047149831062827,0.0,0.0009467521021412,-0.0215088769833772,-1.5646220083431747e-10,244,0.5086938196890464,0.0009467521021412,0.0215088771398394,SHAP_content
-0.3813824165421231,-0.0674824694399908,-0.0067834169714678,0.0,0.0027162279429254,0.0110128482102388,0.0,2214,0.4556483029535818,0.0027162279429254,0.0110128482102388,SHAP_content
0.5279488215989292,-0.0283077925322696,0.0021853120148609,0.0,0.0008498060002772,-0.0145444524304492,0.0,1298,0.5584419261460598,0.0008498060002772,0.0145444524304492,SHAP_content
0.4981673236555928,0.0023407944632342,0.0025994530047732,0.0,0.0009127699999239,-0.0158886464721759,0.0,717,0.5031075711236004,0.0009127699999239,0.0158886464721759,SHAP_content
0.4723233873515554,-0.1615560087873188,0.0129839670634357,0.0,-0.0092974801378193,0.0379273566158711,0.0,3648,0.64686336320231,0.0092974801378193,0.0379273566158711,SHAP_content
0.4427841038934398,-0.1867288443530198,0.015018859089948,0.0,0.0031849173212052,-0.0051719074547052,0.0,392,0.6445318073364077,0.0031849173212052,0.0051719074547052,SHAP_content
0.3939202693060253,0.0145293026306383,0.0115186081232562,0.0,0.0008750110361608,-0.041745438667328,0.0,1746,0.4199681800599199,0.0008750110361608,0.041745438667328,SHAP_content
-0.3744279461501978,-0.0691038770744956,-0.0069228745226804,0.0,0.0007886169018476,0.0110880890909176,0.0,3292,0.4504546977473739,0.0007886169018476,0.0110880890909176,SHAP_content
-0.4152013885146751,-0.0307797372281812,-0.0056345842627784,0.0,0.000803502412422,0.0085060644480713,0.0,4523,0.4516157100056349,0.000803502412422,0.0085060644480713,SHAP_content
0.5156565582690256,-0.016020141223608,0.0022421300166133,0.0,0.0009485223201271,-0.0146953747308096,0.0,1258,0.533918829509247,0.0009485223201271,0.0146953747308096,SHAP_content
-0.4092800646690964,-0.0372835567099997,-0.0056731831750982,0.0,0.0013948925642262,0.008503857767114,0.0,2988,0.4522368045541943,0.0013948925642262,0.008503857767114,SHAP_content
-0.4500452220666933,0.0031798950797136,-0.0052368356492149,0.0,0.0020882331457364,0.0076732514237205,0.0,3106,0.458461952795622,0.0020882331457364,0.0076732514237205,SHAP_content
0.1727659501428332,0.3326439685644182,0.0050757633763779,0.0,0.0005286698461597,-0.0228826572784407,0.0,85,0.5104856820836294,0.0005286698461597,0.0228826572784407,SHAP_content
0.5141184512249969,-0.0139898798289079,0.0022482433329168,0.0,0.0004417116480162,-0.0146868317256737,0.0,746,0.5303565743868216,0.0004417116480162,0.0146868317256737,SHAP_content
0.1324018388561856,0.3742149057352032,0.0058501037389346,0.0,0.0003660830408239,-0.0247012367197991,0.0,1180,0.5124668483303234,0.0003660830408239,0.0247012367197991,SHAP_content
0.1065102038066101,-0.302586793481422,-0.0219694250350197,0.0,-0.0069453900825823,0.041706786987631,0.0,3964,0.4310664223230519,0.0069453900825823,0.041706786987631,SHAP_content
0.1640327341013182,0.3415756192901281,0.0050571557353415,0.0,0.0002078195681573,-0.0227416340435969,0.0,1315,0.5106655091267879,0.0002078195681573,0.0227416340435969,SHAP_content
-0.4056539959123896,-0.039703412854448,-0.0059704560519773,0.0,0.0007072995995819,0.009098630675636,0.0,2090,0.451327864818815,0.0007072995995819,0.009098630675636,SHAP_content
0.4992361767788538,-0.0136289160575364,0.0064384567379257,0.0,0.0003742709031566,-0.0213365334189985,0.0,1101,0.5193035495743161,0.0003742709031566,0.0213365334189985,SHAP_content
0.3732682257393077,0.1305063253152877,0.0041409530366895,0.0,0.0006990824246738,-0.0204828918646104,0.0,912,0.5079155040912849,0.0006990824246738,0.0204828918646104,SHAP_content
0.4373732228395411,-0.1685080578322425,0.0138500769941833,0.0,-0.0082526887564828,0.0469051204865491,0.0,3435,0.619731357665967,0.0082526887564828,0.0469051204865491,SHAP_content
0.3961265823306908,0.1064237743507523,0.0037098490726482,0.0,0.0008866281152096,-0.0190151392179528,0.0,962,0.5062602057540914,0.0008866281152096,0.0190151392179528,SHAP_content
0.5063210627543242,-0.0058637077585621,0.0024498564497418,0.0,0.0007377766083228,-0.0155132934024787,0.0,554,0.5146346269626283,0.0007377766083228,0.0155132934024787,SHAP_content
0.4983930268962068,0.002292167235389,0.0034946394699456,0.0,0.0008073593279511,-0.0168554982781446,0.0,265,0.5041798336015415,0.0008073593279511,0.0168554982781446,SHAP_content
-0.4264179866715063,-0.0200022362037831,-0.0055314200601733,0.0,0.0013522702709876,0.0082755382757775,0.0,3029,0.4519516429354628,0.0013522702709876,0.0082755382757775,SHAP_content
-0.4013952880844757,-0.0444749995981111,-0.0060960632069084,0.0,0.0018690778890579,0.0088360938765715,0.0,2428,0.4519663508894953,0.0018690778890579,0.0088360938765715,SHAP_content
-0.3914127040352006,-0.054161138380193,-0.0062779608059645,0.0,0.0020896969035734,0.0091614766939446,0.0,3051,0.4518518032213582,0.0020896969035734,0.0091614766939446,SHAP_content
-0.5516804369352168,0.1089325200429557,-0.0045747860273791,0.0,-0.0008172366594149,0.0057991410587673,0.0,4588,0.6651877430055517,0.0008172366594149,0.0057991410587673,SHAP_content
-0.3996866793284186,-0.0468821958910813,-0.0057713017666284,0.0,0.0021987311064213,0.0086813159976374,0.0,3086,0.4523401769861284,0.0021987311064213,0.0086813159976374,SHAP_content
-0.4726507574722841,0.0280966996749653,-0.0047423065154421,0.0,0.000782201043292,0.0061807632879803,0.0,2557,0.5054897636626916,0.000782201043292,0.0061807632879803,SHAP_content
-0.34535268339627,-0.0916857987513287,-0.0074173722168586,0.0,0.001105815994442,0.0118371984335034,0.0,3139,0.4444558543644574,0.001105815994442,0.0118371984335034,SHAP_content
-0.4024249923140944,-0.0449427172562443,-0.0059027305714875,0.0,0.0021570823418306,0.0088977955213808,0.0,2069,0.4532704401418263,0.0021570823418306,0.0088977955213808,SHAP_content
0.3653710945533461,0.1383680894299518,0.004161527098016,0.0,0.0009299621834036,-0.0206989786133693,0.0,106,0.5079007110813141,0.0009299621834036,0.0206989786133693,SHAP_content
-0.4956321596998164,0.0519910151202355,-0.0052247173766089,0.0,-0.0001984521972407,0.0068505126565582,0.0,3602,0.5528478921966609,0.0001984521972407,0.0068505126565582,SHAP_content
0.3078136829070443,0.1964644853985689,0.0047659557556323,0.0,-0.0012821909824927,-0.0196302384274046,0.0,2007,0.5090441240612457,0.0012821909824927,0.0196302384274046,SHAP_content
0.4884297585990216,-0.0706468386840992,0.0099848091978813,0.0,0.0002861975110656,-0.0367464011314569,0.0,437,0.5690614064810022,0.0002861975110656,0.0367464011314569,SHAP_content
0.281996397447193,0.2243755678167096,0.0048675928128373,0.0,-0.0010093985967564,-0.0220984648286352,0.0,1800,0.51123955807674,0.0010093985967564,0.0220984648286352,SHAP_content
0.0456047440269556,0.1810631267340861,0.016401279708048,0.0,-0.0007815870585664,-0.0583714787864883,0.0,2235,0.2430691504690898,0.0007815870585664,0.0583714787864883,SHAP_content
-0.3352467931815779,-0.0969314243010996,-0.0082191753475854,0.0,0.0015642953240726,0.0129877596302109,0.0,3543,0.4403973928302631,0.0015642953240726,0.0129877596302109,SHAP_content
0.2236210211356576,0.2809227087388972,0.0050292388265152,0.0,0.0008384142940444,-0.022279688343766,0.0,3062,0.50957296870107,0.0008384142940444,0.022279688343766,SHAP_content
0.2959857787854538,0.2041538143380905,0.007976091638654,0.0,0.0003340158983689,-0.0241464780274612,-1.0728836048745638e-09,2212,0.5081156847621985,0.0003340158983689,0.0241464791003448,SHAP_content
-0.4361739144809208,-0.0096460473275757,-0.0055276892672456,0.0,0.000723524493886,0.0083175233233452,0.0,2441,0.4513476510757421,0.000723524493886,0.0083175233233452,SHAP_content
0.5214979388230344,-0.0350356829685807,0.0060982601757252,0.0,-0.0007756299265874,-0.0201187957575109,0.0,4572,0.5626318819673404,0.0007756299265874,0.0201187957575109,SHAP_content
0.3737158260517225,0.1304523161006501,0.0041509270109433,0.0,0.000252949562182,-0.02044032407415,0.0,170,0.5083190691633162,0.000252949562182,0.02044032407415,SHAP_content
-0.2545553629383028,-0.1556017421984008,-0.0104214188442565,0.0,-0.000704882770083,0.0173767150872839,0.0,4139,0.4205785239809602,0.000704882770083,0.0173767150872839,SHAP_content
0.4330133033853853,-0.186103967228192,-0.022787414877365,0.0,-0.0108904526423899,0.0422357005050292,0.0,4431,0.6419046854909424,0.0108904526423899,0.0422357005050292,SHAP_content
0.379475665880559,0.125693899740273,0.0041489467320951,0.0,-0.0001884461427768,-0.020998371558802,0.0,1985,0.5093185123529271,0.0001884461427768,0.020998371558802,SHAP_content
-0.2358184058112254,0.3027739889811564,0.0151899786670186,0.0,-0.0005068314761891,-0.0591224572429973,0.0,1371,0.5537823734594005,0.0005068314761891,0.0591224572429973,SHAP_content
0.3136253521274116,0.1919476586702019,0.0046764860853156,0.0,-0.0001285973885898,-0.0219892048429912,0.0,2122,0.5102494968829292,0.0001285973885898,0.0219892048429912,SHAP_content
-0.2490876530528177,-0.1359703041080791,-0.0135617416066816,0.0,0.0022612723096702,0.0242537818381876,0.0,3401,0.3986196987675784,0.0022612723096702,0.0242537818381876,SHAP_content
0.5354021012198263,-0.0350915749009223,0.0023255728606802,0.0,0.0005321873270776,-0.0150365918553134,0.0,1676,0.572819248981429,0.0005321873270776,0.0150365918553134,SHAP_content
-0.3401528316478646,0.0195353108848954,-0.0123317691651173,0.0,-0.0042492475573728,0.0197114915185783,0.0,3730,0.3720199116978774,0.0042492475573728,0.0197114915185783,SHAP_content
0.1634767272720656,-0.3387417229321232,-0.0234026936627924,0.0,0.000583567665101,0.0455265923043515,0.0,4551,0.5256211438669813,0.000583567665101,0.0455265923043515,SHAP_content
0.0232392527345052,0.051415450343215,0.0177090837125325,0.0,-0.0047545226829336,-0.0635054510782857,0.0,1158,0.0923637867902529,0.0047545226829336,0.0635054510782857,SHAP_content
0.2584718991773339,0.2404483433900029,0.0022774196295531,0.0,0.0008804753621602,-0.0139464429077019,0.0,1127,0.5011976621968901,0.0008804753621602,0.0139464429077019,SHAP_content
0.1683909825557462,0.3017761163136046,0.0091302331526006,0.0,0.0006911105030684,-0.0304897964080652,0.0,2057,0.4792973320219514,0.0006911105030684,0.0304897964080652,SHAP_content
-0.3771174743372149,-0.0687358130101063,-0.0065476318456988,0.0,0.0018291883728538,0.0101956632089168,0.0,4507,0.4524009191930202,0.0018291883728538,0.0101956632089168,SHAP_content
-0.3480608577020835,-0.0934519955722271,-0.0072227683526192,0.0,0.0006295683869838,0.011116041446524,0.0,4177,0.4487356216269298,0.0006295683869838,0.011116041446524,SHAP_content
-0.3661919254871961,-0.0783245074325652,-0.0069143273714919,0.0,0.0026006154682435,0.0102945024013446,0.0,2058,0.4514307602912533,0.0026006154682435,0.0102945024013446,SHAP_content
-0.389295607941009,-0.055804339540656,-0.0060127200993264,0.0,0.00051641894827,0.0090915005995011,0.0,2355,0.4511126675809914,0.00051641894827,0.0090915005995011,SHAP_content
-0.5617060764326397,0.1167930661224133,-0.0046071308875654,0.0,0.0012407502854874,0.0059386785002473,0.0,3711,0.6831062734426184,0.0012407502854874,0.0059386785002473,SHAP_content
0.1153168160575366,0.3884870369546083,0.0043825130260281,0.0,0.0005803180368156,-0.0206349894236403,0.0,2904,0.5081863660381731,0.0005803180368156,0.0206349894236403,SHAP_content
0.4517294394324269,-0.1201043896044412,0.0129202517866109,0.0,0.0004032849710976,-0.0467000048417558,0.0,826,0.5847540808234791,0.0004032849710976,0.0467000048417558,SHAP_content
-0.3771014865957766,-0.0665997262202026,-0.006685015871521,0.0,0.0007287724949352,0.0104239176535555,0.0,3838,0.4503862286875003,0.0007287724949352,0.0104239176535555,SHAP_content
0.3112309384925428,-0.1748203260710528,0.0166185157362758,0.0,-0.0057052273004982,-0.0498039143701345,0.0,3286,0.5026697802998715,0.0057052273004982,0.0498039143701345,SHAP_content
-0.2478764153313841,-0.1466193625273998,-0.0122585719400862,0.0,0.0013893132213159,0.0216299201620362,0.0,4215,0.4067543497988702,0.0013893132213159,0.0216299201620362,SHAP_content
0.4317442435924897,-0.0619372076577901,0.0107125364620613,0.0,-0.0036101408042637,0.0372081358043648,0.0,4652,0.5043939877123412,0.0036101408042637,0.0372081358043648,SHAP_content
0.0870943395099056,0.414661553693379,0.0038157941941428,0.0,0.0010304206101464,-0.0184704133562256,0.0,284,0.5055716873974274,0.0010304206101464,0.0184704133562256,SHAP_content
-0.0403612113766615,0.5405897864376529,0.0031041592109123,0.0,0.0007200352177556,-0.015921074838311,0.0,95,0.5840551570252267,0.0007200352177556,0.015921074838311,SHAP_content
0.1226544169603222,-0.129158968291122,-0.0225947359348647,0.0,-0.0040598941749453,0.0452874974622734,0.0,4487,0.274408121186309,0.0040598941749453,0.0452874974622734,SHAP_content
-0.1169377343527577,-0.2226500372815832,-0.0136615514539492,0.0,-0.0004344041354823,0.0226682373839632,0.0,2664,0.3532493230882903,0.0004344041354823,0.0226682373839632,SHAP_content
-0.2389637032770797,-0.1816274880898852,-0.0092205568484599,0.0,-0.0002663069237262,0.0147998012179829,0.0,3442,0.4298117482154249,0.0002663069237262,0.0147998012179829,SHAP_content
-0.2974896079078106,-0.1345279161988089,-0.0081689953933625,0.0,-0.0002006126391135,0.013174817614547,0.0,3906,0.4401865194999821,0.0002006126391135,0.013174817614547,SHAP_content
0.2533690400135567,-0.2846316190598686,-0.0264549701673289,0.0,0.006595758793015,0.0548101483467389,0.0,4615,0.5644556292407544,0.006595758793015,0.0548101483467389,SHAP_content
-0.3903736183836739,-0.0555271385009205,-0.0063661770279194,0.0,0.0019089442697397,0.0100708577494647,0.0,2649,0.4522669339125139,0.0019089442697397,0.0100708577494647,SHAP_content
-0.4339598966239917,-0.0119157431871985,-0.005499651234692,0.0,0.0008647134942377,0.0081806499995542,0.0,3197,0.4513752910458823,0.0008647134942377,0.0081806499995542,SHAP_content
-0.4615893860495654,0.0151273434930703,-0.0051183857381535,0.0,0.0017715826311425,0.0074680671290561,0.0,2931,0.4818351152807892,0.0017715826311425,0.0074680671290561,SHAP_content
0.4641411197603931,-0.0269981835803284,0.0092178802263911,0.0,0.0003918640707506,-0.0343350375493388,0.0,1431,0.5003571835671126,0.0003918640707506,0.0343350375493388,SHAP_content
-0.420566308932557,-0.0254301086130712,-0.0056189876643705,0.0,0.0008831426987461,0.0084051413587694,0.0,4008,0.4516154052099988,0.0008831426987461,0.0084051413587694,SHAP_content
-0.4187424578172526,-0.0261081819660517,-0.0060307441161751,0.0,-0.0004392491196501,0.0094501351112916,0.0,3763,0.4508813838994795,0.0004392491196501,0.0094501351112916,SHAP_content
-0.3437553484119718,-0.094548381680428,-0.00823394789564,0.0,0.0018077061293832,0.0137754430418204,0.0,2280,0.44653767798804,0.0018077061293832,0.0137754430418204,SHAP_content
-0.0364861883829355,0.53702792611188,0.0032475232813948,0.0,-0.0002251674193287,-0.0154323989396623,0.0,3762,0.5767616377762104,0.0002251674193287,0.0154323989396623,SHAP_content
-0.1984072825584922,0.0996943033319836,0.0159779459246466,0.0,-0.0022783997344629,0.025664395485143,0.0,1440,0.3140795318151226,0.0022783997344629,0.025664395485143,SHAP_content
-0.461561045892175,0.0152331123155016,-0.0049627159132825,0.0,0.0019561562830257,0.0069962801092215,0.0,2521,0.4817568741209592,0.0019561562830257,0.0069962801092215,SHAP_content
-0.565354736459828,0.1218368533399454,-0.0045650771813596,0.0,-2.477551475368097e-05,0.0057896164773634,0.0,3942,0.691756666981133,2.477551475368097e-05,0.0057896164773634,SHAP_content
0.505789784719112,-0.0712512424105364,0.0089248520307823,0.0,-0.0013419700533776,-0.0333390090383189,0.0,3613,0.5859658791604309,0.0013419700533776,0.0333390090383189,SHAP_content
-0.4077185765098052,-0.0384374578550817,-0.005679036543322,0.0,0.0013048755017644,0.008523309236571,0.0,2187,0.451835070908209,0.0013048755017644,0.008523309236571,SHAP_content
0.3098337773498802,0.0002273791077818,0.0148418944954136,0.0,-0.0023523037661098,-0.0529990600887185,0.0,3970,0.3249030509530757,0.0023523037661098,0.0529990600887185,SHAP_content
0.3045486008365823,0.2008614925817298,0.0049463265026649,0.0,0.0007327582545802,-0.0229574835242092,0.0,1284,0.510356419920977,0.0007327582545802,0.0229574835242092,SHAP_content
0.017155259577933,-0.0229303967802564,0.0185361518208065,0.0,-0.0110185670091097,0.0418533657610757,0.0,3545,0.058621808178996,0.0110185670091097,0.0418533657610757,SHAP_content
0.2890258160391872,-0.1984545666628394,-0.0238933661806707,0.0,0.0065418935266989,0.0511623542349716,0.0,3237,0.5113737488826975,0.0065418935266989,0.0511623542349716,SHAP_content
0.2463469092945218,0.2588195299582937,0.0051049622129377,0.0,0.0002120133426858,-0.0223517201570908,0.0,2003,0.5102714014657533,0.0002120133426858,0.0223517201570908,SHAP_content
0.4524214975552305,0.0119306160341297,0.0079865462032755,0.0,0.0007745240020135,-0.0293080925559297,0.0,1250,0.4723386597926358,0.0007745240020135,0.0293080925559297,SHAP_content
0.3050166960459545,0.2006722966307713,0.0048074987467019,0.0,0.0004402795841867,-0.0228050759787702,-3.7749608994275263e-10,1954,0.5104964914234278,0.0004402795841867,0.0228050763562663,SHAP_content
-0.4531121883735644,0.0078322740281047,-0.005222262310428,0.0,0.000491900288564,0.00768075311837,0.0,2153,0.4661667247120971,0.000491900288564,0.00768075311837,SHAP_content
-0.3976569711679174,-0.0460128568477102,-0.0062173778438058,0.0,-0.0004319503127746,0.0090472955933186,0.0,3764,0.4498872058594334,0.0004319503127746,0.0090472955933186,SHAP_content
-0.4335657327501052,-0.0132139186215875,-0.0055471920657332,0.0,0.0016929725297145,0.0083219653114597,0.0,2239,0.4523268434374259,0.0016929725297145,0.0083219653114597,SHAP_content
-0.3908363032052676,-0.0550815941194611,-0.0059984776047905,0.0,0.001611476021235,0.0090021052649861,0.0,3378,0.4519163749295193,0.001611476021235,0.0090021052649861,SHAP_content
0.4240815850928282,-0.1395701281022714,0.0133223503128822,0.0,-0.0064459441425292,0.0450777863015343,0.0,4156,0.5769740635079821,0.0064459441425292,0.0450777863015343,SHAP_content
0.4726830475554966,-0.0100259582359058,0.0077152129313754,0.0,0.0006716216936724,-0.0282880532678997,0.0,1256,0.4904242187227779,0.0006716216936724,0.0282880532678997,SHAP_content
0.329371654305972,0.1755145006752928,0.0045693209682944,0.0,0.000535461547451,-0.0218592428456622,0.0,55,0.5094554759495593,0.000535461547451,0.0218592428456622,SHAP_content
0.3046422136860837,0.0251082553375487,0.014462046496911,0.0,0.0013421688429335,-0.0514709318140841,-1.8477439925335126e-09,482,0.3442125155205435,0.0013421688429335,0.0514709336618281,SHAP_content
0.1212011330130798,0.3832686498137236,0.0044705437376915,0.0,6.667395083721946e-05,-0.0208753058639837,0.0,43,0.5089403265644951,6.667395083721946e-05,0.0208753058639837,SHAP_content
-0.4275129850074376,-0.0173155628603297,-0.0055380379496206,0.0,-4.531248841347616e-05,0.0082435673530664,0.0,3555,0.450366585817388,4.531248841347616e-05,0.0082435673530664,SHAP_content
-0.3214049616547902,-0.1197276346764207,-0.0073720254224026,0.0,0.0003199979525906,0.011837948221726,0.0,4299,0.4485046217536136,0.0003199979525906,0.011837948221726,SHAP_content
-0.4015848519905793,-0.0198051337950438,-0.0073354939830799,0.0,-0.000500489828788,0.0104530189846906,0.0,3767,0.4287254797687032,0.000500489828788,0.0104530189846906,SHAP_content
0.5109631961922495,-0.058847596490684,0.0076652691501057,0.0,0.0013532939223651,-0.0291643486158525,0.0,1821,0.5774760618330393,0.0013532939223651,0.0291643486158525,SHAP_content
0.5216462951130192,-0.0212563615692712,0.0023037995419947,0.0,0.0004436603616104,-0.0150056987960048,0.0,1543,0.5452064562242853,0.0004436603616104,0.0150056987960048,SHAP_content
0.5036158597993687,-0.0033519709881373,0.0024744747163472,0.0,0.0008992578352072,-0.0155059267289775,1.7539913965691767e-11,320,0.5094423055038534,0.0008992578352072,0.0155059267465174,SHAP_content
0.5299055167765845,-0.0789265302894307,0.0077045686260037,0.0,0.0007363801735908,-0.0291635162472779,0.0,1341,0.6165366156920189,0.0007363801735908,0.0291635162472779,SHAP_content
-0.278236682791173,-0.1391047782020248,-0.0100492143901064,0.0,0.00340262487929,0.0167181295059006,0.0,2134,0.4273906753833044,0.00340262487929,0.0167181295059006,SHAP_content
-0.3945081104140505,-0.0504886094733392,-0.0064040403709174,0.0,0.0008639187635665,0.0092911155735246,0.0,2802,0.4514007602583072,0.0008639187635665,0.0092911155735246,SHAP_content
-0.412098758001163,-0.0200816424307091,-0.0059765996138691,0.0,-0.000162788418701,-0.0025111013527455,0.0,3089,0.4381570000457413,0.000162788418701,0.0025111013527455,SHAP_content
0.4327047465287499,-0.1727214459532403,-0.02204198068132,0.0,0.0017237088739678,0.0491523100329706,0.0,4677,0.6274681731633104,0.0017237088739678,0.0491523100329706,SHAP_content
0.1967552137266597,-0.1128907919551974,0.0179722171874952,0.0,-0.0113332027371875,0.0474934088812381,0.0,2478,0.3276182228693524,0.0113332027371875,0.0474934088812381,SHAP_content
-0.404226680054083,-0.0403821718828184,-0.0058387419414157,0.0,7.756867367218734e-05,0.0088253362968666,0.0,2257,0.4504475938783173,7.756867367218734e-05,0.0088253362968666,SHAP_content
0.0575098089153698,0.1357209909485195,0.0171024165430567,0.0,-0.0093316596659781,0.0419134106536052,0.0,4326,0.2103332164069462,0.0093316596659781,0.0419134106536052,SHAP_content
0.5268033548973937,-0.0266178452283516,0.0022450758465047,0.0,0.0005454977328085,-0.0148443885970072,0.0,1437,0.5556662759722502,0.0005454977328085,0.0148443885970072,SHAP_content
0.4422542888237888,-0.1763526119898944,0.0144611070954531,0.0,-0.0102741569124463,0.0431902195814681,0.0,4217,0.6330680079091364,0.0102741569124463,0.0431902195814681,SHAP_content
-0.3914286116248131,-0.0548747064776106,-0.0063514046051756,0.0,0.0020674117467709,0.0101745692635743,0.0,2442,0.4526547227075994,0.0020674117467709,0.0101745692635743,SHAP_content
-0.3569241667642296,-0.0835263024271828,-0.0070008863373368,0.0,0.0003239199103887,0.0104449814636732,0.0,2255,0.4474513555287492,0.0003239199103887,0.0104449814636732,SHAP_content
0.2400286987256144,0.1370645963317169,0.0136303524672509,0.0,-0.0004245772552479,-0.0472026424942067,0.0,237,0.3907236475245823,0.0004245772552479,0.0472026424942067,SHAP_content
0.4422856986511748,-0.1612031882193134,0.0141883233234548,0.0,0.0014207831830221,0.0312344750671355,0.0,1797,0.6176772101939432,0.0014207831830221,0.0312344750671355,SHAP_content
0.4943736053190142,0.005050969334102,0.0023571462138763,0.0,0.0010181030608859,-0.0146681292765303,0.0,1809,0.5017817208669927,0.0010181030608859,0.0146681292765303,SHAP_content
0.428436307902729,-0.0339129091132028,0.0114922549567772,0.0,-0.0006574842280217,-0.0417815857983301,0.0,1003,0.4738414719727092,0.0006574842280217,0.0417815857983301,SHAP_content
-0.3869822659490429,-0.0565915575932552,-0.0062319280518568,0.0,0.0003201373095422,0.0091798119348194,0.0,3859,0.449805751594155,0.0003201373095422,0.0091798119348194,SHAP_content
0.3524042619655666,0.1193782923012641,0.0044631838046209,0.0,-0.0029563741378191,0.0148423307177158,0.0,4544,0.4762457380714517,0.0029563741378191,0.0148423307177158,SHAP_content
-0.3871306531663421,-0.0584857659637887,-0.0064457100465652,0.0,0.0016862793636199,0.0102841308163405,0.0,2393,0.452062129176696,0.0016862793636199,0.0102841308163405,SHAP_content
-0.4740548819230527,0.0289781274816029,-0.0052770003298932,0.0,0.0010669529736919,0.0072798812561535,0.0,3010,0.5083100097345489,0.0010669529736919,0.0072798812561535,SHAP_content
-0.3066485913930198,-0.1294744405064051,-0.0077599982213189,0.0,0.0001171465417862,0.0124988327084029,0.0,4068,0.4438830301207439,0.0001171465417862,0.0124988327084029,SHAP_content
0.4988501017165762,-0.1491170407311034,0.0123002817388227,0.0,-0.0006543777844338,-0.0446310684109197,0.0,1076,0.6602674241865023,0.0006543777844338,0.0446310684109197,SHAP_content
-0.4673769465158631,0.0218515146604361,-0.0050109499521763,0.0,0.000996099122416,0.0071994957826914,0.0,4108,0.4942394111284756,0.000996099122416,0.0071994957826914,SHAP_content
-0.3262334685052924,0.1425440061494008,0.0133638109287157,0.0,-0.0046864688900589,0.0283907069439853,0.0,3855,0.4821412855834091,0.0046864688900589,0.0283907069439853,SHAP_content
0.357107178451137,-0.1709031047481794,0.0158439843183307,0.0,-0.0099110563089063,0.0498808561736767,0.0,3412,0.5438542675176472,0.0099110563089063,0.0498808561736767,SHAP_content
-0.2822701512191845,-0.1345876529048961,-0.0100835685731532,0.0,0.0004049689654057,0.0167367945542214,0.0,3935,0.4269413726972338,0.0004049689654057,0.0167367945542214,SHAP_content
-0.2496801588867324,-0.1763961536617576,-0.0088086533566626,0.0,0.0007148175493277,0.0140291295843978,0.0,2505,0.4348849659051527,0.0007148175493277,0.0140291295843978,SHAP_content
0.5020465261799997,-0.0918241771036921,0.0101826289872503,0.0,0.0013778366894224,-0.0373230880848781,0.0,1199,0.6040533322709423,0.0013778366894224,0.0373230880848781,SHAP_content
0.3468836858355662,0.1582320210707605,0.0044768592259943,0.0,0.0001885905763932,-0.0216494620573662,0.0,4411,0.5095925661323212,0.0001885905763932,0.0216494620573662,SHAP_content
-0.3088779448844205,-0.0514248600149276,-0.0112918399880776,0.0,0.0010054130807409,0.0183446983639318,0.0,3904,0.3715946448874257,0.0010054130807409,0.0183446983639318,SHAP_content
0.1741161856017126,0.3307028128190603,0.0052349855477892,0.0,0.001138099309925,-0.0230603886271391,0.0,300,0.5100539839685622,0.001138099309925,0.0230603886271391,SHAP_content
-0.4172994508967041,0.0174677500346534,-0.0080053386143748,0.0,-0.0033639348215758,0.0112468044650394,0.0,2898,0.4427725395457325,0.0033639348215758,0.0112468044650394,SHAP_content
-0.4615391330222794,0.0147455161229978,-0.0050770648239327,0.0,0.0022179502652339,0.0073119383150539,0.0,2507,0.4813617139692099,0.0022179502652339,0.0073119383150539,SHAP_content
0.489319281523048,0.010939636403371,0.0026873787738915,0.0,0.0011546482675196,-0.0159692503164819,0.0,942,0.5029462967003107,0.0011546482675196,0.0159692503164819,SHAP_content
-0.3088654280212322,-0.1229419998204084,-0.0083322686539031,0.0,0.001101521064234,0.013296508659046,0.0,4071,0.4401396964955438,0.001101521064234,0.013296508659046,SHAP_content
-0.4914687902903171,0.0460670945582356,-0.0048548640789368,0.0,0.0017904687930208,0.0061322567545632,4.490635294174261e-14,2370,0.5423907489274896,0.0017904687930208,0.0061322567546081,SHAP_content
0.4980898769334659,-0.0710348472394861,0.0093755547940259,0.0,0.0008373679349118,-0.0348229498306095,-1.132488245542129e-09,1259,0.5785002789669781,0.0008373679349118,0.0348229509630977,SHAP_content
0.3995086885358709,-0.2300306285768872,-0.0239782124360402,0.0,-0.0065263718170468,0.0513330613030869,0.0,4075,0.6535175295487985,0.0065263718170468,0.0513330613030869,SHAP_content
0.4191504583115495,-0.2224900786416337,-0.0240211754987636,0.0,-0.011780798396532,0.0307827388355293,0.0,2522,0.6656617124519469,0.011780798396532,0.0307827388355293,SHAP_content
-0.2034008590222166,-0.1714728956933971,-0.0135804788660413,0.0,0.0034867294485285,0.0238417594095508,0.0,3956,0.3884542335816551,0.0034867294485285,0.0238417594095508,SHAP_content
-0.4264002063112169,-0.0198041499496709,-0.0056148703943803,0.0,0.0013969253652619,0.0083498170653437,0.0,4042,0.4518192266552682,0.0013969253652619,0.0083498170653437,SHAP_content
-0.164325402799526,0.1800969036090628,0.0160158730171644,0.0,-0.0012362947549479,-0.0614944502716169,0.0,3156,0.3604381794257533,0.0012362947549479,0.0614944502716169,SHAP_content
0.1162501316029109,0.3872428396009135,0.0044019424620367,0.0,0.0008389857071739,-0.0206022049116767,1.8998979472995003e-10,463,0.5078949136658613,0.0008389857071739,0.0206022051016665,SHAP_content
0.0975497677591061,0.4041401590269382,0.0040164256750506,0.0,0.0004233820905733,-0.01799803990032,0.0,5,0.505706352461095,0.0004233820905733,0.01799803990032,SHAP_content
0.129088035875498,0.3220224962971914,0.0098670162605131,0.0,-0.0029722804073997,-0.0247406621691631,0.0,841,0.4609775484332026,0.0029722804073997,0.0247406621691631,SHAP_content
0.4760753456469271,0.0091204586284169,0.0068131165196042,0.0,9.776054939247825e-05,-0.0229561994679054,3.9736429424674924e-10,1868,0.4920089207949482,9.776054939247825e-05,0.0229561998652697,SHAP_content
0.2909202224486751,0.2149766320797753,0.0048169930584603,0.0,-0.0004192805947313,-0.0221628723408311,0.0,326,0.5107138475869107,0.0004192805947313,0.0221628723408311,SHAP_content
-0.3481650219673275,-0.1002360812286558,-0.0087739535879522,0.0,0.0029568225809888,0.0159839838317417,0.0,4049,0.4571750567839357,0.0029568225809888,0.0159839838317417,SHAP_content
-0.1721175494952923,-0.2194069878707324,-0.0108411040788826,0.0,-0.0014047610947157,0.0173886834338856,0.0,4207,0.4023656414449075,0.0014047610947157,0.0173886834338856,SHAP_content
-0.2311044787342716,-0.1563033444657053,-0.012735895218056,0.0,0.0019030310715022,0.0223834609516218,0.0,3208,0.4001437184180329,0.0019030310715022,0.0223834609516218,SHAP_content
-0.5444377388061346,0.1006907653915743,-0.0046391189746637,0.0,0.000307262615796,0.0057380312530844,0.0,4387,0.6497676231723727,0.000307262615796,0.0057380312530844,SHAP_content
0.4691110957437097,-0.103243576168194,0.0118498973622114,0.0,0.0008704099563883,-0.0426939051843566,0.0,1464,0.5842045692741152,0.0008704099563883,0.0426939051843566,SHAP_content
-0.128182924785677,0.6250881392385575,0.0015906380553627,0.0,0.000378372074381,-0.0107425299312761,0.0,892,0.7548617020795974,0.000378372074381,0.0107425299312761,SHAP_content
-0.4460649447038293,-0.0012662777881118,-0.0054874685173157,0.0,0.0023383695901781,0.0081395229847822,0.0,3131,0.452818691009257,0.0023383695901781,0.0081395229847822,SHAP_content
-0.3876065317459918,-0.0579941889625783,-0.0064352308869027,0.0,0.0020019828111262,0.0100369056888045,0.0,2061,0.4520359515954729,0.0020019828111262,0.0100369056888045,SHAP_content
-0.4263234856181828,-0.0194444609926949,-0.0055020231979424,0.0,0.0008574477802389,0.0081984471157739,0.0,3201,0.4512699698088203,0.0008574477802389,0.0081984471157739,SHAP_content
0.489507929959099,0.0102153753903359,0.0059427581580279,0.0,0.0002952703110159,-0.018472475261033,0.0,694,0.5056660635074628,0.0002952703110159,0.018472475261033,SHAP_content
0.5281647358446055,-0.0278247531567656,0.002271950742277,0.0,0.0005216033176207,-0.0150018420963896,0.0,387,0.5582614397436483,0.0005216033176207,0.0150018420963896,SHAP_content
-0.0256349593146537,-0.2698308851992914,-0.0181683349839101,0.0,0.0002463402981496,0.0330931155590279,-1.2417632894168308e-11,2571,0.3136341794978552,0.0002463402981496,0.0330931155714456,SHAP_content
-0.4007243298784723,-0.0453679438190359,-0.0059492176704758,0.0,0.0021915171208964,0.0087527039382331,0.0,3103,0.4520414913679841,0.0021915171208964,0.0087527039382331,SHAP_content
-0.4209944170008591,-0.0248432743772343,-0.0057090601439686,0.0,0.0005844099602924,0.0086739712491353,0.0,4232,0.4515467515220621,0.0005844099602924,0.0086739712491353,SHAP_content
-0.3755790477436021,-0.0699361824177112,-0.00661512497696,0.0,0.0014977674823871,0.0103714915836424,0.0,4658,0.4521303551382734,0.0014977674823871,0.0103714915836424,SHAP_content
-0.3864684024437077,-0.0572909366506317,-0.0065016119213396,0.0,-1.794855146893589e-05,0.0095439442406331,0.0,3333,0.4502609510156791,1.794855146893589e-05,0.0095439442406331,SHAP_content
0.2469331751898191,0.2500829977389281,0.0015877922898851,0.0,0.0010757754529778,-0.0115480460202615,0.0,603,0.4986039652186324,0.0010757754529778,0.0115480460202615,SHAP_content
0.2401129124216067,0.2659435217600207,0.0051550311154802,0.0,0.0002047663686539,-0.0232845370144133,0.0,842,0.5112114652971077,0.0002047663686539,0.0232845370144133,SHAP_content
0.3573535058535199,-0.0912935589576047,0.0150718766926143,0.0,-0.0037319935480605,-0.0542967313134984,0.0,322,0.463718941503739,0.0037319935480605,0.0542967313134984,SHAP_content
0.4070728072720049,-0.2211758683770725,-0.0236462643469373,0.0,-0.0006382419668625,0.0501260869450933,0.0,2747,0.6518949399960148,0.0006382419668625,0.0501260869450933,SHAP_content
0.5359198407283055,-0.0361786696502052,0.0043886925516175,0.0,-6.949234995983627e-05,-0.0159286766284096,0.0,1867,0.5764872029301283,6.949234995983627e-05,0.0159286766284096,SHAP_content
0.1948069258724534,0.3107835331829284,0.0051253154645561,0.0,0.000462555973189,-0.0230466358417788,0.0,865,0.5107157745199379,0.000462555973189,0.0230466358417788,SHAP_content
-0.4340865867761365,-0.0118409054625512,-0.0054962475172884,0.0,0.0009189175488303,0.0081735375971015,0.0,3061,0.4514237397559761,0.0009189175488303,0.0081735375971015,SHAP_content
-0.4589421371211008,0.0140284210015008,-0.0049488285782355,0.0,0.0008273851813468,0.0067301904562476,0.0,4089,0.4779193867008373,0.0008273851813468,0.0067301904562476,SHAP_content
0.0780633292709577,-0.3227004546994793,-0.0211421526148915,0.0,-0.0046796009942527,0.0398521518912614,0.0,4319,0.4219059365853285,0.0046796009942527,0.0398521518912614,SHAP_content
-0.4453872934070157,-0.0018345905248708,-0.0054033265451458,0.0,0.0022550890027803,0.0080293594116003,0.0,2613,0.4526252104770324,0.0022550890027803,0.0080293594116003,SHAP_content
0.482255152261553,-0.0128197792125039,0.0028970555789849,0.0,-0.002803138067713,0.018602404091027,0.0,4260,0.4979719870530419,0.002803138067713,0.018602404091027,SHAP_content
0.2458192838297939,0.0401175668663962,0.0157059945581488,0.0,0.000615397486946,-0.0557823746585404,0.0,4438,0.301642845254339,0.000615397486946,0.0557823746585404,SHAP_content
-0.5689451451779317,0.1235556138472732,-0.0044790784913705,0.0,0.0018736424606614,0.005654168890557,0.0,2563,0.6969798375165754,0.0018736424606614,0.005654168890557,SHAP_content
-0.064619877424506,-0.2676303786744216,-0.0151836108223657,0.0,0.000316152707443,0.0261820254566521,0.0,3367,0.3474338669212934,0.000316152707443,0.0261820254566521,SHAP_content
-0.0195591617168431,-0.2970796089461571,-0.0169209070823465,0.0,-0.0001268063687691,0.0301783590242149,0.0,2602,0.3335596777453468,0.0001268063687691,0.0301783590242149,SHAP_content
0.4927615864431415,-0.0835007267831838,0.0102643227869103,0.0,-0.0002043340380704,-0.0370415192512238,0.0,1280,0.5865266360132357,0.0002043340380704,0.0370415192512238,SHAP_content
-0.3694896398923412,-0.072971873978472,-0.0069619326077227,0.0,0.0004012543933012,0.0106906585518528,0.0,3632,0.4494234464785359,0.0004012543933012,0.0106906585518528,SHAP_content
0.484375995729442,0.0160319859418406,0.0026306290598025,0.0,0.000818613830341,-0.015725529343834,-5.662441418530229e-10,830,0.5030386107310852,0.000818613830341,0.0157255299100782,SHAP_content
-0.4445712049404269,-0.0017826602047923,-0.0053681243870916,0.0,0.0014854665473247,0.0079056607088111,0.0,3149,0.4517219895323108,0.0014854665473247,0.0079056607088111,SHAP_content
0.0501271881043184,-0.2041877460597554,-0.0209853786292175,0.0,-0.0024778325572568,0.0391496716522987,0.0,3799,0.2753003127932915,0.0024778325572568,0.0391496716522987,SHAP_content
0.2505873124816806,0.2558498989131398,0.0051625119934261,0.0,-7.621006280874795e-05,-0.0233918186740895,0.0,1904,0.5115997233882467,7.621006280874795e-05,0.0233918186740895,SHAP_content
0.4676621449675625,-0.0805390547760007,0.0112195123740747,0.0,0.0005504002697282,-0.040688178410877,-1.430511462757744e-09,455,0.559420712117638,0.0005504002697282,0.0406881798413884,SHAP_content
0.261426055105283,0.2448440709414863,0.0052822622295035,0.0,0.0001664861004147,-0.0235871797253393,0.0,307,0.5115523882762728,0.0001664861004147,0.0235871797253393,SHAP_content
-0.404570560030404,-0.0414934259018053,-0.005780131981105,0.0,0.0008612124680668,0.0088147171594893,0.0,2120,0.4518441179133143,0.0008612124680668,0.0088147171594893,SHAP_content
-0.4106166064355814,-0.0367340896200799,-0.0056373899631887,0.0,0.0021833016332569,0.0084918726644659,0.0,2305,0.4529880860188501,0.0021833016332569,0.0084918726644659,SHAP_content
-0.4687050949580165,0.0245333047744147,-0.0048161173840296,0.0,0.000292352442002,0.0063705785243634,0.0,2262,0.4980545171164609,0.000292352442002,0.0063705785243634,SHAP_content
-0.3969886257865528,-0.0477276949242171,-0.0060303958627652,0.0,0.0008983037567966,0.0088674830910746,0.0,2050,0.4507467165735352,0.0008983037567966,0.0088674830910746,SHAP_content
0.3210668727004324,0.1846227446901396,0.0048145213915521,0.0,0.0001861843469204,-0.0225586290712594,5.935629210362945e-10,1302,0.5105041387821242,0.0001861843469204,0.0225586296648223,SHAP_content
0.3065594086919628,0.1498475967774283,0.0098083434333044,0.0,0.0013698763619794,-0.0352230337299348,0.0,328,0.4662153489026955,0.0013698763619794,0.0352230337299348,SHAP_content
0.2183867059232558,0.0594233200901779,0.0153479654215376,0.0,-0.0038361278305642,0.0417290001152772,0.0,4682,0.2931579914349714,0.0038361278305642,0.0417290001152772,SHAP_content
0.5002710143771542,-0.001158380352566,0.0057826758801431,0.0,0.000880035291897,-0.0178003511563946,0.0,1704,0.5072120706098634,0.000880035291897,0.0178003511563946,SHAP_content
0.3403942684099252,0.1644600118814108,0.0045177216939152,0.0,0.0006559944083254,-0.0218963021395928,3.9736429771619614e-10,4017,0.5093720019852513,0.0006559944083254,0.0218963025369571,SHAP_content
-0.4615129872539677,0.0209423810926945,-0.0052317746476292,0.0,-0.0013492326006694,0.0068590751887173,0.0,4649,0.4876871429942915,0.0013492326006694,0.0068590751887173,SHAP_content
-0.4230044116437474,-0.0231552044578983,-0.0056926916398032,0.0,0.0013648183325239,0.008540883005382,0.0,4531,0.4518523077414491,0.0013648183325239,0.008540883005382,SHAP_content
0.4848295335947107,-0.0230974430812669,0.0075878830622473,0.0,0.0001870594041683,-0.0278885977393697,0.0,1718,0.5155148597382251,0.0001870594041683,0.0278885977393697,SHAP_content
-0.4162345148457224,-0.0298197704601432,-0.0056880449548128,0.0,0.0016771806901552,0.0082438251453786,0.0,2977,0.4517423302606784,0.0016771806901552,0.0082438251453786,SHAP_content
-0.4235130407905623,-0.0230258648871349,-0.0054929381971184,0.0,0.0024015735067209,0.0076708375572233,0.0,2612,0.4520318438748157,0.0024015735067209,0.0076708375572233,SHAP_content
-0.4300545361333034,-0.0165147258946312,-0.0057345096625232,0.0,0.0015814013550658,0.0086845442908134,0.0,4214,0.4523037716904579,0.0015814013550658,0.0086845442908134,SHAP_content
0.4239447155045295,0.0528887955470509,0.0079832955696526,0.0,0.0002372619407283,-0.0277233125168755,0.0,479,0.4848168066212332,0.0002372619407283,0.0277233125168755,SHAP_content
0.2220665017184864,0.2841271851259622,0.0049204917321214,0.0,-0.000205254689952,-0.0227772292352696,0.0,3629,0.51111417857657,0.000205254689952,0.0227772292352696,SHAP_content
0.4347715313945228,-0.0321404144701863,0.0111465456637776,0.0,0.0003280653660135,-0.0406742339737989,1.1331093702215964e-10,1175,0.4780584915284869,0.0003280653660135,0.0406742340871098,SHAP_content
-0.0377024083799513,-0.2866566564556892,-0.016432476713322,0.0,-0.0066352561340928,0.0293986234980006,0.0,4302,0.3407915415489627,0.0066352561340928,0.0293986234980006,SHAP_content
-0.3679322810084832,-0.0793669286448462,-0.0071635869886707,0.0,0.0024664517758936,0.0116733940737469,0.0,2957,0.4544627966420002,0.0024664517758936,0.0116733940737469,SHAP_content
-0.2854412779743924,-0.129464344975843,-0.0104859281075575,0.0,0.0013386372773984,0.0175415252169829,0.0,3657,0.4253915510577928,0.0013386372773984,0.0175415252169829,SHAP_content
-0.0699260230103559,0.5690043537441406,0.0025612522354763,0.0,0.000800495397979,-0.0143083837158914,0.0,117,0.6414916289899729,0.000800495397979,0.0143083837158914,SHAP_content
0.4146143545813908,0.0885826979818063,0.0035107551201878,0.0,0.0001304915303118,-0.0187066045623486,0.0,1971,0.506707807683385,0.0001304915303118,0.0187066045623486,SHAP_content
0.4497174878703128,-0.0727502856050019,0.0116884889869562,0.0,0.0007892315976116,-0.0424102609119245,-3.886719553841678e-09,1557,0.5341562624622711,0.0007892315976116,0.0424102647986441,SHAP_content
-0.4920795699263557,0.0475363262694837,-0.0053138111225654,0.0,0.0005938961468974,0.0071513331013306,0.0,2862,0.544929707318405,0.0005938961468974,0.0071513331013306,SHAP_content
0.1391462466154749,0.1625991536882526,0.0148142221245354,0.0,-0.009424285383834,0.0379884831180885,0.0,3754,0.316559622428263,0.009424285383834,0.0379884831180885,SHAP_content
0.4980719473920789,0.0021259280474714,0.0023397730699685,0.0,0.0002526113916125,-0.014658565460883,2.1109977654809595e-10,879,0.502537648509519,0.0002526113916125,0.0146585656719828,SHAP_content
0.3684590250827144,0.1362152977240273,0.0041695752045812,0.0,0.000280821206828,-0.0209930245668027,0.0,1029,0.508843898011323,0.000280821206828,0.0209930245668027,SHAP_content
-0.2238066110006867,-0.1968498040293353,-0.0092131380726738,0.0,0.0006310971903075,0.0146229590749936,0.0,3282,0.429869553102696,0.0006310971903075,0.0146229590749936,SHAP_content
0.2263532539690956,0.1900451066703625,0.0123202439077177,0.0,0.000455606925619,-0.0426853638826037,0.0,466,0.4287186045471758,0.000455606925619,0.0426853638826037,SHAP_content
-0.4471441515198979,0.0008271711868766,-0.0053055155225763,0.0,0.001481530618719,0.007807054644146,0.0,2265,0.4532768382293509,0.001481530618719,0.007807054644146,SHAP_content
0.0156915479262021,0.2580431310948038,0.0148264523597507,0.0,-0.0071712249060164,0.034148313788485,0.0,4236,0.2885611313807568,0.0071712249060164,0.034148313788485,SHAP_content
-0.3939784617307389,-0.0511351111694412,-0.0061778167328927,0.0,0.0007782592167111,0.0096000542923472,0.0,4045,0.4512913896330728,0.0007782592167111,0.0096000542923472,SHAP_content
-0.3291191685093997,-0.1117680772791461,-0.0073124818743672,0.0,0.0007315439730872,0.0117508917155027,0.0,4521,0.4481997276629131,0.0007315439730872,0.0117508917155027,SHAP_content
0.3671111710314826,-0.01181319211271,0.0132534096185762,0.0,0.0005290799412885,-0.0477819957396733,0.0,2493,0.3921777727627689,0.0005290799412885,0.0477819957396733,SHAP_content
0.1516936665188598,0.352778351329978,0.0050594752110626,0.0,-0.0003795511491789,-0.0210202472593729,0.0,1160,0.5095314930599004,0.0003795511491789,0.0210202472593729,SHAP_content
-0.1460201439479891,0.4612449913244712,0.0121462465164327,0.0,-0.0020180342379217,0.0328173231791857,0.0,3083,0.6194113817888931,0.0020180342379217,0.0328173231791857,SHAP_content
0.2524235704446653,0.2538993016104111,0.0053327691046335,0.0,0.0001072890694231,-0.0236312351766955,-4.0108958168638686e-10,1969,0.5116556411597101,0.0001072890694231,0.0236312355777851,SHAP_content
-0.023631162421429,0.310611206465304,0.0145198806875265,0.0,-0.0039385669132717,-0.04853143070676,0.0,1198,0.3487622495742597,0.0039385669132717,0.04853143070676,SHAP_content
0.5056825956711033,-0.1126064885537693,0.0107951239455966,0.0,0.0020435733496187,-0.0393824971138668,-1.3659397814225203e-09,1356,0.6290842081704694,0.0020435733496187,0.0393824984798065,SHAP_content
0.4479704734667942,-0.0520858109488512,0.0111445183723331,0.0,0.0007053903205116,-0.0405807551299963,0.0,1901,0.5112008027879786,0.0007053903205116,0.0405807551299963,SHAP_content
0.2404830970078488,0.2651765794542305,0.005331695248591,0.0,0.0006073456449055,-0.0234670227042276,0.0,1975,0.5109913717106703,0.0006073456449055,0.0234670227042276,SHAP_content
0.4723390539694948,0.0299099864692339,0.0031029650213536,0.0,0.0004030048350883,-0.0176233150378418,-6.05980553930463e-10,776,0.5053520054600825,0.0004030048350883,0.0176233156438224,SHAP_content
-0.477887936643831,0.031692795665976,-0.0047280933035292,0.0,0.0022360840845578,0.006348183909266,0.0,2652,0.5143088256133364,0.0022360840845578,0.006348183909266,SHAP_content
0.5132551862753022,-0.0846148973624071,0.0092338927359743,0.0,0.000506891567258,-0.0342207597522182,0.0,568,0.6071039763736836,0.000506891567258,0.0342207597522182,SHAP_content
0.2897956578529931,0.2071052725006778,0.0018345242444949,0.0,0.0013129307911015,-0.0119166907379191,0.0,1786,0.4987354545981659,0.0013129307911015,0.0119166907379191,SHAP_content
0.488294266012075,-0.0917772248483493,0.0094324661363485,0.0,-0.0062217779373743,0.034594858938703,0.0,4205,0.589503956996773,0.0062217779373743,0.034594858938703,SHAP_content
-0.4596250504221168,0.0136010972865639,-0.0053438846795341,0.0,0.0011619988749,0.0078650405748471,0.0,4091,0.4785700323882149,0.0011619988749,0.0078650405748471,SHAP_content
0.2843259297369077,0.2210451012202819,0.004881555322992,0.0,0.0001782477765089,-0.0222991385708775,-8.344650075098323e-10,25,0.5102525862801817,0.0001782477765089,0.0222991394053425,SHAP_content
0.2768329043433105,-0.2848320384372617,-0.0263409104409317,0.0,0.0052999921908024,0.0550694530272278,0.0,3126,0.5880058532215039,0.0052999921908024,0.0550694530272278,SHAP_content
0.1139194539975398,0.3927797653988482,0.005639355503011,0.0,-0.0001324080623416,-0.0240744721857088,0.0,1092,0.512338574899399,0.0001324080623416,0.0240744721857088,SHAP_content
0.1365485140566575,0.1993398119393406,0.0146411155193789,0.0,-0.0005607002975046,-0.0504238776593589,0.0,1257,0.3505294415153771,0.0005607002975046,0.0504238776593589,SHAP_content
0.4572228693179317,-0.178385711243225,0.01386084516361,0.0,0.0013560889245807,0.0191375528401655,0.0,1998,0.6494694257247668,0.0013560889245807,0.0191375528401655,SHAP_content
0.1659033256799633,0.3392700840768663,0.0050172593708496,0.0,0.0006599948692045,-0.0227189693023842,-4.315127942466912e-11,84,0.5101906691276793,0.0006599948692045,0.0227189693455355,SHAP_content
0.4825538266339693,-0.0190822478243158,0.0075701789908339,0.0,-0.0001186314249441,-0.0278511126629157,0.0,1665,0.5092062534491191,0.0001186314249441,0.0278511126629157,SHAP_content
-0.0779308087550109,-0.2434553290711609,-0.0164734524988258,0.0,0.0012029075734084,0.0292660005079863,0.0,3487,0.3378595903249977,0.0012029075734084,0.0292660005079863,SHAP_content
-0.4156485612678696,-0.0303669096788342,-0.0061148450785314,0.0,0.0006242769933394,0.0097264900703657,0.0,4455,0.4521303160252352,0.0006242769933394,0.0097264900703657,SHAP_content
-0.3392337964417592,-0.0100362272407938,-0.0113271187113715,0.0,0.0005201082433788,0.017978306483912,0.0,2685,0.3605971423939246,0.0005201082433788,0.017978306483912,SHAP_content
-0.3879899231240559,-0.0593769289921655,-0.0063643745255977,0.0,0.0017663363082838,0.009948687445456,0.0,2789,0.4537312266418192,0.0017663363082838,0.009948687445456,SHAP_content
0.433363943204712,-0.1756520813917492,-0.0223866833100716,0.0,0.0006107545690535,0.0386902550639003,0.0,3259,0.631402707906533,0.0006107545690535,0.0386902550639003,SHAP_content
0.2648077766529541,0.2413398062534496,0.0046588331714927,0.0,0.0001271316880748,-0.0228018531146231,0.0,755,0.5108064160778965,0.0001271316880748,0.0228018531146231,SHAP_content
-0.3240883760174357,-0.1085346508509534,-0.0084631251773292,0.0,0.0036539195511973,0.0130883691480463,0.0,2143,0.4410861520457185,0.0036539195511973,0.0130883691480463,SHAP_content
0.2653378436069032,0.2403070295638454,0.0052307056281957,0.0,0.0007862093407049,-0.023530093488301,0.0,2199,0.5108755787989444,0.0007862093407049,0.023530093488301,SHAP_content
-0.4091470765205692,-0.0365021424487645,-0.0062109165144338,0.0,0.0004402029929355,0.0098144893951826,0.0,3903,0.4518601354837676,0.0004402029929355,0.0098144893951826,SHAP_content
0.4128511579896686,0.0862713613281584,0.0072041988263074,0.0,0.0002922530580725,-0.0227600951162277,0.0,511,0.5063267181441345,0.0002922530580725,0.0227600951162277,SHAP_content
-0.0457441949143976,-0.21652994883187,-0.0198297728936498,0.0,0.0047868814032532,0.0365964280519987,0.0,2125,0.2821039166399175,0.0047868814032532,0.0365964280519987,SHAP_content
0.3191657729063494,0.1867881334821011,0.0046608943418097,0.0,-0.0003702602582721,-0.0221128452990991,-5.215406335967732e-10,2436,0.5106148007302604,0.0003702602582721,0.0221128458206398,SHAP_content
-0.4384584638412487,-0.0067977903536043,-0.005355935024479,0.0,0.0005042102600815,0.00785766465525,0.0,3209,0.4506121892193321,0.0005042102600815,0.00785766465525,SHAP_content
0.4446577117269202,0.0561806174783229,0.0029408798810839,0.0,0.0009014856875597,-0.0165490001225384,0.0,731,0.5037792090863271,0.0009014856875597,0.0165490001225384,SHAP_content
-0.2102743802523197,-0.1632857099330776,-0.0138256267307248,0.0,0.003775323512859,0.0245285962571639,0.0,2220,0.3873857169161221,0.003775323512859,0.0245285962571639,SHAP_content
0.5411800350252919,-0.0480496253970389,0.0055958062699576,0.0,0.0011791763538166,-0.0176195357898043,5.96046427492336e-10,686,0.5948254666922884,0.0011791763538166,0.0176195363858507,SHAP_content
0.2471306957090971,0.2499187260763799,0.0015805983313677,0.0,0.001020080061203,-0.0115184055266996,0.0,530,0.4986300201168448,0.001020080061203,0.0115184055266996,SHAP_content
-0.4627418687262857,0.0179006365823089,-0.0051962148358979,0.0,0.0003335806388463,0.0073950217201361,0.0,4578,0.4858387201444925,0.0003335806388463,0.0073950217201361,SHAP_content
0.5334833593788957,-0.0505633114878637,0.00614384364601,0.0,0.0006751633959504,-0.0206671375414709,0.0,765,0.5901905145127695,0.0006751633959504,0.0206671375414709,SHAP_content
0.5087868501768549,-0.0367179230498513,0.0025778426514806,0.0,0.0002064785873326,0.0132784462855313,0.0,1479,0.5480826158781869,0.0002064785873326,0.0132784462855313,SHAP_content
0.2337424685699737,-0.2889142179768225,-0.0263118554539978,0.0,0.0064381389762787,0.0540265362607084,0.0,2783,0.5489685420007941,0.0064381389762787,0.0540265362607084,SHAP_content
0.3409035324784583,0.1643839670988624,0.0045965986735693,0.0,0.0004261424406757,-0.0221785460402175,0.0,2002,0.50988409825089,0.0004261424406757,0.0221785460402175,SHAP_content
0.2497687861744593,0.257248740524491,0.005263653511763,0.0,-0.0009666217180093,-0.0231828638413558,0.0,1361,0.5122811802107134,0.0009666217180093,0.0231828638413558,SHAP_content
0.5171676694664126,-0.111294599097577,0.0103128931888793,0.0,0.0022713288895043,-0.0376350584358248,0.0,4560,0.638775161752869,0.0022713288895043,0.0376350584358248,SHAP_content
-0.3860826038030172,-0.0581265114065458,-0.0065740014104327,0.0,0.0002508081614318,0.0096703262043916,0.0,3666,0.4507831166199958,0.0002508081614318,0.0096703262043916,SHAP_content
-0.4252763478654645,-0.0212984473736628,-0.005538293247879,0.0,0.0014846863646699,0.0082895822766103,0.0,4282,0.4521130884870064,0.0014846863646699,0.0082895822766103,SHAP_content
0.2900905847456219,0.2146082645370345,0.0048294968084518,0.0,0.0008051944908988,-0.0222018464447489,5.140900760647327e-10,179,0.5095283460911083,0.0008051944908988,0.022201846958839,SHAP_content
0.1773229325465997,0.3276433386763381,0.0052701818060035,0.0,0.0009853499634931,-0.0230901083410862,0.0,374,0.5102364530289415,0.0009853499634931,0.0230901083410862,SHAP_content
-0.1779904229629399,0.6742922671813478,0.0014558701692737,0.0,0.0002347588930311,-0.0098607786293644,0.0,1633,0.8537385603135615,0.0002347588930311,0.0098607786293644,SHAP_content
-0.1271557575837686,-0.2477719369770775,-0.0127315044438137,0.0,-0.0019656851420392,0.0212460439155015,0.0,4102,0.3876591990046599,0.0019656851420392,0.0212460439155015,SHAP_content
-0.447427633610849,0.0049823828162516,-0.0052273069986961,0.0,0.0003682956217053,0.0068653840704307,0.0,2757,0.4576373234257969,0.0003682956217053,0.0068653840704307,SHAP_content
-0.5069642272335141,0.0636422192990566,-0.0048637925360385,0.0,-2.1066448651269488e-05,0.0058690864985364,0.0,2985,0.5754702390686093,2.1066448651269488e-05,0.0058690864985364,SHAP_content
-0.4120387123279892,-0.0349651060571755,-0.0058936868097478,0.0,0.0015816389126994,0.0089751027948168,0.0,2859,0.4528975051949126,0.0015816389126994,0.0089751027948168,SHAP_content
0.5003104174480786,0.0004245866867219,0.003063063909768,0.0,0.0009231289351958,-0.016589502328416,0.0,1184,0.5037980680445686,0.0009231289351958,0.016589502328416,SHAP_content
0.4986367878299482,-0.0071033993647764,0.0061757723884111,0.0,0.0010455861523677,-0.0197668817003057,0.0,1714,0.5119159595831358,0.0010455861523677,0.0197668817003057,SHAP_content
0.0949542571125586,0.3578410375693648,0.0093360703419558,0.0,0.0002774904010464,-0.0324965936043887,0.0,3122,0.4621313650238793,0.0002774904010464,0.0324965936043887,SHAP_content
-0.2901679375441391,-0.1372540455264207,-0.0087504623334389,0.0,0.0010507674570198,0.0142507444209226,0.0,3184,0.4361724454039988,0.0010507674570198,0.0142507444209226,SHAP_content
-0.4123729177017917,-0.034132989243633,-0.0057820765327557,0.0,0.0011205130338516,0.0088268854505182,0.0,2055,0.4522879834781804,0.0011205130338516,0.0088268854505182,SHAP_content
-0.3900996013394057,-0.0553869551771688,-0.0060031887435833,0.0,0.0010197159797654,0.0090446341214807,0.0,4069,0.451489745260158,0.0010197159797654,0.0090446341214807,SHAP_content
-0.4441837936319203,-0.0014123205402039,-0.0052984994811319,0.0,0.0010730508174977,0.0075589135644351,0.0,2718,0.4508946136532563,0.0010730508174977,0.0075589135644351,SHAP_content
-0.4239781126042931,-0.0229774970742425,-0.0056604053043214,0.0,0.0017306452339766,0.0085445774804103,0.0,2080,0.4526160149828571,0.0017306452339766,0.0085445774804103,SHAP_content
0.3864426677073419,0.0884169536820944,0.0084409005351814,0.0,0.0009163194073496,-0.0282499587686323,0.0,1793,0.4833005219246178,0.0009163194073496,0.0282499587686323,SHAP_content
0.300619766112479,0.2046751151028375,0.0047542672388509,0.0,0.0002342227650697,-0.0221516765678892,0.0,238,0.5100491484541675,0.0002342227650697,0.0221516765678892,SHAP_content
0.2186558874201697,0.286617568956374,0.0049563253036699,0.0,0.000894007813614,-0.0229920948424796,0.0,127,0.5102297816802136,0.000894007813614,0.0229920948424796,SHAP_content
0.3231131364550308,0.1430373076306874,0.0093365924179193,0.0,-0.0001545444528155,-0.0329474218692313,0.0,354,0.4754870365036376,0.0001545444528155,0.0329474218692313,SHAP_content
0.2712572113578675,0.2346402199401382,0.0052174070946843,0.0,0.0003421150970775,-0.0233252588384196,0.0,164,0.5111148383926902,0.0003421150970775,0.0233252588384196,SHAP_content
0.5285450001044848,-0.0655779432171179,0.0044152027110955,0.0,-0.0031708911922687,0.0239203262451543,0.0,4458,0.5985381460326983,0.0031708911922687,0.0239203262451543,SHAP_content
0.4032356224289399,-0.2172090585806061,0.0156795886159137,0.0,-0.0001926868378709,-0.059222761518394,0.0,1510,0.6361242696254598,0.0001926868378709,0.059222761518394,SHAP_content
-0.3932331372573123,-0.0514730415316598,-0.0060536628543094,0.0,0.0007784257722545,0.0091019735304717,0.0,4147,0.4507598416432815,0.0007784257722545,0.0091019735304717,SHAP_content
-0.4652366307703735,0.0191761029233775,-0.0052429187517433,0.0,0.0012877471963153,0.0076749016396159,0.0,2319,0.4896556524454945,0.0012877471963153,0.0076749016396159,SHAP_content
0.2798238563329053,0.2254027944881975,0.0044477268855579,0.0,-0.0003274529287291,-0.0212152301265833,0.0,3199,0.5096743777066608,0.0003274529287291,0.0212152301265833,SHAP_content
0.1829719007056409,0.2347559124048054,0.012150652600614,0.0,0.0002755200195624,-0.0421080860049645,0.0,1890,0.4298784657110605,0.0002755200195624,0.0421080860049645,SHAP_content
0.3331050495564277,0.1339415203160456,0.0092201316835718,0.0,0.0002130837955123,-0.0326286197224262,0.0,1319,0.4762667015560452,0.0002130837955123,0.0326286197224262,SHAP_content
-0.4117571014691596,-0.0345364012126448,-0.0057161597639906,0.0,0.0010124475466679,0.0087354604396232,0.0,4266,0.4520096624457951,0.0010124475466679,0.0087354604396232,SHAP_content
-0.4062376367291324,-0.0401101644223585,-0.0056691000484117,0.0,0.0014654703443136,0.0085345316001582,0.0,3546,0.4520169011999028,0.0014654703443136,0.0085345316001582,SHAP_content
-0.3666182796771828,-0.0753069350571422,-0.0066080950550337,0.0,0.0014669469865718,0.0098095215038021,0.0,2540,0.4485333097893588,0.0014669469865718,0.0098095215038021,SHAP_content
0.3577426261462657,0.1471973182999691,0.004323875969847,0.0,8.062173296434841e-05,-0.0212127474976979,0.0,472,0.5092638204160819,8.062173296434841e-05,0.0212127474976979,SHAP_content
-0.4108221030203507,-0.0364307534859464,-0.005681275960643,0.0,0.0020508608627157,0.0086252643429273,0.0,3021,0.4529341324669402,0.0020508608627157,0.0086252643429273,SHAP_content
0.3659413296754562,0.1380134877630318,0.0043256000215491,0.0,0.0013301096630974,-0.021478832471786,0.0,1997,0.5082804174600372,0.0013301096630974,0.021478832471786,SHAP_content
0.2658264920042943,0.2403601440760204,0.0052524458816493,0.0,0.0002576046311604,-0.0235649919417763,0.0,18,0.5114390819619642,0.0002576046311604,0.0235649919417763,SHAP_content
0.4465378263306577,-0.175499642918296,0.0138733120089346,0.0,-0.0057101793259987,0.0476257854698076,0.0,3952,0.6359107812578884,0.0057101793259987,0.0476257854698076,SHAP_content
0.3561145127370525,0.1482769443142602,0.0043235622354051,0.0,0.0006360676763097,-0.0212193923116797,0.0,2956,0.508715019286718,0.0006360676763097,0.0212193923116797,SHAP_content
0.2483825059084972,0.256919286549124,0.0050037842029577,0.0,0.0001210999993275,-0.0222949820085581,0.0,2042,0.510305576660579,0.0001210999993275,0.0222949820085581,SHAP_content
-0.2887474227110119,-0.1258177837839947,-0.0090838938917731,0.0,0.0003227313127456,-0.003843150246888,0.0,2137,0.4236491003867799,0.0003227313127456,0.003843150246888,SHAP_content
0.4404263901665828,-0.1648862684445017,0.0136640206438354,0.0,-0.0085172891671433,0.0463713951787711,0.0,1025,0.61897667925492,0.0085172891671433,0.0463713951787711,SHAP_content
0.4976446859842431,-0.0398891631213769,0.0070762579310017,0.0,-2.8301909619016935e-05,-0.001745550941275,0.0,97,0.5446101070366218,2.8301909619016935e-05,0.001745550941275,SHAP_content
-0.3421297933331573,-0.0999700983939055,-0.0071601799582325,0.0,-0.0005665323758025,0.0113089561885582,0.0,4216,0.4492600716852954,0.0005665323758025,0.0113089561885582,SHAP_content
0.0332825131554705,0.4461695070210653,0.006881673221728,0.0,-7.319448296993873e-05,-0.0219142165754999,0.0,3114,0.4863336933982638,7.319448296993873e-05,0.0219142165754999,SHAP_content
-0.5218192911373658,0.0767984036922839,-0.0047141794590411,0.0,0.001728048431613,0.0056662210391059,0.0,2835,0.603331874288691,0.001728048431613,0.0056662210391059,SHAP_content
-0.3161820140566596,-0.122307300319822,-0.007613232697593,0.0,0.001601756089821,0.0122391006425254,0.0,3161,0.4461025470740747,0.001601756089821,0.0122391006425254,SHAP_content
0.3619145984878463,-0.2472631096100265,-0.0242873178447286,0.0,3.229006540613616e-05,0.052227850206293,0.0,449,0.6334650259426016,3.229006540613616e-05,0.052227850206293,SHAP_content
0.4950571085805278,0.0054119048989905,0.002556648351419,0.0,0.0007437338811893,-0.0156377010607786,0.0,550,0.5030256618309374,0.0007437338811893,0.0156377010607786,SHAP_content
0.3204893345500335,-0.2881254755190052,-0.0254131825715303,0.0,0.0037474736380246,0.0534226121082992,0.0,3744,0.6340279926405691,0.0037474736380246,0.0534226121082992,SHAP_content
0.3159389449075947,0.1891375386655863,0.0046550090072048,0.0,0.0004202927880682,-0.0220200911641406,4.470348292928693e-10,178,0.5097314925803859,0.0004202927880682,0.0220200916111754,SHAP_content
0.4325149705425597,-0.1855114849108606,-0.0229219977669418,0.0,-0.0096891421942443,0.0348646155328066,0.0,3654,0.6409484532203621,0.0096891421942443,0.0348646155328066,SHAP_content
0.5088977852387389,-0.0083226501372808,0.002474417827736,0.0,0.0007654100250733,-0.0156832683029193,0.0,1340,0.5196948532037557,0.0007654100250733,0.0156832683029193,SHAP_content
0.3613336705923799,0.1105161035044242,0.004507503409937,0.0,-0.0033252909884316,0.0150997081330384,0.0,4563,0.4763572775067411,0.0033252909884316,0.0150997081330384,SHAP_content
0.0949518962842856,-0.1055468949100911,-0.0221016613648505,0.0,-0.0096043704602272,0.0439471246307349,0.0,3548,0.2226004525592274,0.0096043704602272,0.0439471246307349,SHAP_content
-0.3374696560025166,-0.096976478872794,-0.0082849684413825,0.0,0.0010430768635127,0.0135416913125176,0.0,3520,0.4427311033166933,0.0010430768635127,0.0135416913125176,SHAP_content
0.3319850180515235,0.1728754183018649,0.0045819039779441,0.0,0.0007065100198385,-0.0220171556998229,0.0,1591,0.5094423403313325,0.0007065100198385,0.0220171556998229,SHAP_content
0.2078849020196671,0.2975484061011164,0.0052878887296779,0.0,0.0005062791605596,-0.0230957814186569,5.898375884938467e-11,1516,0.5107211968504615,0.0005062791605596,0.0230957814776406,SHAP_content
0.2513428450118359,0.2463424582832414,0.0018458200540069,0.0,0.0009079163590376,-0.0123073450567736,0.0,741,0.4995311233490842,0.0009079163590376,0.0123073450567736,SHAP_content
0.5043042075890596,-0.0734221045523366,0.009121796893533,0.0,0.0001583234831248,-0.0339708220741052,0.0,1769,0.5868481090349292,0.0001583234831248,0.0339708220741052,SHAP_content
-0.2630196441727712,-0.158491715627998,-0.0092609791407982,0.0,0.0003522564443017,0.0150553850773665,0.0,4358,0.4307723389415674,0.0003522564443017,0.0150553850773665,SHAP_content
0.5121311769015098,-0.0120472356505951,0.0024060079598972,0.0,0.0010184868551118,-0.0153767416852798,2.7070443109344916e-10,483,0.5265844205120023,0.0010184868551118,0.0153767419559842,SHAP_content
0.1874281544426654,-0.1896105183697628,-0.023793537585996,0.0,-0.0074840627559603,0.0481449321213909,0.0,4671,0.4008322103984243,0.0074840627559603,0.0481449321213909,SHAP_content
-0.0283372402052299,0.3626997144432314,0.0120746683657175,0.0,0.0001154700513843,0.0330257320244736,0.0,2810,0.4031116230141788,0.0001154700513843,0.0330257320244736,SHAP_content
0.2789871869956567,0.218656881894533,0.0018572381946337,0.0,0.0010224194701848,-0.01239203190366,0.0,2021,0.4995013070848235,0.0010224194701848,0.01239203190366,SHAP_content
-0.5953913309802138,0.1663092328655566,-0.0048838612455214,0.0,-0.0006854606661753,-0.0076893784434172,0.0,4647,0.7665844250912918,0.0006854606661753,0.0076893784434172,SHAP_content
0.2133838517936255,0.2923101369009629,0.0051641188269931,0.0,0.0005759293254842,-0.0233023421957171,0.0,1910,0.5108581075215817,0.0005759293254842,0.0233023421957171,SHAP_content
0.2489376145097036,0.2571307669062034,0.0048930113508392,0.0,5.306648946222167e-05,-0.0228827646048602,0.0,2485,0.5109613927667463,5.306648946222167e-05,0.0228827646048602,SHAP_content
0.5114988987056869,-0.0854571195678182,0.0093831914736809,0.0,0.0012941738901737,-0.0347289765494416,0.0,780,0.6063392097471861,0.0012941738901737,0.0347289765494416,SHAP_content
0.0610341665416908,0.4405815676139295,0.0033120922569777,0.0,0.0003499060652726,-0.0171460378265222,0.0,77,0.504927826412598,0.0003499060652726,0.0171460378265222,SHAP_content
0.5072800684141044,-0.037385588734009,0.0069420668853397,0.0,0.0004537495670278,-0.0249784299913995,0.0,1889,0.5516077240334532,0.0004537495670278,0.0249784299913995,SHAP_content
-0.4471292242686989,0.0011617218172964,-0.0051577386285689,0.0,0.0014659818890527,0.0073946464223977,0.0,4340,0.4534486847145642,0.0014659818890527,0.0073946464223977,SHAP_content
0.3707663291836391,-0.0699616702772109,0.0143611417781895,0.0,-0.0007869596621131,-0.0520500447781391,0.0,673,0.4550891412390396,0.0007869596621131,0.0520500447781391,SHAP_content
0.0019109988646008,-0.2764960167269895,-0.0194562776041468,0.0,0.0024804501741673,0.0359648112192367,0.0,2203,0.2978632931957373,0.0024804501741673,0.0359648112192367,SHAP_content
0.2600917789509092,0.2460124036002474,0.0052914038066557,0.0,0.0003350225393229,-0.0235989140222697,-2.2351741985060509e-10,458,0.5113955863578123,0.0003350225393229,0.0235989142457871,SHAP_content
-0.3311753226029252,-0.111082354040823,-0.0072090761987879,0.0,0.000279236640832,0.0115877153646173,0.0,2865,0.4494667528425363,0.000279236640832,0.0115877153646173,SHAP_content
0.3956365693946838,0.1087711766429765,0.0040115108495063,0.0,0.0003672703914259,-0.0206548326272444,0.0,752,0.5084192568871667,0.0003672703914259,0.0206548326272444,SHAP_content
0.0542363122746841,0.4477638434324346,0.0036308502542289,0.0,0.0001134780690995,-0.0176127893790991,0.0,121,0.5056310059613477,0.0001134780690995,0.0176127893790991,SHAP_content
-0.4557679343587136,0.0102822660666469,-0.005311786695524,0.0,0.0006682653585705,0.0077884133346237,0.0,3637,0.4713619871208846,0.0006682653585705,0.0077884133346237,SHAP_content
0.4902418250978135,-0.0412678822054041,0.0081292873508301,0.0,0.0009086354024698,-0.0306077740623156,-9.636084569164538e-10,699,0.5396389946540477,0.0009086354024698,0.0306077750259241,SHAP_content
-0.4273845620812533,-0.0182243200786802,-0.0059062763633225,0.0,0.000223006293762,0.0092195672182664,0.0,2924,0.4515151585232562,0.000223006293762,0.0092195672182664,SHAP_content
0.1585414404631943,0.2868860660181732,0.0096957592617855,0.0,-0.0055797879552744,0.0241976290567676,0.0,4167,0.4551232657431531,0.0055797879552744,0.0241976290567676,SHAP_content
0.4642858847318866,-0.1873021873147314,0.014130725653928,0.0,0.000364448545874,-0.0027476019179173,-4.9670545454461035e-12,1492,0.6657187977005461,0.000364448545874,0.0027476019228843,SHAP_content
-0.0592789483780372,-0.2515995665784239,-0.0156824803294924,0.0,-0.0065217054061739,0.0270859475724031,0.0,4633,0.3265609952859536,0.0065217054061739,0.0270859475724031,SHAP_content
0.5228080289455989,-0.0810690258957762,0.0083744618429986,0.0,-0.0004589661870522,-0.0313744409410177,0.0,1948,0.6122515166843738,0.0004589661870522,0.0313744409410177,SHAP_content
-0.3898195658986049,-0.0440499250051184,-0.0069631926786508,0.0,-9.657031263100595e-05,0.0102890091941987,0.0,2086,0.4408326835823742,9.657031263100595e-05,0.0102890091941987,SHAP_content
-0.4972354410670038,0.0515956482978685,-0.0046524676179166,0.0,0.0019322600609277,0.0060192021262105,0.0,3365,0.553483556982789,0.0019322600609277,0.0060192021262105,SHAP_content
0.3915006219887462,0.1005960648821259,0.007743674525373,0.0,0.0007220031934618,-0.0252031163596443,-4.495183600350393e-10,31,0.4998403613962452,0.0007220031934618,0.0252031168091627,SHAP_content
-0.3330458043382972,-0.100454345493089,-0.0086848463937609,0.0,0.0029450515757023,0.0145632117136417,0.0,2154,0.4421849962251473,0.0029450515757023,0.0145632117136417,SHAP_content
-0.5324354188108834,0.0878099469841272,-0.0046475977947575,0.0,0.0008480310262123,0.006084268098026,0.0,2758,0.6248929635897682,0.0008480310262123,0.006084268098026,SHAP_content
-0.2788086114728019,0.108690766418867,0.0130246786017262,0.0,-0.0041323074187634,-0.0464898659320257,0.0,69,0.4005240564933952,0.0041323074187634,0.0464898659320257,SHAP_content
0.2735124338635772,0.2324574418285387,0.0051606888595147,0.0,0.0001454336329296,-0.0231443035332124,0.0,1449,0.5111305645516308,0.0001454336329296,0.0231443035332124,SHAP_content
-0.2444305686475386,-0.1557456789225503,-0.0116402275519212,0.0,0.004734968524283,0.0198610979859353,0.0,3175,0.4118164751220102,0.004734968524283,0.0198610979859353,SHAP_content
0.283977230672086,-0.0723670805626385,0.0161531512889358,0.0,-0.0082273270052482,0.0470773825316199,0.0,3627,0.3724974625236604,0.0082273270052482,0.0470773825316199,SHAP_content
-0.4609519445847778,0.0156662972345175,-0.0050786989129318,0.0,0.0007145625073179,0.0073149290230585,0.0,3877,0.4816969407322272,0.0007145625073179,0.0073149290230585,SHAP_content
-0.3910624626522546,-0.0546002166452062,-0.0061924712694095,0.0,0.0017484527146269,0.0095058217771667,0.0,3959,0.4518551505668703,0.0017484527146269,0.0095058217771667,SHAP_content
-0.3935194454578853,-0.0492959762204201,-0.006149866994058,0.0,-0.0009985020914392,0.0090220047587802,0.0,4465,0.4489652886723635,0.0009985020914392,0.0090220047587802,SHAP_content
0.0631481631215421,0.4147271428549537,0.0038200520236091,0.0,-0.0021871358649765,0.0086234725162197,0.0,3221,0.481695358000105,0.0021871358649765,0.0086234725162197,SHAP_content
-0.4656672838515307,0.0205817002613934,-0.0049673771157219,0.0,0.0007591755302093,0.0069576569556197,0.0,3146,0.4912163612286461,0.0007591755302093,0.0069576569556197,SHAP_content
0.2908462370580936,0.2148969545466702,0.0050335090045504,0.0,0.000317688843804,-0.02296269480177,0.0,1531,0.5107767006093143,0.000317688843804,0.02296269480177,SHAP_content
-0.3137183942229294,-0.124889460568328,-0.0075232196890671,0.0,-6.571884044674018e-05,0.0121754788703711,0.0,2432,0.4461310744803247,6.571884044674018e-05,0.0121754788703711,SHAP_content
-0.4240694593429806,-0.0186346627150438,-0.0055073218535945,0.0,-0.0016510896891771,0.0077587052783271,0.0,3574,0.448211443911619,0.0016510896891771,0.0077587052783271,SHAP_content
-0.2558841585825058,-0.1713788939078062,-0.0086390717876298,0.0,-0.0007524964355945,0.01371266978805,0.0,3182,0.4359021242779419,0.0007524964355945,0.01371266978805,SHAP_content
0.3486018049745835,-0.1382113291548966,0.0156537973012428,0.0,0.0008818463990085,0.0197516890993055,0.0,1912,0.502466931430723,0.0008818463990085,0.0197516890993055,SHAP_content
0.4055280481764325,0.0789269739296265,0.0079215435382716,0.0,-0.0005028640967988,-0.0267601286155445,0.0,504,0.4923765656443306,0.0005028640967988,0.0267601286155445,SHAP_content
0.257672726675082,0.2400776131218634,0.0081619461796181,0.0,-0.0006727432011364,-0.0239244141145272,0.0,339,0.5059122859765636,0.0006727432011364,0.0239244141145272,SHAP_content
-0.4247926784616976,-0.0211326279068116,-0.0056256975325815,0.0,0.0011238486603559,0.0084202840593342,0.0,3580,0.4515510039010908,0.0011238486603559,0.0084202840593342,SHAP_content
-0.3239782312836588,-0.1183143438877999,-0.0073423355938866,0.0,0.0016018041107201,0.011789369228178,0.0,4408,0.4496349107653454,0.0016018041107201,0.011789369228178,SHAP_content
0.3660619830805975,-0.0293042008414312,0.0137367431326802,0.0,-0.0029787735523078,-0.0489267083446431,0.0,798,0.409102927054709,0.0029787735523078,0.0489267083446431,SHAP_content
-0.3775410892389265,-0.0666257782377637,-0.0067073794896974,0.0,0.0010415266330312,0.0106920358191895,0.0,4413,0.4508742469663878,0.0010415266330312,0.0106920358191895,SHAP_content
-0.3563108510107116,-0.0848664117276769,-0.0070307932882132,0.0,0.0012910186583182,0.010505524973987,0.0,4517,0.4482080560266017,0.0012910186583182,0.010505524973987,SHAP_content
0.2558382948581864,0.2503093216537848,0.005311702700771,0.0,0.0002781566314689,-0.0236057811928632,0.0,61,0.5114593192127423,0.0002781566314689,0.0236057811928632,SHAP_content
0.3627584418403098,0.1429491290421995,0.0044823471801107,0.0,-7.567224799303815e-05,-0.0219825511632788,0.0,1775,0.5101899180626202,7.567224799303815e-05,0.0219825511632788,SHAP_content
0.3483539902240324,-0.1775342685031924,0.0161343182724981,0.0,-0.0109165138505039,0.0503125952129204,0.0,2845,0.542022576999723,0.0109165138505039,0.0503125952129204,SHAP_content
0.4487684591454421,-0.1598872052265335,0.0140174120370859,0.0,-0.0097962244446594,0.0367647353558944,0.0,4632,0.6226730764090617,0.0097962244446594,0.0367647353558944,SHAP_content
-0.3850586568492541,-0.0533731503656024,-0.006886936271471,0.0,0.0002885648229329,0.0103281959334656,0.0,2460,0.4453187434863275,0.0002885648229329,0.0103281959334656,SHAP_content
0.4786668220559626,-0.0598659184770882,0.0100564769700537,0.0,0.0004409602656485,-0.0369589483023322,-9.462237347823699e-10,1567,0.5485892175031045,0.0004409602656485,0.0369589492485559,SHAP_content
-0.4672192604717406,0.0205357269386402,-0.005100151707109,0.0,0.0020399594881599,0.0074029289054503,0.0,2848,0.4928551391174899,0.0020399594881599,0.0074029289054503,SHAP_content
0.5438250136703442,-0.0791927590294652,0.0070264380000899,0.0,0.0001608160646829,-0.0256859620187814,0.0,1689,0.6300442106998995,0.0001608160646829,0.0256859620187814,SHAP_content
-0.4369994786122264,-0.0094470436890817,-0.0054327546024478,0.0,0.0014446589223658,0.0080997234481766,0.0,4153,0.451879276903756,0.0014446589223658,0.0080997234481766,SHAP_content
-0.3224022745623627,-0.1104994724041206,-0.0077841729182788,0.0,-0.0004219907568647,0.0124210945519795,0.0,2986,0.4406859198847623,0.0004219907568647,0.0124210945519795,SHAP_content
-0.4130029578615097,-0.0342217448984864,-0.0057465561545231,0.0,0.0020274145113675,0.0087613283744192,0.0,2419,0.4529712589145192,0.0020274145113675,0.0087613283744192,SHAP_content
0.5265786725563167,-0.048321050918392,0.0064193791667322,0.0,0.000134299497946,-0.0221660749200538,0.0,1568,0.5813191026414412,0.000134299497946,0.0221660749200538,SHAP_content
-0.410337511963942,-0.0358187977506036,-0.0056579116665959,0.0,0.0009459207259849,0.0085407163602771,0.0,3965,0.4518142213811416,0.0009459207259849,0.0085407163602771,SHAP_content
-0.3109766531349309,-0.1097264156186831,-0.0100197861153671,0.0,0.0024385715632355,0.0167878341995117,0.0,2339,0.4307228548689812,0.0024385715632355,0.0167878341995117,SHAP_content
-0.053536957314608,-0.2849846831537294,-0.0154477080724512,0.0,0.0011267966095357,0.0268853804679845,0.0,2094,0.3539693485407887,0.0011267966095357,0.0268853804679845,SHAP_content
0.2980368097447333,0.2068422471585408,0.0048511504106172,0.0,0.0007677324300161,-0.022366245092559,0.0,2041,0.5097302073138914,0.0007677324300161,0.022366245092559,SHAP_content
-0.1275121660110472,-0.2260477421480521,-0.0144702506161605,0.0,0.0051660098869757,0.0249267940024505,0.0,2200,0.36803015877526,0.0051660098869757,0.0249267940024505,SHAP_content
-0.3793732462189452,-0.0639203617122523,-0.0062677961599911,0.0,0.0002388856970736,0.0096333959437165,0.0,2272,0.4495614040911887,0.0002388856970736,0.0096333959437165,SHAP_content
0.2460514808739072,0.2511857097889198,0.0016371703214177,0.0,0.0009512883906344,-0.011693954723531,0.0,381,0.4988743609842448,0.0009512883906344,0.011693954723531,SHAP_content
-0.3960440485501005,-0.0482458263447567,-0.0060222656909657,0.0,0.0003788951177167,0.0089464567921252,0.0,3864,0.450312140585823,0.0003788951177167,0.0089464567921252,SHAP_content
-0.4466815468737901,0.0005690645170829,-0.0052143740085214,0.0,0.0014004327070774,0.0076144035528786,0.0,2412,0.4524649853993945,0.0014004327070774,0.0076144035528786,SHAP_content
-0.3622606442332449,-0.0773510216783199,-0.0066970218355975,0.0,-0.0001402904109747,0.0099489849969778,0.0,3912,0.4463086877471624,0.0001402904109747,0.0099489849969778,SHAP_content
0.4718967931212602,-0.1273234989725481,0.0124489689611057,0.0,-0.0013490528329123,-0.0450006363759848,0.0,1390,0.611669261054914,0.0013490528329123,0.0450006363759848,SHAP_content
-0.1225672947379272,-0.2515224132658673,-0.0128510053007242,0.0,-3.80063858726673e-05,0.0214920383847274,0.0,4238,0.3869407133045188,3.80063858726673e-05,0.0214920383847274,SHAP_content
-0.3914921835621131,-0.0548596440326407,-0.0060028397709585,0.0,0.0013594331314776,0.009122200131299,0.0,3914,0.4523546673657123,0.0013594331314776,0.009122200131299,SHAP_content
0.3336207605146419,0.1714169728940092,0.0046664393685709,0.0,0.0006324048412261,-0.0222048829670999,0.0,1952,0.509704172777222,0.0006324048412261,0.0222048829670999,SHAP_content
0.2014439332903767,-0.0956572270737448,0.0178691549024037,0.0,-0.0108719796761339,0.0480102501705743,0.0,4162,0.3149703152665253,0.0108719796761339,0.0480102501705743,SHAP_content
-0.5091089946193901,0.0649813383850074,-0.0050231185383754,0.0,0.0006798967562588,0.0062905469869418,0.0,2915,0.5791134515427729,0.0006798967562588,0.0062905469869418,SHAP_content
-0.4329427193337643,-0.0135042002303143,-0.00551607085022,0.0,0.001445506740408,0.0081986305840366,0.0,2342,0.4519629904142987,0.001445506740408,0.0081986305840366,SHAP_content
0.5110522046413233,-0.0271990138952232,0.0063150226309182,0.0,7.327869700758313e-05,-0.0212765054152316,0.0,245,0.5445662411674647,7.327869700758313e-05,0.0212765054152316,SHAP_content
0.5168115166618967,-0.0164896629973227,0.002901624952235,0.0,0.0007987268508856,-0.0158905108163464,0.0,1439,0.5362028046114545,0.0007987268508856,0.0158905108163464,SHAP_content
0.3354550404308991,0.1693877539373313,0.0045557756569041,0.0,0.0005231762894447,-0.0217900516632309,0.0,1022,0.5093985700251347,0.0005231762894447,0.0217900516632309,SHAP_content
-0.4195623866151209,-0.0270948003518442,-0.0056079031578629,0.0,0.001522337102886,0.0084032843849875,0.0,3233,0.4522650901248282,0.001522337102886,0.0084032843849875,SHAP_content
0.1628159266333277,0.3383227577877302,0.0077389413861082,0.0,-0.0002013026562022,-0.02236537158357,0.0,411,0.5088776258071662,0.0002013026562022,0.02236537158357,SHAP_content
-0.5032050833168884,0.0575159618412389,-0.0046328521356921,0.0,0.0022485640139145,0.0057328260598739,0.0,2261,0.5653538972938195,0.0022485640139145,0.0057328260598739,SHAP_content
0.4016760161438232,-0.0165429484148421,0.0120985592399974,0.0,-0.0031184225108711,-0.0402347136756251,0.0,1062,0.4303175237986628,0.0031184225108711,0.0402347136756251,SHAP_content
0.4341771040333023,-0.1960364423700744,-0.0228966331779956,0.0,-0.0087922172792083,0.0446381716380734,0.0,4609,0.6531101795813725,0.0087922172792083,0.0446381716380734,SHAP_content
-0.459680076120003,0.0142571313625306,-0.005047549655843,0.0,0.0009009595869126,0.0072287615144242,0.0,3561,0.4789847571383767,0.0009009595869126,0.0072287615144242,SHAP_content
0.3170941636990886,0.188429421534304,0.0046404404510748,0.0,-4.459878780654208e-06,-0.0220278711543385,0.0,665,0.5101640256844674,4.459878780654208e-06,0.0220278711543385,SHAP_content
-0.4920185425737283,0.0497939888799264,-0.0049906443534939,0.0,-0.0014412366496474,0.0063284083844102,0.0,4631,0.5468031758071488,0.0014412366496474,0.0063284083844102,SHAP_content
0.5245185158137345,-0.0240216964842067,0.0023387602441556,0.0,0.0005084305601783,-0.0152123158103392,3.2782554448829155e-10,4379,0.550878972542097,0.0005084305601783,0.0152123161381648,SHAP_content
-0.3474392303994613,-0.0929445421464716,-0.0072883788082787,0.0,0.0017363884897611,0.0109849149101007,0.0,4188,0.4476721513542117,0.0017363884897611,0.0109849149101007,SHAP_content
-0.3945705388680049,-0.0505839398222549,-0.0064281966980682,0.0,0.0010487825021001,0.0093729738971485,0.0,4641,0.4515826753883281,0.0010487825021001,0.0093729738971485,SHAP_content
0.3515650681815254,0.1538316732879966,0.0044560263018846,0.0,4.902504397391941e-05,-0.0217700981640324,0.0,114,0.5098527677714066,4.902504397391941e-05,0.0217700981640324,SHAP_content
0.4341774578500237,-0.0919200947930532,0.0127921531363189,0.0,-0.0051059068716803,-0.0427415754673801,0.0,3989,0.5388897057793959,0.0051059068716803,0.0427415754673801,SHAP_content
-0.2742807416483372,-0.1328743138576275,-0.0113289075007584,0.0,0.0017092342890232,0.0195159628778678,0.0,2302,0.4184839630067232,0.0017092342890232,0.0195159628778678,SHAP_content
-0.4113039981440721,-0.035613457250588,-0.0056306315473277,0.0,0.0017140500161393,0.0084946868923462,0.0,2477,0.4525480869419879,0.0017140500161393,0.0084946868923462,SHAP_content
-0.4159320907246274,-0.0287347350334446,-0.0057125794010062,0.0,0.0002582840281684,0.0082537196086978,0.0,3250,0.4503794051590782,0.0002582840281684,0.0082537196086978,SHAP_content
0.3766084927788288,0.127156026660611,0.0058239688304665,0.0,0.000818247649182,-0.0222750412677403,0.0,118,0.5095884882699064,0.000818247649182,0.0222750412677403,SHAP_content
0.3319214954041047,0.1735394086171107,0.0045131399642383,0.0,6.341680709602907e-05,-0.0219057661412017,0.0,1981,0.5099740439854539,6.341680709602907e-05,0.0219057661412017,SHAP_content
-0.2418149999841205,-0.1758759425622924,-0.0095884552764861,0.0,0.0005507518049779,0.0154719100291678,0.0,2180,0.4272793978228992,0.0005507518049779,0.0154719100291678,SHAP_content
-0.0166736742333623,0.5160708939056259,0.0025295611858018,0.0,0.0008194439501138,-0.0146145301568308,0.0,162,0.5352741293247901,0.0008194439501138,0.0146145301568308,SHAP_content
0.2926277345081658,0.2129310890033962,0.0048126494806481,0.0,-5.462513398014554e-05,-0.0221851532068819,0.0,263,0.5103714729922102,5.462513398014554e-05,0.0221851532068819,SHAP_content
0.4166960974022649,0.0736259155527645,0.0075520550975822,0.0,-0.0005551081301131,-0.0248109593234494,-6.059805608693567e-10,775,0.4978740680526117,0.0005551081301131,0.0248109599294299,SHAP_content
-0.3584513488076226,-0.06146286051795,-0.0080927963638387,0.0,0.0004786046031915,0.0126436235022459,0.0,4264,0.4280070056894113,0.0004786046031915,0.0126436235022459,SHAP_content
0.3387699523391804,0.1665693032310765,0.0045467556338898,0.0,0.0002230775693712,-0.0219773941221699,0.0,651,0.5098860112041468,0.0002230775693712,0.0219773941221699,SHAP_content
-0.3551839623019325,-0.0844988759904923,-0.0070561746656118,0.0,0.0019134984902585,0.0104315061434358,0.0,3723,0.4467390129580368,0.0019134984902585,0.0104315061434358,SHAP_content
-0.4046110476231392,-0.0418640932387366,-0.0062102068528957,0.0,0.0014645426370859,0.0098545352816696,0.0,4243,0.4526853477147715,0.0014645426370859,0.0098545352816696,SHAP_content
0.3746490182915202,-0.2531819191657142,-0.024451107468456,0.0,0.0012649664741693,0.0531679996462019,0.0,1170,0.6522820449256905,0.0012649664741693,0.0531679996462019,SHAP_content
-0.1625012634914642,-0.2237382334415827,-0.0119997612172737,0.0,0.0013029804290669,0.0197638003335697,0.0,4332,0.3982392581503207,0.0013029804290669,0.0197638003335697,SHAP_content
-0.3177543523262618,-0.112802057247775,-0.0085839270701787,0.0,0.0014635757353791,0.0134404355174075,0.0,3011,0.4391403366442156,0.0014635757353791,0.0134404355174075,SHAP_content
0.4196289054747548,-0.1963523684905189,-0.0228402142673731,0.0,0.0038806131508737,0.0514398522436945,0.0,4651,0.638821488232647,0.0038806131508737,0.0514398522436945,SHAP_content
0.0170117046642056,-0.1887723630925317,-0.0200660425140182,0.0,-0.0020761516568413,0.036823327462936,0.0,3874,0.2258501102707556,0.0020761516568413,0.036823327462936,SHAP_content
-0.4618585011362878,0.0193221303565623,-0.0053045226782973,0.0,-0.0017597338603625,0.0074340586462401,0.0,4645,0.4864851541711474,0.0017597338603625,0.0074340586462401,SHAP_content
0.4975099672686446,-0.0640839369791362,0.0090040502198813,0.0,0.0002052681003214,-0.0336090311556287,0.0,1368,0.5705979544676623,0.0002052681003214,0.0336090311556287,SHAP_content
0.5427265162961508,-0.0496003065626222,0.0056031486647959,0.0,0.0009078708691669,-0.0176539325386593,0.0,897,0.597929971523569,0.0009078708691669,0.0176539325386593,SHAP_content
0.5342323603318123,-0.0526900827960617,0.0062053140464788,0.0,0.0008022844052687,-0.0210090827109671,0.0,928,0.5931277571743528,0.0008022844052687,0.0210090827109671,SHAP_content
0.1979494696379748,0.3077026465384936,0.005311820944804,0.0,0.0005704130353343,-0.0234026555052585,0.0,14,0.5109639371212725,0.0005704130353343,0.0234026555052585,SHAP_content
-0.3969359680915182,-0.048509755617778,-0.0062520752190027,0.0,0.0007899098914341,0.0098404918309137,0.0,2548,0.4516977989282991,0.0007899098914341,0.0098404918309137,SHAP_content
0.4290994679916707,0.073875853056965,0.0037121269460502,0.0,0.0010454380095235,-0.0196011921575238,8.046627114621783e-10,967,0.506687447994686,0.0010454380095235,0.0196011929621866,SHAP_content
0.5349805328153614,-0.0845138430805791,0.0077261950181279,0.0,0.0011680231495257,-0.0292242941989636,0.0,1106,0.6272205709140686,0.0011680231495257,0.0292242941989636,SHAP_content
-0.2565148412239507,-0.1470660075974287,-0.0113537503581416,0.0,0.0026224020201071,0.0195938747399915,0.0,4315,0.4149345991795211,0.0026224020201071,0.0195938747399915,SHAP_content
0.3380692535552989,-0.1271422631577713,0.0156169829890649,0.0,-0.009552971404098,0.0478109101828916,0.0,3968,0.4808284997021351,0.009552971404098,0.0478109101828916,SHAP_content
0.5197239966171568,-0.0198538015862716,0.0023005927407203,0.0,0.0009295544035268,-0.0149686475237844,0.0,1254,0.5418783909441489,0.0009295544035268,0.0149686475237844,SHAP_content
-0.0860642302635103,0.1269889106433415,0.0176082743378123,0.0,-0.0017428953986547,0.041190731272949,0.0,2648,0.2306614152446643,0.0017428953986547,0.041190731272949,SHAP_content
-0.4344731636712782,-0.0109738977573218,-0.0054349679997151,0.0,0.0007333470396617,0.0079544387386076,0.0,2923,0.4508820294283153,0.0007333470396617,0.0079544387386076,SHAP_content
-0.2878068783524944,-0.1407601879021313,-0.0084577940638022,0.0,-0.0009760345836802,0.0137271415190508,0.0,4654,0.4370248603184281,0.0009760345836802,0.0137271415190508,SHAP_content
0.5014952323905717,-0.0907370207304365,0.0101741971586247,0.0,0.0006877048327396,-0.0373261951246288,1.7285347146678287e-09,1639,0.602406450279633,0.0006877048327396,0.0373261968531635,SHAP_content
0.2276333281940011,-0.0380081257748314,0.0169274391624104,0.0,0.0005473145557333,-0.0628867042121008,0.0,1133,0.282568893131243,0.0005473145557333,0.0628867042121008,SHAP_content
-0.3592555647408468,-0.0787838423723659,-0.0067958015866873,0.0,-0.0014225705830121,0.0099603720647963,0.0,4398,0.4448352086999001,0.0014225705830121,0.0099603720647963,SHAP_content
0.2083074025698811,0.2976682385841685,0.0052972129229198,0.0,0.0002573304818968,-0.0233984899075181,0.0,3519,0.5112728540769695,0.0002573304818968,0.0233984899075181,SHAP_content
0.2927547587303272,-0.2269377303280914,-0.0244145083650946,0.0,0.0005615698204096,0.0490741299288375,0.0,1878,0.5441069974235133,0.0005615698204096,0.0490741299288375,SHAP_content
0.304286192666783,0.2021250127706005,0.0049496105002847,0.0,-0.0002826425652117,-0.0229464787211082,0.0,271,0.5113608159376684,0.0002826425652117,0.0229464787211082,SHAP_content
0.4134355362823242,0.0894328777470939,0.0035038671016409,0.0,0.0004218073138407,-0.0186623937935517,0.0,1473,0.5063722811310591,0.0004218073138407,0.0186623937935517,SHAP_content
0.3791908681580938,0.1239939929629296,0.0040422847710118,0.0,0.0010052108466578,-0.0201006620873451,0.0,1547,0.5072271458920353,0.0010052108466578,0.0201006620873451,SHAP_content
-0.2807848544524251,-0.1398359176206602,-0.0095228124956678,0.0,0.0016625193921557,0.0157895466679072,0.0,4383,0.4301435845687532,0.0016625193921557,0.0157895466679072,SHAP_content
0.271574833992561,0.2344254949079545,0.0051329875311967,0.0,3.398251486139495e-05,-0.0230356042952252,0.0,838,0.5111333164317122,3.398251486139495e-05,0.0230356042952252,SHAP_content
-0.4449533283041006,-0.0019036864374255,-0.005500828666151,0.0,0.0018384758660691,0.0081785698775132,0.0,2195,0.4523578434076772,0.0018384758660691,0.0081785698775132,SHAP_content
0.4335262393079565,0.0670184256004372,0.0036136886027637,0.0,0.0008093439704931,-0.0168360028303023,0.0,1835,0.5041583535111576,0.0008093439704931,0.0168360028303023,SHAP_content
0.2345441997115234,0.264046115186256,0.0021322017344313,0.0,0.001057454527628,-0.0136482765084907,0.0,412,0.5007225166322107,0.001057454527628,0.0136482765084907,SHAP_content
0.4917760260233644,-0.1079867148677618,0.01117377814224,0.0,-0.0002828912466645,-0.040646005263866,2.0166238297314454e-09,1712,0.6109365190333663,0.0002828912466645,0.0406460072804898,SHAP_content
-0.4193387655706019,-0.0277368741797423,-0.0060585390364943,0.0,0.0017227772549518,0.0095566495530251,0.0,2795,0.4531341787868385,0.0017227772549518,0.0095566495530251,SHAP_content
-0.4160494011958839,-0.031618376977647,-0.0056265741057636,0.0,0.0024585158698992,0.0084951774427003,0.0,2221,0.4532943522792946,0.0024585158698992,0.0084951774427003,SHAP_content
0.1812202797720722,0.323260379158969,0.0048861922452048,0.0,0.0006102535184365,-0.0218454100433343,0.0,377,0.5093668511762461,0.0006102535184365,0.0218454100433343,SHAP_content
0.3317021435736381,0.1730978636763387,0.0047350593350222,0.0,0.0010072068613588,-0.0224105787950096,0.0,1491,0.5095350665849991,0.0010072068613588,0.0224105787950096,SHAP_content
0.063952273476176,0.437959040341028,0.0033323689518073,0.0,-0.0001522247231593,-0.0169597633945033,0.0,738,0.5052436827690114,0.0001522247231593,0.0169597633945033,SHAP_content
-0.146817958249016,0.1447975092736842,0.0171113736948866,0.0,-0.0104580356196794,0.0393567619609271,0.0,3377,0.3087268412175869,0.0104580356196794,0.0393567619609271,SHAP_content
-0.448231524252741,0.0013082619076673,-0.0054728869530128,0.0,0.0019263596241247,0.0081289911637978,0.0,3615,0.4550126731134212,0.0019263596241247,0.0081289911637978,SHAP_content
-0.0628575431667442,-0.1679255040961208,-0.0175538653514813,0.0,-0.001348780402053,0.030693005410286,0.0,4331,0.2483369126143464,0.001348780402053,0.030693005410286,SHAP_content
0.1283099769199108,0.3765121335027921,0.0046188235021408,0.0,-0.0001759358637699,-0.0211333035748801,1.651545306763369e-10,52,0.5094409339248437,0.0001759358637699,0.0211333037400347,SHAP_content
-0.3908904966231273,-0.0563096941568538,-0.0062629266489768,0.0,0.0014979874685637,0.0096677175569361,0.0,4114,0.453463117428958,0.0014979874685637,0.0096677175569361,SHAP_content
0.040861670898127,0.4344277762080327,0.003752757725813,0.0,0.0005321558328615,0.0085573339865136,0.0,2269,0.4790422048319728,0.0005321558328615,0.0085573339865136,SHAP_content
-0.4321965923027201,-0.0144489233399483,-0.005458936749262,0.0,0.0018732058879149,0.0080428497989565,0.0,3094,0.4521044523919305,0.0018732058879149,0.0080428497989565,SHAP_content
0.2929396526276276,0.2135751237704036,0.0049882161743584,0.0,-0.0005520532468786,-0.0228192446741626,0.0,1389,0.5115029925723896,0.0005520532468786,0.0228192446741626,SHAP_content
-0.3328773085217478,-0.1100266891405148,-0.0073741623498111,0.0,0.0030014408580164,0.0116600887145499,0.0,3188,0.4502781600120739,0.0030014408580164,0.0116600887145499,SHAP_content
-0.4585771240649537,0.0129654040869549,-0.0051064349807508,0.0,0.0012936425912342,0.0071298460523422,0.0,3478,0.4766489631326595,0.0012936425912342,0.0071298460523422,SHAP_content
-0.2812092637360811,-0.1483833779367465,-0.0085351414276908,0.0,0.00191397970522,0.0137714381132225,0.0,3433,0.4381277831005186,0.00191397970522,0.0137714381132225,SHAP_content
-0.4276011920732523,-0.0184213191805998,-0.0055363552455835,0.0,0.0009645797075344,0.0082752335586433,0.0,4191,0.4515588664994358,0.0009645797075344,0.0082752335586433,SHAP_content
-0.4154317007304679,-0.0309360567629627,-0.0058827964726818,0.0,0.0015065931931182,0.0089255767078406,0.0,2309,0.4522505539661125,0.0015065931931182,0.0089255767078406,SHAP_content
0.1658312214906108,-0.2431406194685375,-0.0236649252719556,0.0,-0.0037176286665425,0.0468271892294398,0.0,3222,0.432636766231104,0.0037176286665425,0.0468271892294398,SHAP_content
-0.4291209117026812,-0.0179518602260874,-0.0055022877400167,0.0,0.0020484684835825,0.0081993400086285,0.0,2590,0.4525750596687854,0.0020484684835825,0.0081993400086285,SHAP_content
0.4990721242607058,-0.0984682072509617,0.0105766460662426,0.0,-0.0006658649872875,-0.0385808875201451,0.0,1632,0.6081169775779102,0.0006658649872875,0.0385808875201451,SHAP_content
-0.4517587441899194,0.0061064474616001,-0.0051571952588868,0.0,0.0011757235210603,0.0073651130009514,0.0,4275,0.4630223869104065,0.0011757235210603,0.0073651130009514,SHAP_content
-0.389283228746125,-0.0566049287017722,-0.0063681968995201,0.0,0.0017077870191511,0.0101966435562716,0.0,3174,0.4522563543474173,0.0017077870191511,0.0101966435562716,SHAP_content
-0.3758517680579792,-0.0707120418867987,-0.0066333197027492,0.0,0.0011959046440814,0.0105605388666351,0.0,2976,0.4531971296475272,0.0011959046440814,0.0105605388666351,SHAP_content
-0.3994374724042627,-0.0466730111616626,-0.0057546902346829,0.0,0.0015176347829051,0.0086589858596485,0.0,4280,0.4518651738006083,0.0015176347829051,0.0086589858596485,SHAP_content
-0.0273517429444922,0.3156122837409898,0.0144342308197031,0.0,-0.0001515567907697,-0.049907445123729,0.0,467,0.3573982575051852,0.0001515567907697,0.049907445123729,SHAP_content
-0.4468210957125551,0.0003945220751002,-0.005503339682184,0.0,0.0014216399650259,0.0081674748693962,0.0,4488,0.4527189574698395,0.0014216399650259,0.0081674748693962,SHAP_content
0.4821078278010932,-0.0011230235742806,0.0068757392980356,0.0,0.0006064169181068,-0.0234606758715632,0.0,903,0.4901065906734095,0.0006064169181068,0.0234606758715632,SHAP_content
0.4190614649422483,-0.1680780891527255,0.0143186483346072,0.0,-0.009177225789761,0.0476851947903372,0.0,4469,0.6014582024295811,0.009177225789761,0.0476851947903372,SHAP_content
-0.0476041788019374,0.5471936170340125,0.0028527291895377,0.0,0.0005151496376999,-0.0148256224079642,0.0,71,0.5976505250254877,0.0005151496376999,0.0148256224079642,SHAP_content
-0.5263139841879376,0.0815972715481789,-0.0047183676744008,0.0,0.0014134602852788,0.005680821508576,0.0,3217,0.6126296234105174,0.0014134602852788,0.005680821508576,SHAP_content
0.2931352737867437,0.2119253716566187,0.0045798138338562,0.0,0.0008536805216234,-0.0223624447451624,-4.0233135226164224e-10,1898,0.5096404592772187,0.0008536805216234,0.0223624451474937,SHAP_content
-0.4275699209947933,-0.0188248171752064,-0.0056211336180761,0.0,0.0012365664480017,0.0085033704320817,0.0,3995,0.4520158717880759,0.0012365664480017,0.0085033704320817,SHAP_content
0.3527275368320138,0.1523654044940542,0.0045085525024173,0.0,0.0005390916583314,-0.0220088908354682,0.0,1207,0.5096014938284854,0.0005390916583314,0.0220088908354682,SHAP_content
-0.1914147605290906,-0.176423869870953,-0.0141045315056108,0.0,0.0055170013767979,0.0247907642039664,0.0,2077,0.3819431619056544,0.0055170013767979,0.0247907642039664,SHAP_content
0.0435868455365281,0.4579660263465784,0.0031205629549193,0.0,9.44143996251326e-06,-0.0165511816266401,0.0,1590,0.504673434838026,9.44143996251326e-06,0.0165511816266401,SHAP_content
0.2606707620460906,0.2452864213363573,0.0051344623810416,0.0,-0.0001959028509549,-0.0227640482611863,0.0,2844,0.5110916457634896,0.0001959028509549,0.0227640482611863,SHAP_content
-0.4147632085125509,-0.0327153933519338,-0.0056696047619788,0.0,0.002388000933628,0.0085841337469312,0.0,2205,0.4531482066264635,0.002388000933628,0.0085841337469312,SHAP_content
-0.5615573968215218,0.1180904969086623,-0.0046516209985946,0.0,-0.0002863106882808,0.0060641857693126,0.0,2980,0.6842995147287788,0.0002863106882808,0.0060641857693126,SHAP_content
0.5158895075865217,-0.0153402521240849,0.0024610090118074,0.0,0.0007954386361052,-0.0156740087371563,2.7815499903383056e-10,658,0.5336907687224142,0.0007954386361052,0.0156740090153113,SHAP_content
0.2045213705129417,0.3005244294475819,0.0050010164293262,0.0,0.000215421901087,-0.0221305436395885,0.0,63,0.5100468163898499,0.000215421901087,0.0221305436395885,SHAP_content
0.5275872673759556,-0.0276994039147257,0.0022119917140042,0.0,0.0007182383101698,-0.0146863988340556,0.0,1838,0.5574986630046855,0.0007182383101698,0.0146863988340556,SHAP_content
-0.1453332687892266,0.1303531619805202,0.0158599234156839,0.0,-0.002775547763064,-0.0629755575242455,0.0,4000,0.2915463541854308,0.002775547763064,0.0629755575242455,SHAP_content
-0.2999938233228033,-0.1169566237557364,-0.0104904962526876,0.0,0.002746884472529,0.0175505481362822,0.0,3036,0.4274409433312274,0.002746884472529,0.0175505481362822,SHAP_content
0.3149913621092216,-0.1946168030277911,0.0165358684019448,0.0,-0.0038772497754242,-0.0630089330649953,0.0,454,0.5261440335389576,0.0038772497754242,0.0630089330649953,SHAP_content
-0.4424162856910433,0.0600147101423651,0.0047210831022417,0.0,0.0001792539585777,-0.0244623901849972,0.0,402,0.5071520789356503,0.0001792539585777,0.0244623901849972,SHAP_content
0.3521788581359157,0.1483011641006555,0.0077189439209767,0.0,-0.0018358949524383,-0.0234516109478351,0.0,1472,0.5081989661575481,0.0018358949524383,0.0234516109478351,SHAP_content
0.5100912733698795,-0.0096262093701009,0.0041483700864451,0.0,0.0001327711410779,-0.0166145105759534,0.0,677,0.5238658528264256,0.0001327711410779,0.0166145105759534,SHAP_content
0.2529475773090336,-0.3070992537793834,-0.0248857352764655,0.0,0.0021826053147793,0.0507115164852242,0.0,3356,0.5849325663648826,0.0021826053147793,0.0507115164852242,SHAP_content
0.1584559810236628,0.3462479815623588,0.0049309376053539,0.0,0.0004976892322155,-0.0220008947722432,0.0,1616,0.5096349001913757,0.0004976892322155,0.0220008947722432,SHAP_content
0.5262220657037942,-0.0254358189949077,0.0028318732230281,0.0,2.972732889312477e-05,-0.0155161526094593,0.0,1251,0.55448975792173,2.972732889312477e-05,0.0155161526094593,SHAP_content
0.1745285992327082,0.0782414682454491,0.0165416854933601,0.0,-0.0011756746536253,-0.0587996259129397,-6.317470505057264e-11,1983,0.2693117529715175,0.0011756746536253,0.0587996259761144,SHAP_content
-0.3493908243736808,-0.0936602804615348,-0.007143660789375,0.0,0.0013891438409489,0.0112458654889565,0.0,3425,0.4501947656245907,0.0013891438409489,0.0112458654889565,SHAP_content
-0.4098561036340801,-0.0362553271076521,-0.0058347652773505,0.0,0.0016930997426376,0.0086439631643402,0.0,3843,0.4519461960190828,0.0016930997426376,0.0086439631643402,SHAP_content
0.5151550620947289,-0.0205101160111371,0.0057597052917451,0.0,0.0006692403460273,-0.0182029626225369,0.0,1033,0.5414248833976113,0.0006692403460273,0.0182029626225369,SHAP_content
0.2514179887096592,0.2541656239694253,0.0049492744842215,0.0,-0.0003257721370409,-0.0220754203749167,0.0,174,0.5105328871633061,0.0003257721370409,0.0220754203749167,SHAP_content
-0.0070782732942083,0.509207067687531,0.0037983661299142,0.0,0.0006586366730645,-0.0184541025449531,0.0,939,0.5200837071116535,0.0006586366730645,0.0184541025449531,SHAP_content
-0.4652561682807022,0.0190506821905527,-0.0048569146799757,0.0,0.0019539052942764,0.0067677699207337,0.0,3102,0.4891637651512306,0.0019539052942764,0.0067677699207337,SHAP_content
-0.3806797885088375,-0.0673572887031985,-0.0065041474709937,0.0,0.0026852434670093,0.0102561070219139,0.0,2587,0.4545412246830299,0.0026852434670093,0.0102561070219139,SHAP_content
0.2825399866005724,0.223554545427646,0.0051579706843171,0.0,0.0003156510313616,-0.0234364595942212,5.016724258233296e-10,334,0.5112525027125355,0.0003156510313616,0.0234364600958936,SHAP_content
0.4604604757097932,0.0427888615882902,0.0032612587392625,0.0,-0.0002874899362487,-0.0180914114497491,0.0,873,0.506510596037346,0.0002874899362487,0.0180914114497491,SHAP_content
0.0730216321535492,0.4286408169548414,0.0035212918330897,0.0,0.0003561113165486,-0.0174081576066807,0.0,2853,0.5051837409414804,0.0003561113165486,0.0174081576066807,SHAP_content
0.3299217480417238,-0.0919370366555497,0.0157141276553908,0.0,-0.0040827368921034,-0.05719795139002,0.0,1486,0.4375729123526644,0.0040827368921034,0.05719795139002,SHAP_content
-0.4054343862553461,-0.0406410799411483,-0.0056843682848434,0.0,0.0012246908272243,0.0085636193076327,0.0,4293,0.4517598344813379,0.0012246908272243,0.0085636193076327,SHAP_content
0.3213135667677819,0.1844098944756569,0.0046084429299574,0.0,-0.0002791443954041,-0.021921065126644,0.0,296,0.5103319041733964,0.0002791443954041,0.021921065126644,SHAP_content
0.4175495951264765,0.0654896554572984,0.0039941628336134,0.0,-0.0018248156214633,0.0029230968554229,0.0,4561,0.4870334134173884,0.0018248156214633,0.0029230968554229,SHAP_content
0.1882296178127284,-0.3300708573238549,-0.0244318505264818,0.0,-0.008877814326822,0.0480701585250559,0.0,4501,0.5427323256630653,0.008877814326822,0.0480701585250559,SHAP_content
-0.3685608373581442,-0.0743057063941207,-0.0070705905861303,0.0,0.0006987035950248,0.0114289053757056,0.0,3845,0.4499371343383953,0.0006987035950248,0.0114289053757056,SHAP_content
0.2729859459033436,0.0916157102234034,0.0125365664431753,0.0,-0.0050529771205948,0.0363980140862061,0.0,4218,0.3771382225699224,0.0050529771205948,0.0363980140862061,SHAP_content
-0.4473901622690993,0.0026900784292358,-0.0053382721119743,0.0,-0.0002092966980262,0.0079265414265466,0.0,3760,0.4554185128103095,0.0002092966980262,0.0079265414265466,SHAP_content
0.5321328322569399,-0.0318574973729742,0.0022406183194272,0.0,0.0005052380272542,-0.0148894965792987,0.0,378,0.5662309479493414,0.0005052380272542,0.0148894965792987,SHAP_content
-0.3847358423030642,-0.0624016462205457,-0.0061765496001131,0.0,0.0025786219509699,0.0094430798849842,0.0,3110,0.453314038123723,0.0025786219509699,0.0094430798849842,SHAP_content
-0.4008241047479366,-0.0468257294867918,-0.0058065443120574,0.0,0.0025597432735858,0.0088616855892894,0.0,2770,0.453456378546786,0.0025597432735858,0.0088616855892894,SHAP_content
0.0915864091083392,-0.3263569308537659,-0.0213164225419362,0.0,0.0016706364585967,0.0402093516574746,0.0,3918,0.4392597625040415,0.0016706364585967,0.0402093516574746,SHAP_content
0.4655479787543878,0.0097232445123622,0.0073677966559792,0.0,0.0002929534559337,-0.0260059997480136,-1.0728836152829047e-09,4138,0.4826390199227293,0.0002929534559337,0.0260060008208972,SHAP_content
0.4322159986538579,-0.1887606344185992,-0.0226785711472233,0.0,-0.0046863375743518,0.0460442680072932,0.0,2210,0.6436552042196806,0.0046863375743518,0.0460442680072932,SHAP_content
0.1328183323967334,-0.1570977543671639,-0.0229276506536407,0.0,-0.0092051143558018,0.0455663099053758,0.0,2172,0.312843737417538,0.0092051143558018,0.0455663099053758,SHAP_content
-0.4246470757662509,-0.0219537974953984,-0.0056663338144818,0.0,0.0017845269272442,0.0085231067956183,0.0,2599,0.4522672070761312,0.0017845269272442,0.0085231067956183,SHAP_content
-0.4292878308371416,-0.0168887236082562,-0.0056388845305999,0.0,0.000977212452192,0.0085428741112955,0.0,2052,0.4518154389759978,0.000977212452192,0.0085428741112955,SHAP_content
0.5273762970982319,-0.0278779709990343,0.0021709212533196,0.0,0.0009304446007935,-0.0144679978086018,5.066394873076694e-10,915,0.5574251893505858,0.0009304446007935,0.0144679983152413,SHAP_content
0.174125938723949,-0.2726732272145282,-0.0260787838834027,0.0,-0.0132725198482533,0.0502206889045282,0.0,4661,0.47287794982188,0.0132725198482533,0.0502206889045282,SHAP_content
-0.2938770127275945,0.1762088897087797,0.0147290011541534,0.0,-0.0074597521387949,0.0308506568029211,0.0,4498,0.4848149035905277,0.0074597521387949,0.0308506568029211,SHAP_content
-0.5827479994789778,0.1392886878124432,-0.0045351714219771,0.0,-9.98807480156054e-05,0.0057535655499751,0.0,2335,0.7265718587133981,9.98807480156054e-05,0.0057535655499751,SHAP_content
-0.4943821255984308,0.0503780464924177,-0.0046741301102404,0.0,0.0003624092507275,0.0059753706133444,0.0,3820,0.549434302201089,0.0003624092507275,0.0059753706133444,SHAP_content
0.5075421749061001,-0.0074178730773765,0.0023539743776634,0.0,0.0006290315220054,-0.0149756138121682,7.351239582342737e-10,956,0.5173140223611401,0.0006290315220054,0.0149756145472922,SHAP_content
0.4395264164051916,0.0256028261612784,0.0081681311907609,0.0,0.0006237692034778,-0.029801875639378,0.0,1887,0.473297373757231,0.0006237692034778,0.029801875639378,SHAP_content
0.5207870915612878,-0.0207953419065525,0.005099346876138,0.0,-0.0004650122271703,-0.0164943896523549,0.0,4695,0.5466817803439784,0.0004650122271703,0.0164943896523549,SHAP_content
-0.6226787795196687,0.1793297064576846,-0.0045435839559732,0.0,-0.0002187128754018,0.0057705739204146,0.0,3717,0.8065520699333265,0.0002187128754018,0.0057705739204146,SHAP_content
0.1630342699353334,0.3428059562598218,0.0045241176779877,0.0,-0.0011832190072017,-0.0210494302145929,0.0,4027,0.5103643438731431,0.0011832190072017,0.0210494302145929,SHAP_content
0.4545514155212592,-0.1521968788613292,0.0134489612673043,0.0,0.0004790041619859,0.0381746901893858,0.0,1182,0.6201972556498928,0.0004790041619859,0.0381746901893858,SHAP_content
-0.2444065390627954,-0.1528426128733382,-0.0118259564053732,0.0,0.0009866451814647,0.0205396925601832,0.0,4689,0.4090751083415069,0.0009866451814647,0.0205396925601832,SHAP_content
0.3171899104805071,0.1882800941842253,0.0047525098539144,0.0,0.0003021620209919,-0.0223929818882905,0.0,1423,0.510222514518647,0.0003021620209919,0.0223929818882905,SHAP_content
-0.4287304016156407,-0.01695714567679,-0.0058056659409985,0.0,0.0004417032407302,0.0089488820140617,0.0,4679,0.4514932132334294,0.0004417032407302,0.0089488820140617,SHAP_content
-0.5207621894475766,0.0755165783397809,-0.0047143879993226,0.0,0.0019648218125414,0.0056543809143236,0.0,2400,0.6009931557866801,0.0019648218125414,0.0056543809143236,SHAP_content
-0.3890885159754538,-0.0556612046965692,-0.0060926602934123,0.0,0.0013583656702289,0.0091196292630104,0.0,2892,0.4508423809654354,0.0013583656702289,0.0091196292630104,SHAP_content
-0.3931404739602004,-0.0543825828461812,-0.0061681420438821,0.0,0.0019208641331653,0.0094664095930657,0.0,3596,0.4536911988502639,0.0019208641331653,0.0094664095930657,SHAP_content
0.5089912750532996,-0.0452507439823895,0.0071732687888745,0.0,0.0002743621780098,-0.0265086110555746,0.0,1722,0.5614152878245636,0.0002743621780098,0.0265086110555746,SHAP_content
0.5124191007111307,-0.0331285415349066,0.0064602503123434,0.0,0.0010703169435641,-0.0222549694222295,-2.880891289414045e-10,1667,0.5520078925583809,0.0010703169435641,0.0222549697103186,SHAP_content
-0.405681621725498,-0.04120176021198,-0.0057065497889893,0.0,0.0023000046484235,0.008579777247976,0.0,2884,0.4525899317264674,0.0023000046484235,0.008579777247976,SHAP_content
-0.4358365720085864,-0.0109701600630772,-0.0054221525833488,0.0,0.0020962967726151,0.0079614065005072,0.0,2994,0.4522288846550125,0.0020962967726151,0.0079614065005072,SHAP_content
0.4680707631564745,0.0342088984517278,0.0032005869009669,0.0,0.0006987779431764,-0.0180473318009975,0.0,886,0.5054802485091693,0.0006987779431764,0.0180473318009975,SHAP_content
-0.4421462627693606,-0.0005750272475919,-0.0052127657322525,0.0,-0.0004028620998097,0.0069867464293623,0.0,4056,0.4479340557492051,0.0004028620998097,0.0069867464293623,SHAP_content
-0.4596846365836147,0.0145291757709267,-0.0052150761282962,0.0,0.0005659851137674,0.0075035001425554,0.0,4494,0.4794288884828377,0.0005659851137674,0.0075035001425554,SHAP_content
0.3718462430730647,0.1323489228562363,0.0040809383476529,0.0,0.0003559756532801,-0.0205003852788857,0.0,333,0.5082761042769539,0.0003559756532801,0.0205003852788857,SHAP_content
0.291619012167889,0.2141253888518013,0.0050455751801226,0.0,0.0006738388842224,-0.0233321204326871,0.0,153,0.5107899761998129,0.0006738388842224,0.0233321204326871,SHAP_content
0.5306740778411712,-0.0692384180562112,0.007149611414319,0.0,0.00071971531112,-0.0262621790737113,0.0,721,0.6070621073117014,0.00071971531112,0.0262621790737113,SHAP_content
0.4044528339369051,0.0936766297509421,0.0073426480219099,0.0,0.0006932991202778,-0.0232810072965933,3.874301990336448e-10,373,0.5054721117097571,0.0006932991202778,0.0232810076840235,SHAP_content
0.1089526023473247,0.3956929020225697,0.004596347964143,0.0,9.017844725441732e-05,-0.0212003361299435,0.0,312,0.5092418523340375,9.017844725441732e-05,0.0212003361299435,SHAP_content
0.373576071635437,0.1309621746170733,0.0042334136126931,0.0,0.0006222245059345,-0.0212621897197896,0.0,1849,0.5087716598652035,0.0006222245059345,0.0212621897197896,SHAP_content
0.532405544035216,-0.0680208162415199,0.0070472056600627,0.0,-0.0004047401662801,-0.0258190087107465,0.0,1622,0.6074735659367986,0.0004047401662801,0.0258190087107465,SHAP_content
-0.1045560279003154,0.6031946747729399,0.0022511272088704,0.0,0.0006984127062423,-0.0134564921363887,0.0,42,0.7100018298821258,0.0006984127062423,0.0134564921363887,SHAP_content
-0.3443445971227996,-0.0914032372143866,-0.0075774838062642,0.0,0.0014141104252235,0.0115239782152337,0.0,2693,0.4433253181434505,0.0014141104252235,0.0115239782152337,SHAP_content
-0.0711606549075417,0.5709676154706163,0.002882543251584,0.0,0.0011658978394969,-0.015723707224307,2.2149956001304982e-10,417,0.6450108136297419,0.0011658978394969,0.0157237074458066,SHAP_content
-0.3071769270106619,-0.1295143055242397,-0.0076783796136345,0.0,-0.000833820130887,0.01227547563046,0.0,4602,0.4443696121485361,0.000833820130887,0.01227547563046,SHAP_content
0.1166303673068239,-0.3172159619265638,-0.022155276557741,0.0,-0.0066297623068481,0.0421985104462584,0.0,4522,0.4560016057911289,0.0066297623068481,0.0421985104462584,SHAP_content
0.1667562759755533,0.3387530938109968,0.0050205877452128,0.0,0.0003156615145208,-0.0227139243949354,0.0,704,0.5105299575317629,0.0003156615145208,0.0227139243949354,SHAP_content
0.5154043988451117,-0.0256679649115923,0.0059953870318239,0.0,2.721934908697654e-05,-0.0196060894683219,-4.6317776003501615e-10,732,0.5470677507885279,2.721934908697654e-05,0.0196060899314997,SHAP_content
0.5384460948887431,-0.0614619094569309,0.0064570781724309,0.0,-0.0006526344011649,-0.0222219965977809,0.0,944,0.606365082518105,0.0006526344011649,0.0222219965977809,SHAP_content
-0.39616647719365,-0.0478976308902981,-0.0059025978168145,0.0,-0.0002707568966759,0.0088661839993704,0.0,3614,0.4499667059007628,0.0002707568966759,0.0088661839993704,SHAP_content
0.5490455522749762,-0.0534775664651322,0.0054763361576234,0.0,0.0007626350436099,-0.0169234770814088,0.0,1806,0.6079994548977319,0.0007626350436099,0.0169234770814088,SHAP_content
0.4009135188895855,0.1015868522127997,0.0036304330960932,0.0,0.0008708649126303,-0.0188699744597605,0.0,1018,0.5061308041984784,0.0008708649126303,0.0188699744597605,SHAP_content
0.5108136800327991,-0.010314750478209,0.0022980046035733,0.0,0.0001358038458092,-0.0148010433526243,0.0,907,0.5234264351145815,0.0001358038458092,0.0148010433526243,SHAP_content
0.4908330947489394,0.0096327472899849,0.0038982069525125,0.0,0.0011532992083879,-0.0173856542736664,7.251898456739345e-10,1693,0.5043640489914369,0.0011532992083879,0.0173856549988562,SHAP_content
-0.1475509739159741,-0.238643755867784,-0.0114961378605415,0.0,-0.0013781621182938,0.0186483898072943,0.0,2791,0.3976908676442996,0.0013781621182938,0.0186483898072943,SHAP_content
-0.3364383636040879,-0.0961465141277661,-0.0081643470662868,0.0,0.0009635556942967,0.0129719205943602,0.0,4368,0.4407492247981409,0.0009635556942967,0.0129719205943602,SHAP_content
0.1167601021535419,0.3873831040183527,0.0044047910858053,0.0,5.79261812509637e-05,-0.0204742287876028,0.0,519,0.5085479972577,5.79261812509637e-05,0.0204742287876028,SHAP_content
0.2685418145040865,0.2373988320723784,0.005239896454521,0.0,0.0003586384669266,-0.0234074868465643,0.0,814,0.511180543030986,0.0003586384669266,0.0234074868465643,SHAP_content
0.2905613821132171,0.2143910069268795,0.0048103398439635,0.0,0.0005787533995195,-0.0222097876322315,0.0,818,0.5097627288840602,0.0005787533995195,0.0222097876322315,SHAP_content
0.2697723288001522,0.235334501825502,0.0049006677963057,0.0,0.0003668739331963,-0.0222426777038082,0.0,3449,0.5100074984219601,0.0003668739331963,0.0222426777038082,SHAP_content
0.1391014769601595,0.3655370649019995,0.004945441793161,0.0,0.0003288808130276,-0.0217811698169993,0.0,1522,0.5095839836553201,0.0003288808130276,0.0217811698169993,SHAP_content
0.5255654780804921,-0.0261785433029935,0.0021604004687705,0.0,0.0009739038853861,-0.0143895444803072,0.0,1638,0.5539044218522563,0.0009739038853861,0.0143895444803072,SHAP_content
0.4241085339137826,-0.2138415689955828,-0.023065952160706,0.0,-0.0037709987921045,0.0516282267827608,0.0,3557,0.6610160550700716,0.0037709987921045,0.0516282267827608,SHAP_content
-0.046527837497785,-0.2666614863425971,-0.0161019746800884,0.0,-0.0032382209012995,0.0280287534789407,0.0,4428,0.3292912985204706,0.0032382209012995,0.0280287534789407,SHAP_content
-0.4048679406685057,0.010259450537702,-0.0073152615358946,0.0,3.687178908157434e-05,-0.0208499882290041,0.0,1700,0.4224426527421024,3.687178908157434e-05,0.0208499882290041,SHAP_content
-0.4161663850547858,-0.0296996801154121,-0.0057070336235015,0.0,0.0006543221593665,0.0087046860054572,0.0,3526,0.4515730987936995,0.0006543221593665,0.0087046860054572,SHAP_content
-0.3972529305997511,-0.0478590480417203,-0.0059115121784452,0.0,1.8064486399761107e-06,0.0089826739754214,0.0,3734,0.4510234908199166,1.8064486399761107e-06,0.0089826739754214,SHAP_content
-0.41179554599761,-0.0333362604163333,-0.0057786722501453,0.0,0.0007554703020506,0.0084405389414535,0.0,3046,0.4509104786640887,0.0007554703020506,0.0084405389414535,SHAP_content
0.5033479267660104,-0.0039892390270462,0.0056097473511056,0.0,0.0007034151860769,-0.0175401556247983,0.0,1883,0.5129469131441623,0.0007034151860769,0.0175401556247983,SHAP_content
-0.041542827729668,0.4980912391275957,0.0072407569780139,0.0,-0.000278077739662,-0.0255382542841871,0.0,2592,0.5468748238352777,0.000278077739662,0.0255382542841871,SHAP_content
0.5182015867953041,-0.0176194984653339,0.0023986694043421,0.0,0.0005514136160076,-0.0154004766989719,0.0,379,0.5382197546649803,0.0005514136160076,0.0154004766989719,SHAP_content
-0.1760035823607104,-0.0939871187099603,-0.0154958635108002,0.0,-0.0073452563744226,0.0262164228833952,0.0,3775,0.2854865645814709,0.0073452563744226,0.0262164228833952,SHAP_content
-0.4054480444630349,-0.0407827596696842,-0.0056685347386652,0.0,0.0013070895813043,0.0085429121275832,0.0,4003,0.4518993388713844,0.0013070895813043,0.0085429121275832,SHAP_content
-0.2399063253155085,-0.1824667906363081,-0.0090640773818983,0.0,-7.228822186869897e-05,0.0145020298342558,0.0,2251,0.4314371933337149,7.228822186869897e-05,0.0145020298342558,SHAP_content
-0.4970296902272338,0.0522638535313957,-0.004645384031087,0.0,0.0011849548103839,0.00588551694004,0.0,2148,0.5539389277897165,0.0011849548103839,0.00588551694004,SHAP_content
0.5125498054496653,-0.0964797245507156,0.0099657508953126,0.0,-0.0012351373937188,-0.0365283566293835,0.0,3726,0.6189952808956937,0.0012351373937188,0.0365283566293835,SHAP_content
-0.3798350636249234,-0.0664621931319268,-0.0064156201447479,0.0,0.0019954196825655,0.0098974892545079,0.0,2144,0.4527128769015981,0.0019954196825655,0.0098974892545079,SHAP_content
-0.1659743745222165,-0.0378310353242872,-0.0175419530625416,0.0,0.000979751395857,0.030957781992707,0.0,2566,0.2213473629090455,0.000979751395857,0.030957781992707,SHAP_content
0.2388920689667252,0.2671970860719327,0.0053772199447257,0.0,0.0003395901081263,-0.0236742704401617,0.0,1803,0.5114663749833837,0.0003395901081263,0.0236742704401617,SHAP_content
-0.4451433042953777,-0.0015024800566442,-0.0054005811283005,0.0,0.0016941739737903,0.0080114099531422,0.0,3621,0.4520463654803224,0.0016941739737903,0.0080114099531422,SHAP_content
0.0802532586994152,0.4249146325480539,0.0055799475246745,0.0,0.0012690788772852,-0.0238852231806197,1.8253922158539823e-10,3967,0.5107478387721438,0.0012690788772852,0.0238852233631589,SHAP_content
0.5074738992133929,-0.0809508897869273,0.0093580632511727,0.0,0.0014794252693346,-0.0346844593472607,0.0,1594,0.597782852251493,0.0014794252693346,0.0346844593472607,SHAP_content
0.2741523691160189,-0.2462432206665041,-0.0246958318362012,0.0,-0.011805563365716,0.0515399788202088,0.0,4328,0.5450914216187244,0.011805563365716,0.0515399788202088,SHAP_content
0.2808623518566689,0.225121045665663,0.0048852012282685,0.0,-0.0007265112395014,-0.0220103928597508,0.0,1706,0.5108685987506004,0.0007265112395014,0.0220103928597508,SHAP_content
0.4116933793369625,-0.2218403824820767,-0.0234912079672018,0.0,-0.0017216025924137,0.0522927588138416,0.0,4617,0.6570249697862411,0.0017216025924137,0.0522927588138416,SHAP_content
-0.4787434254537948,0.0327438933985501,-0.0049186361702786,0.0,0.0016959652401825,0.0068814048675364,0.0,3790,0.5164059550226237,0.0016959652401825,0.0068814048675364,SHAP_content
0.3552950736347747,0.1491727782752465,0.0043363557432678,0.0,0.0005856380958166,-0.0212581507997339,-2.9802322762395583e-10,1820,0.5088042076532892,0.0005856380958166,0.0212581510977571,SHAP_content
-0.4338609589587546,0.0407344751972836,-0.0080735427467467,0.0,-0.0027833286011889,0.011265826176818,0.0,2562,0.482668976902785,0.0027833286011889,0.011265826176818,SHAP_content
-0.0867012424166981,-0.2685743262727489,-0.0143754969645912,0.0,0.0020118140701078,0.0246909267612488,0.0,2559,0.3696510656540383,0.0020118140701078,0.0246909267612488,SHAP_content
-0.3911072317502144,-0.0553078451073767,-0.0062586388013742,0.0,0.0008094258916677,0.0096429125288055,0.0,4208,0.4526737156589655,0.0008094258916677,0.0096429125288055,SHAP_content
0.1940231357743785,0.3118902650750016,0.005069350355232,0.0,0.0003064968586326,-0.0231575534118967,0.0,1582,0.5109827512046122,0.0003064968586326,0.0231575534118967,SHAP_content
-0.4389612543349003,0.0451270060297888,-0.0081011125859672,0.0,0.0018764232474278,0.011216567438231,0.0,2547,0.4921893729506563,0.0018764232474278,0.011216567438231,SHAP_content
0.2171693784193365,0.2886408393857176,0.0054287076700778,0.0,0.0004347959678709,-0.0235420267916546,0.0,319,0.5112389254751321,0.0004347959678709,0.0235420267916546,SHAP_content
-0.4122328361021831,-0.0336149263609167,-0.0057851861888108,0.0,0.0014102856174579,0.0085173943242062,0.0,4321,0.4516329486519108,0.0014102856174579,0.0085173943242062,SHAP_content
-0.4142918695135477,-0.0315855681669961,-0.0056378681903155,0.0,0.0006849512765716,0.0085167015185633,0.0,3364,0.4515153058708594,0.0006849512765716,0.0085167015185633,SHAP_content
0.3729240738976341,0.1314027552436413,0.0040921077960737,0.0,0.0001237853069475,-0.0204110271657817,-4.2716661804997886e-10,1763,0.5084189369373492,0.0001237853069475,0.0204110275929483,SHAP_content
0.2915686885924897,-0.1081438216241858,0.0164117481921355,0.0,-0.0010172129989218,0.0453776611421741,0.0,2843,0.4161242584088111,0.0010172129989218,0.0453776611421741,SHAP_content
-0.4178359683612394,-0.0292493692523934,-0.0055976663488904,0.0,0.0019298565377268,0.0084132030953395,0.0,4445,0.4526830039625233,0.0019298565377268,0.0084132030953395,SHAP_content
-0.4826688266173112,0.0379330490612462,-0.0047296849981323,0.0,0.0009033070413023,0.0062225119745385,0.0,2141,0.5253315606766898,0.0009033070413023,0.0062225119745385,SHAP_content
0.162140737627814,0.3440199985111817,0.0050630330331326,0.0,-0.0004947300314866,-0.0225973444892936,0.0,213,0.5112237691721285,0.0004947300314866,0.0225973444892936,SHAP_content
-0.3132408001329838,-0.1129622916736799,-0.009254773547252,0.0,0.0026567342675377,0.0147247110391967,0.0,3497,0.4354578653539158,0.0026567342675377,0.0147247110391967,SHAP_content
0.4962812241277218,0.0044880207323527,0.0027652858997226,0.0,0.0010763874070348,-0.016479223515484,0.0,803,0.5035345307597973,0.0010763874070348,0.016479223515484,SHAP_content
-0.4259734941819755,-0.0195693075002414,-0.0056466642110786,0.0,0.0004259170211846,0.0084827846563917,0.0,4132,0.4511894658932956,0.0004259170211846,0.0084827846563917,SHAP_content
-0.2657232852027119,-0.1421650478828481,-0.0079165157217066,0.0,-0.0003828340412476,-0.019675022107319,0.0,105,0.4158048488072666,0.0003828340412476,0.019675022107319,SHAP_content
-0.3438670589760168,-0.0918734716535456,-0.0074487807849072,0.0,5.094676902675077e-05,0.0119153485688611,0.0,3805,0.4431893114144698,5.094676902675077e-05,0.0119153485688611,SHAP_content
-0.3599349753168317,-0.0816757567111528,-0.0069456085888554,0.0,0.0021983677914064,0.0107681491092525,0.0,2806,0.4485563406168399,0.0021983677914064,0.0107681491092525,SHAP_content
0.1041086698852104,0.3991609108175596,0.004451933401391,0.0,0.0014265917752607,-0.0210164112280735,0.0,1465,0.5077215141041611,0.0014265917752607,0.0210164112280735,SHAP_content
-0.4133433519633696,-0.0336962916419819,-0.0056094751564808,0.0,0.0018351404744641,0.0084744804278941,0.0,2953,0.4526491187618324,0.0018351404744641,0.0084744804278941,SHAP_content
0.2599417058753879,0.2377856893832029,0.0018879645970694,0.0,0.0009546859700597,-0.0124383511743718,0.0,565,0.4996153598556602,0.0009546859700597,0.0124383511743718,SHAP_content
-0.4635889138406796,0.0186436799825129,-0.004799477432941,0.0,0.0009558438327419,0.0064582132136423,0.0,4686,0.4870320712561335,0.0009558438327419,0.0064582132136423,SHAP_content
-0.4495014843868407,0.0028361470390453,-0.0054535354797028,0.0,0.0016588131341412,0.0081192613309862,0.0,4345,0.4577911669055889,0.0016588131341412,0.0081192613309862,SHAP_content
-0.193707842634482,-0.2081171618162396,-0.0108888934464193,0.0,0.00294978224667,0.0176472972290898,0.0,2524,0.412713897897141,0.00294978224667,0.0176472972290898,SHAP_content
0.4470796607443683,-0.1705732161280336,0.0143878399172245,0.0,-3.185660835422835e-05,0.019630497576363,0.0,1474,0.6320407167896266,3.185660835422835e-05,0.019630497576363,SHAP_content
-0.3689799163330013,-0.0540845977175671,-0.0078275676963578,0.0,0.0019007062351851,0.0120459405606568,0.0,3236,0.4308920817469264,0.0019007062351851,0.0120459405606568,SHAP_content
-0.3919302382750467,-0.0563431188371181,-0.0062239210888695,0.0,0.0025703244923474,0.0095887715735884,0.0,2829,0.4544972782010344,0.0025703244923474,0.0095887715735884,SHAP_content
-0.4775432600647363,0.0323797162490982,-0.004738496185434,0.0,0.0012082523860771,0.0063545923148492,0.0,2502,0.5146614724992686,0.0012082523860771,0.0063545923148492,SHAP_content
0.5354072105127018,-0.0355384971220847,0.002328586193724,0.0,0.0009954616315209,-0.015061066564514,0.0,317,0.5732742938285107,0.0009954616315209,0.015061066564514,SHAP_content
0.2143695401265276,0.2921919700803274,0.0053862687128856,0.0,-0.0003869821287927,-0.0234291021395997,0.0,1200,0.5119477789197407,0.0003869821287927,0.0234291021395997,SHAP_content
-0.4210146268038826,-0.0255848069842,-0.0056000105472768,0.0,0.0014858717354052,0.0083745276499697,0.0,2278,0.4521994443353594,0.0014858717354052,0.0083745276499697,SHAP_content
0.5433086756161587,-0.0449822838911477,0.005225886846662,0.0,0.0007386150369054,-0.0161591989572303,0.0,652,0.5935168463539685,0.0007386150369054,0.0161591989572303,SHAP_content
0.221559565274711,0.2832997267048486,0.0049415805573212,0.0,0.0004113719432734,-0.0220805498288061,0.0,70,0.509800872536881,0.0004113719432734,0.0220805498288061,SHAP_content
-0.3682333128669665,-0.0738294114400276,-0.0065203206826712,0.0,0.0012515239081991,0.00977468355173,0.0,2658,0.4485830449896653,0.0012515239081991,0.00977468355173,SHAP_content
0.3651107950808793,0.1393653068163534,0.0042950304853902,0.0,0.0003032956740578,-0.0209427334053323,0.0,1174,0.5087711323826231,0.0003032956740578,0.0209427334053323,SHAP_content
0.4090440494869623,0.0039693647526772,0.0111909701408454,0.0,0.0008893239128581,-0.0406970433394135,0.0,1088,0.424204384380485,0.0008893239128581,0.0406970433394135,SHAP_content
-0.0136703246268766,-0.1304306678219003,-0.0197544027712041,0.0,-0.0016730095029098,0.0363428996672077,0.0,4667,0.1638553952199811,0.0016730095029098,0.0363428996672077,SHAP_content
0.0990844597807066,0.4061278301438417,0.005121004988281,0.0,0.0003192394425368,-0.0225208397040177,0.0,410,0.5103332949128294,0.0003192394425368,0.0225208397040177,SHAP_content
-0.3738306417482989,-0.0052362472300907,-0.0096833084205864,0.0,-0.0002471916734305,0.01468916073534,0.0,4064,0.3887501973989761,0.0002471916734305,0.01468916073534,SHAP_content
-0.388624779981842,-0.0587441777486799,-0.0064219594803894,0.0,0.0016181879248727,0.0100873856503039,0.0,4601,0.4537909172109114,0.0016181879248727,0.0100873856503039,SHAP_content
-0.2169333598315098,-0.2024889661959615,-0.0092012217827917,0.0,-0.0014364611044571,0.0145653210847613,0.0,2386,0.4286235478102631,0.0014364611044571,0.0145653210847613,SHAP_content
-0.2465972577605794,0.054920586239627,0.0139355178081567,0.0,-0.0082341675417179,0.0304505832772298,0.0,2091,0.3154533618083632,0.0082341675417179,0.0304505832772298,SHAP_content
0.2433691753920523,0.2539358536131019,0.0017349696212945,0.0,0.0011604483181967,-0.0120687522932973,0.0,601,0.4990399986264487,0.0011604483181967,0.0120687522932973,SHAP_content
-0.3782815810105175,-0.0666353002178769,-0.0067345030584105,0.0,0.0021138103811078,0.0107084379803273,0.0,3013,0.4516513842868049,0.0021138103811078,0.0107084379803273,SHAP_content
-0.4486104399797698,0.0024362002175332,-0.0051375701479767,0.0,0.0017248531353216,0.0073268925639973,0.0,2219,0.4561842103452799,0.0017248531353216,0.0073268925639973,SHAP_content
-0.4890618364213751,0.0440123896626859,-0.004724770753563,0.0,0.0010786649692924,0.0063547540578164,0.0,2465,0.5377989968376241,0.0010786649692924,0.0063547540578164,SHAP_content
0.2270042094226166,0.2787171997964802,0.0048188945369759,0.0,3.875450529408283e-05,-0.0224473636100183,0.0,837,0.5105403037560727,3.875450529408283e-05,0.0224473636100183,SHAP_content
-0.380268031457628,-0.0657427886153861,-0.0063869359685926,0.0,0.0015538613541389,0.0098415578139344,0.0,3325,0.4523977560416068,0.0015538613541389,0.0098415578139344,SHAP_content
0.5499328459778479,-0.0528606659193459,0.005375482103004,0.0,0.0008535058889436,-0.0164335091008537,0.0,624,0.6081689940001979,0.0008535058889436,0.0164335091008537,SHAP_content
0.203391027020672,-0.2265458297866469,-0.0243615838107653,0.0,-0.0018603242110174,-0.0673938024123043,0.0,1627,0.4542984406180843,0.0018603242110174,0.0673938024123043,SHAP_content
0.517806940095688,-0.0428192492197759,0.0066248202498905,0.0,0.0001005123274044,-0.0233549217507726,0.0,806,0.5672510095653543,0.0001005123274044,0.0233549217507726,SHAP_content
-0.0405231077143952,-0.2917876061790155,-0.0160985994764293,0.0,0.0003194812094213,0.0285491528612852,0.0,3115,0.3484093133698401,0.0003194812094213,0.0285491528612852,SHAP_content
0.2260669384319049,0.2797211514862462,0.0050733034001065,0.0,-0.000444721156819,-0.0222849775100903,0.0,637,0.5108613933182576,0.000444721156819,0.0222849775100903,SHAP_content
0.5084570778479809,-0.008750698822171,0.0043616152195369,0.0,0.0008706753333659,-0.0168069749273645,0.0,423,0.5215693918896889,0.0008706753333659,0.0168069749273645,SHAP_content
0.2819101291487347,0.1896778610442713,0.0050636957236234,0.0,-0.0003192382586822,0.0117992469934012,0.0,1996,0.4766516859166294,0.0003192382586822,0.0117992469934012,SHAP_content
0.2093348672864595,-0.1651642474152909,-0.0236999395418291,0.0,-0.0084538796051464,0.0489971885820012,0.0,4472,0.3981990542435796,0.0084538796051464,0.0489971885820012,SHAP_content
-0.2839091904166628,-0.1402178689668886,-0.0090776883707245,0.0,0.0006272346258879,0.0148720202362248,0.0,2486,0.4332047477542761,0.0006272346258879,0.0148720202362248,SHAP_content
0.1924293394305328,0.3130055841207516,0.0049434455930038,0.0,2.83471778888926e-05,-0.0222750220508084,3.7997962068492264e-10,150,0.5103783691442884,2.83471778888926e-05,0.022275022430788,SHAP_content
-0.3805123101957857,-0.0642116205061261,-0.0064393968987046,0.0,0.0012088370327733,0.0098885203119892,0.0,3109,0.4511633276006165,0.0012088370327733,0.0098885203119892,SHAP_content
0.2931585252451916,0.1421165818665654,0.011260553982474,0.0,-0.0013921299892986,-0.0396996912204301,0.0,1580,0.4465356610942311,0.0013921299892986,0.0396996912204301,SHAP_content
0.4650622072604795,-0.0205983653719778,0.0088159478682411,0.0,-0.0009225375864747,-0.0330330998429863,0.0,626,0.4944765205006984,0.0009225375864747,0.0330330998429863,SHAP_content
-0.3336247017088136,-0.0094298857761662,-0.0115796182627673,0.0,-0.0014283955258638,0.0181218861759279,0.0,3002,0.3546342057477472,0.0014283955258638,0.0181218861759279,SHAP_content
-0.1598531296690968,-0.1900148972244771,-0.0126635734493999,0.0,-0.0022017737880492,0.0204798416982114,0.0,3796,0.3625316003429739,0.0022017737880492,0.0204798416982114,SHAP_content
0.5469369711478538,-0.0470178258319871,0.0030841752743795,0.0,0.0002803418952953,-0.0151519678341932,0.0,3481,0.5970389722542204,0.0002803418952953,0.0151519678341932,SHAP_content
-0.1394933015435893,0.6366368300593768,0.0015558369368567,0.0,-3.6466206676862446e-05,-0.010531204594619,0.0,143,0.7776859685398229,3.6466206676862446e-05,0.010531204594619,SHAP_content
-0.4358237972473353,-0.0092674986159686,-0.0052517795138907,0.0,0.0013721023255804,0.0071059367685994,0.0,2574,0.4503430753771947,0.0013721023255804,0.0071059367685994,SHAP_content
-0.3064730646742735,-0.1262515586246584,-0.008151388262088,0.0,0.0001614570197046,0.0130447091755355,0.0,4014,0.44087601156102,0.0001614570197046,0.0130447091755355,SHAP_content
0.3048840128392556,0.2017063778086888,0.0048138688708621,0.0,-0.000936452162575,-0.0223361127048831,0.0,1880,0.5114042595188065,0.000936452162575,0.0223361127048831,SHAP_content
-0.1962485387526698,-0.210898822024524,-0.0098903042604215,0.0,-0.0019947491166538,0.0157469556259721,0.0,3452,0.4170376650376154,0.0019947491166538,0.0157469556259721,SHAP_content
-0.3649426638042359,-0.0758991514905467,-0.0066025600493667,0.0,0.0006317404242253,0.0098802184428226,0.0,3605,0.4474443753441493,0.0006317404242253,0.0098802184428226,SHAP_content
-0.4697860273269948,0.0245724203294424,-0.0048163898743162,0.0,0.0011484452239077,0.0065413816496194,0.0,3342,0.4991748375307535,0.0011484452239077,0.0065413816496194,SHAP_content
-0.3974676656829889,-0.0497011497781706,-0.0060086395028147,0.0,0.0017487831271153,0.0092447927593308,0.0,4508,0.4531774549639743,0.0017487831271153,0.0092447927593308,SHAP_content
-0.4337560073691237,-0.0124527175738299,-0.0056222322419476,0.0,0.0012810671968813,0.0084463477271007,0.0,2171,0.4518309571849013,0.0012810671968813,0.0084463477271007,SHAP_content
-0.341941714302464,-0.0962093053649199,-0.0073702525213981,0.0,0.0010543662256646,0.0118137351084721,0.0,2780,0.4455212721887822,0.0010543662256646,0.0118137351084721,SHAP_content
0.0725781518488541,0.20214595819542,0.0156939915212427,0.0,-0.0012270503075282,-0.0541248830920837,0.0,2832,0.2904181015655169,0.0012270503075282,0.0541248830920837,SHAP_content
-0.4062895008897593,-0.0392385116408212,-0.0057687048720071,0.0,0.0003207130551093,0.0086398038699131,0.0,4681,0.4512967174025877,0.0003207130551093,0.0086398038699131,SHAP_content
-0.4062506105343316,-0.040954200913947,-0.0056497631324995,0.0,0.0023531791345576,0.0084985531371735,0.0,2230,0.4528545745807781,0.0023531791345576,0.0084985531371735,SHAP_content
0.0991942683225398,0.4070249657638006,0.0056040328060016,0.0,0.0003407817178191,-0.0240323536415423,-3.1727057266117686e-10,617,0.5118232668923421,0.0003407817178191,0.0240323539588129,SHAP_content
-0.0723595145266738,0.5717143543607123,0.0028422628133964,0.0,0.0011211551844874,-0.0151865631805738,0.0,1324,0.6469161317007827,0.0011211551844874,0.0151865631805738,SHAP_content
0.362755309611328,-0.1004654664237635,0.0150637696170912,0.0,-0.0025064845247569,-0.0548168278050341,0.0,690,0.4782845456521828,0.0025064845247569,0.0548168278050341,SHAP_content
-0.5501074234479735,0.1063416356979992,-0.0046410895797683,0.0,0.0013959698435764,0.0058892118458087,0.0,2288,0.661090148725741,0.0013959698435764,0.0058892118458087,SHAP_content
-0.3794788921744402,-0.0670461402314749,-0.0064003307261199,0.0,0.0016887814135548,0.009908897897299,0.0,3302,0.452925363132035,0.0016887814135548,0.009908897897299,SHAP_content
0.1602988750793467,0.344785195833879,0.0053056587122276,0.0,0.0008503300327484,-0.0231083650068535,0.0,1350,0.5103897296254535,0.0008503300327484,0.0231083650068535,SHAP_content
0.3250598753514618,-0.1154498230663494,0.0156632808749646,0.0,-0.0001332047689849,0.047680514653124,0.0,2729,0.456172979292776,0.0001332047689849,0.047680514653124,SHAP_content
0.3826067907328643,-0.1251664946250746,0.0149011180479391,0.0,0.0001472121894177,-0.0548672475888789,0.0,1187,0.522674403405878,0.0001472121894177,0.0548672475888789,SHAP_content
0.1950585911713064,-0.2059318218458556,-0.0240107256285845,0.0,-0.0108915278181474,0.0464246906172644,0.0,1191,0.4250011386457467,0.0108915278181474,0.0464246906172644,SHAP_content
0.0016718117096163,0.3739814675053856,0.0119765089582478,0.0,0.0013777181608857,-0.0412378955946835,0.0,145,0.3876297881732498,0.0013777181608857,0.0412378955946835,SHAP_content
-0.3310364565708983,-0.1082822755152116,-0.0074023929463,0.0,-0.0007631811183698,0.0117266636945885,0.0,3572,0.44672112503241,0.0007631811183698,0.0117266636945885,SHAP_content
-0.3335066128284857,-0.1051456741719537,-0.0075079615164819,0.0,0.0004875718005175,0.0116701516989464,0.0,4420,0.4461602485169215,0.0004875718005175,0.0116701516989464,SHAP_content
-0.5709344608202941,0.1503299290650966,0.0041350218507995,0.0,-5.466492070143399e-05,0.0083928325995304,0.0,3742,0.7253994117361902,5.466492070143399e-05,0.0083928325995304,SHAP_content
0.4957615060955124,0.0049456962277506,0.0025380988342266,0.0,0.0004767011648984,-0.01559030767104,0.0,1762,0.5032453011574897,0.0004767011648984,0.01559030767104,SHAP_content
0.2618004359853355,0.2445818749177851,0.0052052749289045,0.0,-0.000321715712303,-0.023134175468374,0.0,3800,0.5115875858320252,0.000321715712303,0.023134175468374,SHAP_content
0.2822267028543715,0.2238752669453181,0.0045803076654835,0.0,3.113851740541712e-06,-0.0225536966655655,0.0,1834,0.5106822774651733,3.113851740541712e-06,0.0225536966655655,SHAP_content
0.3223290920902801,-0.2906608544382966,-0.0251219433012108,0.0,-0.0106955352790198,0.0520670764983268,0.0,4603,0.6381118898297877,0.0106955352790198,0.0520670764983268,SHAP_content
0.48184377616448,-0.1036559653710781,0.0113758360778072,0.0,0.0006365924467309,-0.0412749541209378,0.0,1111,0.5968755776133654,0.0006365924467309,0.0412749541209378,SHAP_content
-0.460751457909558,0.0150680605862081,-0.0049891594990973,0.0,0.0012703190539349,0.0070626331159425,0.0,2127,0.4808086779948635,0.0012703190539349,0.0070626331159425,SHAP_content
-0.3943616832056008,-0.0515126393204709,-0.0062332064521002,0.0,0.0021567290503995,0.0091037985792895,0.0,2277,0.452107528978172,0.0021567290503995,0.0091037985792895,SHAP_content
0.5052362243577841,-0.0693513065191051,0.0088150301385277,0.0,-0.0005349207041313,-0.0329988434669114,0.0,3795,0.5834025610154171,0.0005349207041313,0.0329988434669114,SHAP_content
0.1079209210511327,0.3948584970518088,0.0042421698910484,0.0,0.0009508541343338,-0.0198407474769755,0.0,2499,0.5070215879939901,0.0009508541343338,0.0198407474769755,SHAP_content
0.5253057156527713,-0.1070759030916552,0.009849626069552,0.0,0.0003861824958168,-0.0362934110523157,0.0,1824,0.6422312448139785,0.0003861824958168,0.0362934110523157,SHAP_content
0.1263123126216052,0.2561484863429289,0.0119613109993929,0.0,-0.0036546909328063,0.0307542969443849,0.0,2788,0.3944221099639272,0.0036546909328063,0.0307542969443849,SHAP_content
-0.3928189054128563,-0.0521199128958577,-0.0063643163390467,0.0,0.0010287968941419,0.0092783195545077,0.0,4196,0.4513031346477609,0.0010287968941419,0.0092783195545077,SHAP_content
-0.0203143219501524,-0.0774314874413971,-0.0201467256233403,0.0,-0.004016856530068,0.0379200620645309,0.0,4386,0.1178925350148899,0.004016856530068,0.0379200620645309,SHAP_content
-0.3700947148473866,-0.0742764679627473,-0.0068523112744636,0.0,0.0004733113007675,0.0104478260947321,0.0,3827,0.4512234940845975,0.0004733113007675,0.0104478260947321,SHAP_content
-0.3711810452452061,-0.0717454230120165,-0.0064664906820265,0.0,0.0014815556777881,0.0097327933604925,0.0,2492,0.4493929589392492,0.0014815556777881,0.0097327933604925,SHAP_content
0.2282773474964043,0.2738616385754537,0.0032842967602259,0.0,0.0005194127579167,-0.0178110009386521,0.0,878,0.5054232828320839,0.0005194127579167,0.0178110009386521,SHAP_content
0.3538108245979406,0.1506760721494906,0.0043788247898873,0.0,0.0007902592633635,-0.021524286149334,0.0,1455,0.5088657215373186,0.0007902592633635,0.021524286149334,SHAP_content
-0.4580248390852651,0.0460061252708369,-0.0060484620823687,0.0,0.00088690323661,-0.0155338336991929,0.0,391,0.5100794264384709,0.00088690323661,0.0155338336991929,SHAP_content
0.1902133909790877,0.2884299792731354,0.0055857774918137,0.0,-0.0019779527571211,0.0058804996644325,0.0,4182,0.4842291477440369,0.0019779527571211,0.0058804996644325,SHAP_content
-0.3765524693117731,-0.0729181878781328,-0.0071821050917192,0.0,0.0028943605113113,0.0119116734264709,0.0,2283,0.4566527622816252,0.0028943605113113,0.0119116734264709,SHAP_content
-0.3699350521586478,-0.0728420722625962,-0.0064392028057458,0.0,0.0021132398869346,0.009590986355852,0.0,2714,0.4492163272269899,0.0021132398869346,0.009590986355852,SHAP_content
-0.4169875620477859,-0.0288415149989295,-0.0057292882018256,0.0,0.0005715143205664,0.0087076361783612,0.0,2958,0.4515583652485411,0.0005715143205664,0.0087076361783612,SHAP_content
0.0773256939379499,0.4290439219299814,0.0054496481108251,0.0,-0.0002908947250532,-0.0233966746023549,0.0,475,0.5118192639787565,0.0002908947250532,0.0233966746023549,SHAP_content
0.4348582079928921,0.0013259671678323,0.009738935510896,0.0,0.0005511442630722,-0.0360531291882212,0.0,1694,0.4459231106716204,0.0005511442630722,0.0360531291882212,SHAP_content
0.3741051408531496,0.1107584475417325,0.0082766457544634,0.0,-0.0025358430603609,-0.0263621784589687,0.0,1295,0.4931402341493456,0.0025358430603609,0.0263621784589687,SHAP_content
-0.4068816613464273,-0.0397282868276916,-0.0058270015387121,0.0,0.0021816323009192,0.0087873525458527,0.0,2092,0.4524369497128311,0.0021816323009192,0.0087873525458527,SHAP_content
-0.438529482199204,-0.008061189050721,-0.0056601744814113,0.0,0.0014571702627665,0.0086368269964158,-8.31884474500333e-13,3050,0.4522508457313364,0.0014571702627665,0.0086368269972477,SHAP_content
0.2525774315707189,0.2522480901927715,0.0049708941611973,0.0,0.0004599145011023,-0.0221246357744421,0.0,1137,0.5097964159246878,0.0004599145011023,0.0221246357744421,SHAP_content
-0.387162091733233,-0.0569441347474927,-0.006207433161961,0.0,0.0003824328658693,0.0094613405233688,0.0,2072,0.4503136596426869,0.0003824328658693,0.0094613405233688,SHAP_content
0.2261177430778759,0.2463786487331156,0.0055836982625785,0.0,-0.0002357437796865,0.0102873483574648,0.0,832,0.47808009007357,0.0002357437796865,0.0102873483574648,SHAP_content
0.3173404734828523,0.1881906926081664,0.0046856069840885,0.0,-0.0002139201848756,-0.0218711582388833,0.0,591,0.5102167730751074,0.0002139201848756,0.0218711582388833,SHAP_content
-0.3886467667795227,-0.0583552187084682,-0.0063495940367588,0.0,0.0011728814352495,0.0098761493256279,0.0,3592,0.4533515795247498,0.0011728814352495,0.0098761493256279,SHAP_content
0.290492628905827,0.2145502334003949,0.0048499198581836,0.0,0.0005178254717588,-0.0222789132207512,2.3593505274477344e-10,109,0.5098927821644056,0.0005178254717588,0.0222789134566862,SHAP_content
0.2286235082465866,-0.3149649755019388,-0.0246200236473232,0.0,-0.0012552991372017,0.0494169713817463,0.0,4318,0.5682085073958487,0.0012552991372017,0.0494169713817463,SHAP_content
0.4717722979434416,0.0292482166048887,0.0028626456064238,0.0,0.0006676194765341,-0.0164190849799402,0.0,1052,0.5038831601547542,0.0006676194765341,0.0164190849799402,SHAP_content
0.0244483660425597,0.4791671407593479,0.0044418594082909,0.0,0.0005129079924899,-0.0204385795513401,0.0,1311,0.5080573662101987,0.0005129079924899,0.0204385795513401,SHAP_content
0.28308892590938,0.2224365699695721,0.0046424770252204,0.0,0.0005059948900948,-0.0225422731429192,0.0,668,0.5101679729041727,0.0005059948900948,0.0225422731429192,SHAP_content
0.2109551447508324,0.2933092394371845,0.0066929443026314,0.0,-0.0005355427526813,-0.0222900910866189,0.0,253,0.5109573284906485,0.0005355427526813,0.0222900910866189,SHAP_content
-0.4212580569599367,-0.0262207934445388,-0.0055802432165313,0.0,0.0023834188929198,0.0083379025679616,0.0,2690,0.4530590936210069,0.0023834188929198,0.0083379025679616,SHAP_content
0.4926287560951314,0.007401659547159,0.0025419264269232,0.0,0.0011101948499556,-0.015550842446635,1.7881393588048408e-10,843,0.5025723420692138,0.0011101948499556,0.015550842625449,SHAP_content
-0.0991018057822452,-0.0576458574994479,-0.0187946545354983,0.0,-0.00257960822736,0.0339949670551525,0.0,4159,0.1755423178171916,0.00257960822736,0.0339949670551525,SHAP_content
0.2817481001064271,-0.2973838079619476,-0.0259450209314624,0.0,0.0025986162075798,0.0539193272884293,0.0,4509,0.6050769289998372,0.0025986162075798,0.0539193272884293,SHAP_content
-0.3913851932991548,-0.0547643085514886,-0.0060548883071277,0.0,0.0009754402547784,0.0093027188874256,0.0,3374,0.4522043901577712,0.0009754402547784,0.0093027188874256,SHAP_content
-0.4440152139244634,-0.001817575844948,-0.0054295689286386,0.0,0.0008425427338475,0.0080790436589119,0.0,3394,0.4512623586980502,0.0008425427338475,0.0080790436589119,SHAP_content
-0.035687707538057,0.5379022403154626,0.0033740627747976,0.0,-0.0005492376427769,-0.0169076632580782,0.0,884,0.5769640106283174,0.0005492376427769,0.0169076632580782,SHAP_content
-0.5150002208719963,0.0711466603850158,-0.004760213692711,0.0,0.0005404965338422,0.0057324977748145,0.0,4547,0.5909070949497232,0.0005404965338422,0.0057324977748145,SHAP_content
0.4353470263406109,-0.1584020144472662,0.0144700452200894,0.0,-0.0080509632227203,0.0335965316154315,0.0,3996,0.6082190860079666,0.0080509632227203,0.0335965316154315,SHAP_content
0.0817642391511014,0.4244783131250383,0.0056040832133685,0.0,0.0002626944170098,-0.0239776352551701,0.0,1879,0.5118466354895084,0.0002626944170098,0.0239776352551701,SHAP_content
0.5235901247542301,-0.0525951045205408,0.0067629809025615,0.0,0.000288753120422,-0.0241708712270697,-5.463759063240037e-10,1485,0.5829482101773324,0.000288753120422,0.0241708717734456,SHAP_content
-0.5164753345093178,0.0707379928325557,-0.0046819578064442,0.0,0.0024490729912375,0.0056294280596703,0.0,2417,0.5918952851483179,0.0024490729912375,0.0056294280596703,SHAP_content
-0.0137837075629949,-0.2703893283988978,-0.0189019999215378,0.0,0.0062931649991152,0.0346943396521797,0.0,2737,0.3030750358834306,0.0062931649991152,0.0346943396521797,SHAP_content
-0.4311362409832471,0.0114692855847502,-0.0068963579088643,0.0,0.001129468074379,0.0093887682435525,0.0,2267,0.4495018844768617,0.001129468074379,0.0093887682435525,SHAP_content
0.2963591618543054,0.2098084877399106,0.0049882425873361,0.0,-0.000126019031663,-0.022898178498541,0.0,4173,0.5111558921815521,0.000126019031663,0.022898178498541,SHAP_content
-0.4198585110804919,-0.0267235365047167,-0.0056116070098288,0.0,0.0014679262858711,0.0084011457373848,0.0,3368,0.4521936545950376,0.0014679262858711,0.0084011457373848,SHAP_content
-0.4237635042779306,-0.0229081507881956,-0.0059353470808195,0.0,0.0013334768853791,0.0092883827962582,0.0,2808,0.4526070021469458,0.0013334768853791,0.0092883827962582,SHAP_content
0.0552336160531933,0.1522783989365328,0.0168243347875944,0.0,-0.0008413669420737,-0.0604396703937562,3.029902776591209e-09,869,0.2243363497773206,0.0008413669420737,0.0604396734236589,SHAP_content
-0.4519353761738834,0.0067459974065918,-0.0050160511682698,0.0,0.0008418733839635,0.0070524613005738,0.0,2468,0.4636974247487451,0.0008418733839635,0.0070524613005738,SHAP_content
0.4362186730621445,-0.2023091181629843,-0.0230026936394472,0.0,-0.0107952954241795,0.0442402311259955,0.0,3893,0.6615304848645762,0.0107952954241795,0.0442402311259955,SHAP_content
0.4432845558055147,-0.1672662242067489,0.0141946220324303,0.0,-0.0009525213465758,-0.0521132275510273,0.0,450,0.6247454020446939,0.0009525213465758,0.0521132275510273,SHAP_content
0.5319235970236484,-0.0660915961796765,0.0069629313698593,0.0,0.0004540988277312,-0.0253330670573286,0.0,1979,0.6049781245731842,0.0004540988277312,0.0253330670573286,SHAP_content
-0.0627539531795461,0.5625871532414369,0.0027194460452349,0.0,0.0002337841647992,-0.0146547356205766,0.0,696,0.628060552466218,0.0002337841647992,0.0146547356205766,SHAP_content
0.4366227625267909,-0.2194497465772166,0.015562690173475,0.0,-9.242316776699248e-05,-0.0187523204969275,0.0,1741,0.6716351992774826,9.242316776699248e-05,0.0187523204969275,SHAP_content
-0.4272973002066125,-0.0186192059348723,-0.0055071460584433,0.0,0.0010617923784961,0.0081915369588848,0.0,3718,0.4514236521999282,0.0010617923784961,0.0081915369588848,SHAP_content
0.2248210523274981,0.2807955859796465,0.0053660389608112,0.0,0.0003591715667959,-0.0232101541834037,0.0,811,0.510982677267956,0.0003591715667959,0.0232101541834037,SHAP_content
-0.041097178073624,-0.2317087186362972,-0.0192342043314129,0.0,0.0002086037015541,0.0353967216065304,0.0,3284,0.2920401010413342,0.0002086037015541,0.0353967216065304,SHAP_content
-0.3774525946795046,-0.0692486938113157,-0.0065064785074687,0.0,0.0016700917926013,0.0101738919245303,0.0,2189,0.4532077669982891,0.0016700917926013,0.0101738919245303,SHAP_content
0.5135562703419647,-0.0681910957365586,0.0081409628999853,0.0,-6.29953244903371e-05,-0.0292678274199949,0.0,505,0.5898883289785086,6.29953244903371e-05,0.0292678274199949,SHAP_content
-0.3317566928597133,-0.0995052755275836,-0.0086391682227428,0.0,0.0029960430456652,0.0139721503908297,0.0,3303,0.4399011366100397,0.0029960430456652,0.0139721503908297,SHAP_content
0.1816891697052439,0.2443217153553235,0.0117412742012837,0.0,0.0011014013145058,-0.0407515228120636,0.0,405,0.4377521592618513,0.0011014013145058,0.0407515228120636,SHAP_content
0.2018723590865421,0.30452204644821,0.0050427801181046,0.0,-0.0002130861825352,-0.0230924048189733,0.0,3640,0.5114371856528568,0.0002130861825352,0.0230924048189733,SHAP_content
0.3099566810603797,-0.0380118347221116,0.0147384093596783,0.0,-0.0021045476816943,0.0419063224924871,0.0,183,0.3627069251421697,0.0021045476816943,0.0419063224924871,SHAP_content
-0.0415329391906707,0.5422773553447917,0.0031829330604928,0.0,0.0002584494829543,-0.0160541040462199,0.0,4608,0.5869932275959554,0.0002584494829543,0.0160541040462199,SHAP_content
0.1718443426644662,-0.0783186432461206,0.0174656793160646,0.0,-0.0013785663390812,-0.0667092473693014,0.0,1876,0.2676286652266514,0.0013785663390812,0.0667092473693014,SHAP_content
0.3183405433106251,0.1867586737383297,0.0046295565095556,0.0,0.0004473192124778,-0.0220443981196401,0.0,609,0.5097287735585107,0.0004473192124778,0.0220443981196401,SHAP_content
0.4116929606172627,-0.2192188594658874,-0.0235113608576357,0.0,-0.0037922798303468,0.0524008503912633,0.0,2674,0.6544231809407858,0.0037922798303468,0.0524008503912633,SHAP_content
0.3071541146723384,0.1986077369156936,0.0047083520797056,0.0,-0.0002442496026066,-0.0220942590785067,-3.3527614018424856e-10,2033,0.5104702036677377,0.0002442496026066,0.0220942594137828,SHAP_content
0.1592549572800873,0.1493756821357836,0.0145748941272127,0.0,-0.0035005379984787,0.037755197947075,0.0,3981,0.3232055335430837,0.0035005379984787,0.037755197947075,SHAP_content
0.0847435722687374,0.4191060362840289,0.0039426424732922,0.0,-0.0003163752025392,-0.0193441815130351,3.408640574659172e-10,1968,0.5077922510260586,0.0003163752025392,0.0193441818538992,SHAP_content
0.4396056483625556,0.0633816026316967,0.0034650834241535,0.0,0.0004271214486378,-0.0187477612156956,0.0,20,0.506452334418406,0.0004271214486378,0.0187477612156956,SHAP_content
-0.4019011548402965,-0.044313048840494,-0.0058924313370209,0.0,0.0009768120240931,0.0089595776928792,0.0,2218,0.4521066350178115,0.0009768120240931,0.0089595776928792,SHAP_content
0.1424791719497177,0.3358773695377298,0.0053166432761816,0.0,-0.0022459155553066,0.006704425443026,0.0,2224,0.4836731847636292,0.0022459155553066,0.006704425443026,SHAP_content
0.4578612393186058,-0.0352841790671576,0.0101425354608498,0.0,0.0002886985333416,-0.0373056414567794,0.0,327,0.5032879538466132,0.0002886985333416,0.0373056414567794,SHAP_content
0.2282855585101544,0.2447512424029933,0.0053995622519029,0.0,-0.0007579823500949,0.0104533138363923,0.0,3270,0.4784363631650506,0.0007579823500949,0.0104533138363923,SHAP_content
0.3105813636451358,-0.2994148031139912,-0.0251582646034657,0.0,0.0003947168370881,0.0523144286517181,0.0,2518,0.6351544313625929,0.0003947168370881,0.0523144286517181,SHAP_content
0.2170304193100077,0.28897558701173,0.0054315034789359,0.0,0.0002438140446665,-0.023549629193992,0.0,1874,0.5114375098006737,0.0002438140446665,0.023549629193992,SHAP_content
-0.1967141320374141,-0.2122997505432471,-0.0102390449529823,0.0,0.001987375149787,0.0163707318493718,0.0,4362,0.4192529275336437,0.001987375149787,0.0163707318493718,SHAP_content
0.4537052458236854,0.0480121310978138,0.0030335534126773,0.0,0.0004328295629272,-0.0170520652457555,0.0,1756,0.5047509303341767,0.0004328295629272,0.0170520652457555,SHAP_content
-0.2174791403424752,-0.1310534098743005,-0.0124734100068453,0.0,1.4398877395370435e-05,0.0202971191105004,0.0,2178,0.3610059602236211,1.4398877395370435e-05,0.0202971191105004,SHAP_content
-0.3459352977190761,-0.0913852171714559,-0.0073996786653733,0.0,0.0008635464372231,0.0110935662303938,0.0,3410,0.4447201935559055,0.0008635464372231,0.0110935662303938,SHAP_content
-0.4964321452040376,0.0524750956080684,-0.0048810186879696,0.0,0.000473713000622,0.0060323491065515,0.0,4605,0.5537882595000757,0.000473713000622,0.0060323491065515,SHAP_content
0.4874051865099872,-0.1037808834370467,0.0112094308048051,0.0,-0.0020654272052272,-0.0405496860377414,0.0,489,0.6023955007518391,0.0020654272052272,0.0405496860377414,SHAP_content
0.5287576188635077,-0.0290215912624662,0.0022106010659929,0.0,0.0008384886838185,-0.0146534226995048,0.0,606,0.5599898111919669,0.0008384886838185,0.0146534226995048,SHAP_content
0.2372453594104816,0.2688177400856115,0.0053659212487398,0.0,0.0003585847259285,-0.0236559113161188,4.967053608695424e-10,3212,0.511429020744833,0.0003585847259285,0.0236559118128242,SHAP_content
0.04251442848285,0.3312151825241441,0.0114753150543304,0.0,0.0048164846173278,0.0302329913396391,0.0,2464,0.3852049260613246,0.0048164846173278,0.0302329913396391,SHAP_content
0.5452226690647521,-0.0797195588650466,0.0069575089410385,0.0,0.0015568123755284,-0.025262293738246,0.0,1738,0.6318997368708373,0.0015568123755284,0.025262293738246,SHAP_content
0.2244767792059033,0.2816607474581343,0.0054105000981098,0.0,0.0001763572030404,-0.0235926893138399,0.0,152,0.5115480267621475,0.0001763572030404,0.0235926893138399,SHAP_content
0.4147944423710769,-0.0590691430620451,0.012707603274611,0.0,-0.003969218980567,-0.0446184317083806,0.0,889,0.4865711887077331,0.003969218980567,0.0446184317083806,SHAP_content
-0.5444865883004388,0.1011027699028294,-0.0046454304667776,0.0,-7.218965233037195e-05,0.0057606399975154,0.0,4648,0.6502347886700458,7.218965233037195e-05,0.0057606399975154,SHAP_content
-0.2582254121814097,-0.1282628060308105,-0.0105593961571188,0.0,0.0006407780462256,0.0170024406600732,0.0,3082,0.3970476143693391,0.0006407780462256,0.0170024406600732,SHAP_content
0.2563991133048132,0.2487157189369062,0.0046495543291149,0.0,0.0007937328145205,-0.0224264247340067,0.0,269,0.5097643865708343,0.0007937328145205,0.0224264247340067,SHAP_content
0.2841576578805859,0.2208699972906186,0.0050130798225213,0.0,0.0007706845402628,-0.0226797248826404,0.0,96,0.5100407349937259,0.0007706845402628,0.0226797248826404,SHAP_content
-0.3860101338653448,-0.0617780449822935,-0.0064809148812783,0.0,0.0017801871117003,0.0102415153491523,0.0,3824,0.4542690937289167,0.0017801871117003,0.0102415153491523,SHAP_content
-0.3361512002987277,-0.1019234483592876,-0.0098984383787956,0.0,0.0032261727090484,0.0182180806769178,0.0,3885,0.447973087036811,0.0032261727090484,0.0182180806769178,SHAP_content
0.4746456921319385,-0.096815442652548,0.0114620491684449,0.0,-0.0001312895511692,-0.0415361184347287,0.0,1799,0.5829231839529315,0.0001312895511692,0.0415361184347287,SHAP_content
0.5269444710036366,-0.026308839870858,0.0022611241221116,0.0,0.0001574559665921,-0.0149225165701341,0.0,1572,0.5555144349966062,0.0001574559665921,0.0149225165701341,SHAP_content
0.1859082407606748,0.3200390537860145,0.0050830609162994,0.0,0.0001448725519786,-0.0230435333636189,0.0,1067,0.5110303554629888,0.0001448725519786,0.0230435333636189,SHAP_content
-0.3499180349846471,-0.0882778541700302,-0.0073326795863516,0.0,0.0023192998012743,0.0113308839613834,0.0,2760,0.445528568741029,0.0023192998012743,0.0113308839613834,SHAP_content
0.2939477930907059,0.2112419181621221,0.0047976260925028,0.0,0.0003802890850852,-0.0222359317790679,0.0,715,0.5099873373453309,0.0003802890850852,0.0222359317790679,SHAP_content
-0.4984611199518386,0.0765692639775685,-0.0065600202154864,0.0,0.0007311556779454,0.0093983642497059,0.0,4059,0.5815904041448937,0.0007311556779454,0.0093983642497059,SHAP_content
0.1551244602862337,0.3499704443593788,0.0048581037195215,0.0,-7.010272038181047e-05,-0.021751210993404,0.0,4665,0.5099530083651341,7.010272038181047e-05,0.021751210993404,SHAP_content
-0.4170061331421594,0.0706700915587871,0.0076699452194682,0.0,-0.0007392090407085,0.015800878282241,0.0,4565,0.4953461699204148,0.0007392090407085,0.015800878282241,SHAP_content
0.543524544651295,-0.0449087026751027,0.0051693565586559,0.0,0.0005222890420442,-0.0161757929255443,0.0,1798,0.5936026038850536,0.0005222890420442,0.0161757929255443,SHAP_content
-0.08314422648098,0.5827757001545744,0.0025623100054546,0.0,0.0006391593841434,-0.0147012484118444,0.0,461,0.668482236641009,0.0006391593841434,0.0147012484118444,SHAP_content
0.3799587968970884,-0.2466499241532695,-0.0241843861329058,0.0,0.0060434856020384,0.0529470402904167,0.0,2944,0.6507931071832639,0.0060434856020384,0.0529470402904167,SHAP_content
0.5276037216510732,-0.0442698178122984,0.0061485192164329,0.0,0.0012403436189969,-0.0206267818807971,0.0,1795,0.5780220586798045,0.0012403436189969,0.0206267818807971,SHAP_content
0.4390508695122547,-0.056346187099091,0.0116912556040516,0.0,-0.0033210329213081,-0.0419536398268835,0.0,1869,0.5070883122153974,0.0033210329213081,0.0419536398268835,SHAP_content
0.4566098620533568,-0.1169032609410474,0.0126820022120223,0.0,8.251946907682564e-05,-0.0457689930949109,0.0,1345,0.5861951252064266,8.251946907682564e-05,0.0457689930949109,SHAP_content
0.1491896871940558,0.3556548765192654,0.0049845998720569,0.0,0.0006701078411444,-0.0223675767751741,0.0,1214,0.5098291635853781,0.0006701078411444,0.0223675767751741,SHAP_content
0.5153814997729527,-0.0153246880187957,0.0023503124372205,0.0,0.000870932787601,-0.0151463623276301,0.0,1372,0.5330565002289689,0.000870932787601,0.0151463623276301,SHAP_content
0.2187460250222984,0.2873922776659999,0.0054251522541843,0.0,-2.6648140448625596e-05,-0.0234051121506857,0.0,243,0.5115634549424827,2.6648140448625596e-05,0.0234051121506857,SHAP_content
-0.3638140311587068,-0.0793113649051318,-0.0074959695515992,0.0,0.0010239718056957,0.0122601081263913,0.0,4039,0.4506213656154378,0.0010239718056957,0.0122601081263913,SHAP_content
-0.2905739746550816,-0.1239318464100207,-0.0107294613585303,0.0,0.0032908549483848,0.01805697321059,0.0,2799,0.4252352824236326,0.0032908549483848,0.01805697321059,SHAP_content
0.5286989599056213,-0.0287919267183476,0.0022464853125962,0.0,0.0008535288145899,-0.0148753526631115,0.0,1679,0.5597373719365653,0.0008535288145899,0.0148753526631115,SHAP_content
-0.4076537056580349,-0.0393286531304488,-0.0057350312278378,0.0,0.0018029457284192,0.008574090761147,0.0,3850,0.4527173900163216,0.0018029457284192,0.008574090761147,SHAP_content
0.5342042989824078,-0.0898586213268211,0.0081961661503033,0.0,-0.0005492172309799,-0.0308291345145045,0.0,1312,0.6322590864595324,0.0005492172309799,0.0308291345145045,SHAP_content
0.0214626357463748,-0.3214105162813718,-0.0165664538331329,0.0,-0.0066535725128729,-0.0409400966392643,0.0,648,0.3594396058608796,0.0066535725128729,0.0409400966392643,SHAP_content
0.2049473226185838,0.3005448963379483,0.0053787188012385,0.0,0.0006599927753728,-0.0233992358817953,0.0,3238,0.5108709377577707,0.0006599927753728,0.0233992358817953,SHAP_content
-0.241203571302198,0.0532250547726966,0.014038688410923,0.0,-0.0090073498942107,0.0307471275164318,0.0,2643,0.3084673144858176,0.0090073498942107,0.0307471275164318,SHAP_content
-0.3907660576354649,-0.0552160149627965,-0.0060247066718129,0.0,0.0019340983079314,0.0090383883155986,0.0,4409,0.4520067792700745,0.0019340983079314,0.0090383883155986,SHAP_content
0.5268840722899663,-0.0277344453098519,0.0040811641331784,0.0,0.0009791783061379,-0.0160782747680825,0.0,155,0.5586996817329968,0.0009791783061379,0.0160782747680825,SHAP_content
-0.4239210899677877,-0.0224483921735874,-0.0055612070221536,0.0,0.0012665882248822,0.0083274645607343,0.0,3428,0.4519306891635288,0.0012665882248822,0.0083274645607343,SHAP_content
-0.4163643254099318,-0.0308081211889462,-0.0058528914832434,0.0,0.0019067720131958,0.0087777675509055,0.0,3453,0.4530253380821215,0.0019067720131958,0.0087777675509055,SHAP_content
0.24682406893367,0.2502941859364266,0.0015945048111184,0.0,0.000991096953529,-0.0115721619833958,0.0,1303,0.498712759681215,0.000991096953529,0.0115721619833958,SHAP_content
0.4954908813005872,0.0046380901843558,0.0024299950055224,0.0,0.0006067912153945,-0.0150340630545117,0.0,1150,0.5025589664904655,0.0006067912153945,0.0150340630545117,SHAP_content
-0.4351922971421321,-0.0114345285709388,-0.005437562353576,0.0,0.0019087384379354,0.007985456074483,0.0,3047,0.452064388066647,0.0019087384379354,0.007985456074483,SHAP_content
0.4338687730173517,-0.1573684303182307,0.0142418591724976,0.0,2.9876504022374045e-05,-0.0521089487114754,0.0,1046,0.6054790625080801,2.9876504022374045e-05,0.0521089487114754,SHAP_content
0.5306849581061728,-0.0305419693758275,0.0022586602652985,0.0,0.0006843733654506,-0.0149543277097461,0.0,1640,0.5634855877472988,0.0006843733654506,0.0149543277097461,SHAP_content
0.1233750035153029,0.3004959719999358,0.0114983276745391,0.0,0.0002509522929745,-0.0394300366996299,0.0,1306,0.435369303189778,0.0002509522929745,0.0394300366996299,SHAP_content
0.5306557368468573,-0.0913893542955952,0.0084890739415323,0.0,0.0011126084916478,-0.0318078672320235,8.891026248569742e-10,1927,0.6305341650839847,0.0011126084916478,0.0318078681211261,SHAP_content
0.0290329830935285,-0.2891386297620158,-0.019263017603817,0.0,-0.0054066079908468,0.0351409245627763,0.0,3439,0.3374346304593615,0.0054066079908468,0.0351409245627763,SHAP_content
0.2793503620653533,-0.2250027103467858,-0.0244437652872875,0.0,-0.0081897206777836,0.0515215771499574,0.0,4121,0.5287968376994266,0.0081897206777836,0.0515215771499574,SHAP_content
-0.4692075833755134,0.0239449680363705,-0.0048383987378394,0.0,0.0011204304170004,0.0066440986692818,0.0,2244,0.4979909501497235,0.0011204304170004,0.0066440986692818,SHAP_content
-0.3172282059207881,-0.1133290836331056,-0.0086528771174295,0.0,0.0024856930958019,0.0135648725643472,0.0,3136,0.4392101666713233,0.0024856930958019,0.0135648725643472,SHAP_content
0.1441236202070707,0.3609147125286067,0.0049201865396897,0.0,0.0002323901270004,-0.0220592147510194,0.0,15,0.5099585192753673,0.0002323901270004,0.0220592147510194,SHAP_content
-0.2369950308747559,0.1986778053555096,0.0161851215617872,0.0,-0.0026696954096153,0.0365028096903433,0.0,3538,0.4518579577920529,0.0026696954096153,0.0365028096903433,SHAP_content
-0.3784900849345206,-0.0651650139790369,-0.006545191976654,0.0,0.0008862459860662,0.0096226879780593,0.0,2669,0.4502002908902116,0.0008862459860662,0.0096226879780593,SHAP_content
0.3130934015608073,-0.0965923227929604,0.0160560042051622,0.0,0.0009360718786115,-0.0597341124360241,1.2548019498459515e-09,1360,0.42574172855893,0.0009360718786115,0.0597341136908261,SHAP_content
0.5272977189482027,-0.0473567868058106,0.00634610850738,0.0,-0.0001561872687263,-0.0217505963937295,0.0,1844,0.5810006142613934,0.0001561872687263,0.0217505963937295,SHAP_content
-0.3727617506017681,-0.0711162047178173,-0.0063919289653925,0.0,0.0025365576435236,0.0096048014059034,0.0,3098,0.450269884284978,0.0025365576435236,0.0096048014059034,SHAP_content
0.3485267214359866,0.1565777689346433,0.0044357917332501,0.0,0.0002619835744567,-0.0216705710269884,0.0,1612,0.5095402821038801,0.0002619835744567,0.0216705710269884,SHAP_content
0.1684310567238704,0.3368824794979428,0.0050016637219412,0.0,-4.627282639517796e-05,-0.0221372324660115,0.0,497,0.5103151999437545,4.627282639517796e-05,0.0221372324660115,SHAP_content
-0.3359809753236774,-0.089800719468803,-0.0081562182922013,0.0,0.0033940707640009,0.0130259904382059,0.0,2840,0.4339379130846817,0.0033940707640009,0.0130259904382059,SHAP_content
0.2528694647032299,-0.068299830715091,0.016723849875877,0.0,-0.0002135538180823,0.0472709803561088,0.0,4611,0.337893145294198,0.0002135538180823,0.0472709803561088,SHAP_content
0.3562271272720406,0.14850126555497,0.004355968053776,0.0,0.000260513138576,-0.0212131793680143,0.0,4673,0.5090843608807867,0.000260513138576,0.0212131793680143,SHAP_content
0.274419327731548,-0.3161386250359458,-0.0253811993474761,0.0,-0.0023189412508273,0.0519806612672758,0.0,3633,0.61593915211497,0.0023189412508273,0.0519806612672758,SHAP_content
0.0695841057925006,0.4336833867586959,0.0042284761915247,0.0,0.0002506571724529,-0.0196149312638261,0.0,1478,0.5074959687427213,0.0002506571724529,0.0196149312638261,SHAP_content
0.4252740772443723,0.0459347201711876,0.0081632623413736,0.0,0.0007986822299127,-0.028903566454761,0.0,1095,0.4793720597569335,0.0007986822299127,0.028903566454761,SHAP_content
0.2166603912540212,0.289069100587215,0.004987750838803,0.0,0.0005321119473476,-0.0231176599760385,0.0,542,0.5107172426800393,0.0005321119473476,0.0231176599760385,SHAP_content
0.29393722847653,0.1380104775299223,0.0114375734659292,0.0,-0.0006835357220505,-0.0405908763923789,0.0,4074,0.4433852794723816,0.0006835357220505,0.0405908763923789,SHAP_content
-0.0544050688798421,0.5543975811906545,0.0029401529780024,0.0,0.0005180707076322,-0.0153190413450992,0.0,431,0.611742803048499,0.0005180707076322,0.0153190413450992,SHAP_content
0.354034711999435,0.1517272451569737,0.0043479958915476,0.0,-0.0007643942979411,-0.0212138640986672,0.0,728,0.5101099530479564,0.0007643942979411,0.0212138640986672,SHAP_content
-0.1647493890259085,-0.1760811298423705,-0.0160206499642226,0.0,0.0047062770312332,0.0288114646469486,0.0,4412,0.3568511688325018,0.0047062770312332,0.0288114646469486,SHAP_content
-0.3907667506262366,-0.0564268977516592,-0.0059447714204673,0.0,0.0024474220152097,0.0089696923384563,0.0,2561,0.4531384197983634,0.0024474220152097,0.0089696923384563,SHAP_content
0.518000725273143,-0.0360788604881176,0.0062121228535466,0.0,0.000812062132396,-0.0190066463793857,0.0,1337,0.5602917086148073,0.000812062132396,0.0190066463793857,SHAP_content
-0.4547140902264993,0.0604403727551514,-0.0079532440697633,0.0,0.000106001159143,0.010936593298163,0.0,3606,0.5231077070514142,0.000106001159143,0.010936593298163,SHAP_content
-0.3784979384335628,-0.0666910225331019,-0.0064880213556235,0.0,0.0012184266752799,0.0100310687850914,0.0,2877,0.4516769823222882,0.0012184266752799,0.0100310687850914,SHAP_content
0.4002068157523321,0.0711493526222889,0.0041619489953577,0.0,-0.0034431232289246,0.0160567005102941,0.0,4415,0.4755181173699787,0.0034431232289246,0.0160567005102941,SHAP_content
-0.0329233644939922,0.5341021365460802,0.0032997523199538,0.0,0.0003730329358168,-0.01671986265651,0.0,1031,0.5703252533600263,0.0003730329358168,0.01671986265651,SHAP_content
0.5432448318306436,-0.0447508301568846,0.0045132171145437,0.0,0.0010116663422092,-0.0158871906480436,1.6887982678959188e-10,1110,0.5925088791020721,0.0010116663422092,0.0158871908169234,SHAP_content
0.5366067153710232,-0.1097288399274753,0.0093992245422032,0.0,-0.0005037759391476,-0.0330666486594768,0.0,1888,0.6557347798407019,0.0005037759391476,0.0330666486594768,SHAP_content
-0.3364771414628501,-0.0999979734294045,-0.0074441359748016,0.0,-0.0008843432839096,0.0119335573842406,0.0,3550,0.4439192508670563,0.0008843432839096,0.0119335573842406,SHAP_content
0.5386342732353067,-0.03838207906204,0.0022267220926559,0.0,0.0004777660108133,-0.0148249876253874,0.0,1527,0.5792430743900027,0.0004777660108133,0.0148249876253874,SHAP_content
0.5143546808359232,-0.0762696463474041,0.0085987706244367,0.0,0.0011150362020976,-0.0319943432617583,0.0,753,0.5992230978077641,0.0011150362020976,0.0319943432617583,SHAP_content
-0.4029014993765038,-0.0437508407246324,-0.0057802599214097,0.0,0.002310720471618,0.0087257090615774,0.0,3049,0.4524326000225461,0.002310720471618,0.0087257090615774,SHAP_content
-0.3929146530683972,-0.055912848542039,-0.0063824416112201,0.0,0.0028774148567367,0.0099919328358497,0.0,2628,0.4552099432216564,0.0028774148567367,0.0099919328358497,SHAP_content
0.0517803206394609,0.4536617493518083,0.0053178477160713,0.0,0.0003965538759685,-0.0230247769319611,0.0,562,0.5107599177073407,0.0003965538759685,0.0230247769319611,SHAP_content
-0.5354818248560619,0.0932696333727143,-0.0046229215798711,0.0,-0.0013861291535481,0.005881499105225,0.0,3562,0.6333743798086473,0.0013861291535481,0.005881499105225,SHAP_content
0.1355606826749728,0.3690703757272038,0.0046976489023274,0.0,0.0003196070731276,-0.0215166197262835,0.0,252,0.5093287073045041,0.0003196070731276,0.0215166197262835,SHAP_content
-0.5021062387229347,0.058024707667195,-0.0048065787105352,0.0,0.0007488989874481,0.0057995451236051,0.0,2516,0.5649375251006651,0.0007488989874481,0.0057995451236051,SHAP_content
-0.4150740976226195,-0.0317651049609512,-0.0057231931023212,0.0,0.0016461632765065,0.0086959628335766,0.0,2962,0.4525623956858919,0.0016461632765065,0.0086959628335766,SHAP_content
-0.4658838204035354,0.0201736751897569,-0.0051724756810653,0.0,0.0009449912807277,0.007596832916735,0.0,4453,0.4912299712743577,0.0009449912807277,0.007596832916735,SHAP_content
0.3875102825424383,0.1162532090342422,0.003878280453674,0.0,0.0001782917936179,-0.0196883691726242,0.0,1202,0.5076417720303547,0.0001782917936179,0.0196883691726242,SHAP_content
0.3761144534112826,0.1290482516825473,0.0042422104603402,0.0,-7.221761173500582e-05,-0.0212010032910867,0.0,3462,0.5094049155541702,7.221761173500582e-05,0.0212010032910867,SHAP_content
0.417241065635891,0.0849055765531296,0.003435074138028,0.0,0.0009942797667045,-0.0184443014424049,0.0,2797,0.5055817163270486,0.0009942797667045,0.0184443014424049,SHAP_content
-0.3422266781630835,-0.0968697635391293,-0.0089491555625586,0.0,0.0021058416889073,0.0159540220287554,0.0,4225,0.4480455972647715,0.0021058416889073,0.0159540220287554,SHAP_content
0.0062956986391519,0.4932197347127692,0.002785686000197,0.0,0.00100077172889,-0.01517019642966,0.0,144,0.5023011193521181,0.00100077172889,0.01517019642966,SHAP_content
-0.3131343877532812,-0.1216019029743883,-0.0080477247616897,0.0,0.0014686409421353,0.0127396186745993,0.0,2895,0.4427840154893592,0.0014686409421353,0.0127396186745993,SHAP_content
-0.4088171513391237,-0.0389380842024012,-0.0061029711170931,0.0,0.0028679113110864,0.0096095818443288,0.0,2763,0.4538582066586181,0.0028679113110864,0.0096095818443288,SHAP_content
0.548916151062451,-0.0592456243981263,0.0058110851692013,0.0,7.824009471271362e-05,-0.0186779975364427,0.0,905,0.6139728606297786,7.824009471271362e-05,0.0186779975364427,SHAP_content
-0.4200633772654071,-0.0267536793205523,-0.0057644301726065,0.0,0.00163647242797,0.0086042171221465,0.0,3980,0.4525814867585661,0.00163647242797,0.0086042171221465,SHAP_content
0.4736752482590555,-0.109183718209131,0.0105563002504323,0.0,0.0005636366321906,0.0381394722943014,0.0,235,0.593415266718619,0.0005636366321906,0.0381394722943014,SHAP_content
