AE_safe_err,AE_risk_err,label_content,prob_safe_rel,prob_risk_rel,prob_safe_spat,prob_risk_spat,user_id,SHAP_content,SHAP_rel,SHAP_spat,dominant_perspective
0.1532914752624541,0.2593927995621035,0.0014590536913671,-8.925741551882478e-05,0.0,-5.204170427930421e-18,0.0,2598,0.4141433285159248,8.925741551882478e-05,5.204170427930421e-18,SHAP_content
-0.3410023287073662,-0.1169911056543126,-0.0010376917062846,1.7479169149704592e-05,0.0,8.673617379884035e-19,0.0,3140,0.4590311260679635,1.7479169149704592e-05,8.673617379884035e-19,SHAP_content
0.4199557067707133,0.0387672960177395,0.0008288316854474,0.0001136181572675,0.0,-6.938893903907228e-18,0.0,989,0.4595518344739003,0.0001136181572675,6.938893903907228e-18,SHAP_content
0.2840684249531061,0.1657704909121643,0.0011359944490305,0.0001422229771145,0.0,1.0408340855860844e-17,0.0,923,0.450974910314301,0.0001422229771145,1.0408340855860844e-17,SHAP_content
0.3267339072061385,-0.1724961772350635,-0.0028827310642736,-0.0003374768977345,0.0,-3.469446951953614e-18,0.0,3272,0.5021128155054757,0.0003374768977345,3.469446951953614e-18,SHAP_content
0.0350397376319105,0.412791433849755,0.0009817308086319,0.0001482117903032,0.0,8.673617379884035e-18,0.0,2397,0.4488129022902973,0.0001482117903032,8.673617379884035e-18,SHAP_content
0.4529222382885496,-0.0852366700834781,0.0016629483163815,2.895269220379998e-05,0.0,6.938893903907228e-18,0.0,2044,0.5398218566884092,2.895269220379998e-05,6.938893903907228e-18,SHAP_content
0.4766740582923015,-0.0221319709408528,0.0007394496342128,0.0001156270331409,0.0,-6.938893903907228e-18,0.0,1980,0.4995454788673671,0.0001156270331409,6.938893903907228e-18,SHAP_content
0.4598206643986241,-0.0080077237209974,0.0008031101807548,2.9881966878388816e-05,0.0,-3.469446951953614e-18,0.0,249,0.4686314983003764,2.9881966878388816e-05,3.469446951953614e-18,SHAP_content
0.3350609944009445,0.1167139282302072,0.0010559719742109,0.0001504335560481,0.0,6.938893903907228e-18,0.0,1056,0.4528308946053626,0.0001504335560481,6.938893903907228e-18,SHAP_content
0.2089854116081325,0.239240227021255,0.0011353034112421,0.0001788139314501,0.0,0.0,0.0,2683,0.4493609420406298,0.0001788139314501,0.0,SHAP_content
0.4583397060453332,-0.0059485239780553,0.0007922406512534,7.512664573017247e-05,0.0,-6.938893903907228e-18,0.0,1346,0.465080470674642,7.512664573017247e-05,6.938893903907228e-18,SHAP_content
-0.3834611199870975,-0.0799240681081441,-0.0009462605533268,8.591548237775123e-06,0.0,-1.734723475976807e-18,0.0,4297,0.4643314486485685,8.591548237775123e-06,1.734723475976807e-18,SHAP_content
-0.4332480779456771,-0.0302619280801199,-0.0008263742989705,1.283501968648616e-05,0.0,1.8431436932253575e-18,0.0,2366,0.4643363803247675,1.283501968648616e-05,1.8431436932253575e-18,SHAP_content
-0.4531373430578823,-0.0101921977933721,-0.0007626093204707,1.151899802139802e-05,0.0,-3.0357660829594124e-18,0.0,3950,0.4640921501717252,1.151899802139802e-05,3.0357660829594124e-18,SHAP_content
-0.4608527572750016,-0.0027077505940573,-0.0007771447027523,1.410727423968648e-05,0.0,2.1684043449710093e-19,0.0,2591,0.4643376525718113,1.410727423968648e-05,2.1684043449710093e-19,SHAP_content
-0.4385822934990609,-0.0249442533223522,-0.0008077650433428,1.09094273662558e-05,0.0,3.2526065174565133e-18,0.0,3653,0.464334311864756,1.09094273662558e-05,3.2526065174565133e-18,SHAP_content
0.1358593993021832,0.236388635026006,0.0016571312298103,-0.000138887140241,0.0,8.673617379884035e-18,0.0,355,0.3739051655579996,0.000138887140241,8.673617379884035e-18,SHAP_content
0.4387076612979821,0.0122744027173491,0.0008675958755984,0.0001006271251563,0.0,-1.0408340855860844e-17,0.0,744,0.4518496598909298,0.0001006271251563,1.0408340855860844e-17,SHAP_content
-0.4308648957584815,-0.0299385465118617,-0.0008425706939101,-1.1504124345983883e-05,0.0,-3.469446951953614e-18,0.0,3097,0.4616460129642534,1.1504124345983883e-05,3.469446951953614e-18,SHAP_content
-0.4410913549669071,-0.0224287256258293,-0.0008033347853564,1.8067385245006983e-06,0.0,-4.336808689942019e-19,0.0,2541,0.4643234153780928,1.8067385245006983e-06,4.336808689942019e-19,SHAP_content
-0.4703014456004933,0.2145420927455415,0.0014333483909088,-0.0002881945466349,0.0,-4.336808689942019e-19,0.0,3012,0.6862768867369436,0.0002881945466349,4.336808689942019e-19,SHAP_content
0.4606040272685241,-0.0097582523678602,0.0008084931466585,0.0001143440114882,0.0,-3.469446951953614e-18,0.0,844,0.4711707727830428,0.0001143440114882,3.469446951953614e-18,SHAP_content
0.4647133569116833,-0.0150111841557807,0.0008239578322075,7.762789785529384e-05,0.0,-2.0816681711721685e-17,0.0,723,0.4805484988996716,7.762789785529384e-05,2.0816681711721685e-17,SHAP_content
-0.2966826509750582,-0.1604710618090762,-0.0011451383138773,8.799629839396222e-07,0.0,-1.734723475976807e-18,0.0,2228,0.4582988510980118,8.799629839396222e-07,1.734723475976807e-18,SHAP_content
0.3640671933241451,0.0826996075578825,0.0010396044556062,0.0001547812222143,0.0,-3.469446951953614e-18,0.0,1976,0.4478064053376339,0.0001547812222143,3.469446951953614e-18,SHAP_content
-0.4073813015271288,-0.0556609213522823,-0.000873379012493,1.5061539106312784e-06,0.0,5.637851296924623e-18,0.0,2955,0.4639156018919043,1.5061539106312784e-06,5.637851296924623e-18,SHAP_content
0.1391689891879847,0.3426760340211066,0.0009520817144043,0.0001868768367005,0.0,-6.938893903907228e-18,0.0,244,0.4827971049234957,0.0001868768367005,6.938893903907228e-18,SHAP_content
-0.3935146421609776,-0.0698875921760953,-0.000923263563711,2.0298514587730257e-06,0.0,5.204170427930421e-18,0.0,2214,0.464325497900784,2.0298514587730257e-06,5.204170427930421e-18,SHAP_content
0.4478295263742348,0.0102583856104301,0.0007675430816039,5.275255786380689e-06,0.0,1.7347234759768068e-17,0.0,1298,0.4588554550662689,5.275255786380689e-06,1.7347234759768068e-17,SHAP_content
0.41827067737439,0.0393267819707785,0.0008498979607659,0.0001489668118974,0.0,-1.0408340855860844e-17,0.0,717,0.4584473573059345,0.0001489668118974,1.0408340855860844e-17,SHAP_content
0.5114246613919208,-0.1692093037077991,0.0020649256986231,-0.000236278314748,0.0,3.469446951953614e-18,0.0,3648,0.682698890798343,0.000236278314748,3.469446951953614e-18,SHAP_content
0.5269882623752895,-0.2041213094162762,0.0021676387349686,0.0004836341267307,0.0,3.469446951953614e-18,0.0,392,0.7332772105265344,0.0004836341267307,3.469446951953614e-18,SHAP_content
0.4168490042991343,-0.0576833724055744,0.001575891825876,0.0001168920350538,0.0,-1.0408340855860844e-17,0.0,1746,0.4761082685305848,0.0001168920350538,1.0408340855860844e-17,SHAP_content
-0.3267144025016431,-0.1266484182288306,-0.0010809622145218,-5.16937304790091e-07,0.0,-3.469446951953614e-18,0.0,3292,0.4544437829449956,5.16937304790091e-07,3.469446951953614e-18,SHAP_content
-0.4305020232200536,-0.0329994819910184,-0.0008293680402656,7.329069456563043e-06,0.0,-3.686287386450715e-18,0.0,4523,0.4643308732513377,7.329069456563043e-06,3.686287386450715e-18,SHAP_content
0.4604500349275792,-0.0041822534884674,0.0007557989529379,7.7561211591224e-05,0.0,-1.7347234759768068e-17,0.0,1258,0.4653880873689845,7.7561211591224e-05,1.7347234759768068e-17,SHAP_content
-0.414597420765361,-0.0488501157633597,-0.0008761113360454,1.0255968557401629e-07,0.0,4.9873299934333204e-18,0.0,2988,0.4643236478647662,1.0255968557401629e-07,4.9873299934333204e-18,SHAP_content
-0.4634280786786419,-0.0001522303673784,-0.0007621183956585,1.888213659824835e-05,0.0,-3.469446951953614e-18,0.0,3106,0.464342427441679,1.888213659824835e-05,3.469446951953614e-18,SHAP_content
0.2510575423431439,0.2001777250366528,0.0011482029555155,0.0001210206678956,0.0,3.469446951953614e-18,0.0,85,0.4523834703353124,0.0001210206678956,3.469446951953614e-18,SHAP_content
0.4465852693013529,0.0111929397903138,0.0007688052352145,0.0001090336450152,0.0,-6.938893903907228e-18,0.0,746,0.4585470143268813,0.0001090336450152,6.938893903907228e-18,SHAP_content
0.1753078292915546,0.2853475276000781,0.0010930137538832,0.0001955887414808,0.0,-1.3877787807814457e-17,0.0,1180,0.461748370645516,0.0001955887414808,1.3877787807814457e-17,SHAP_content
0.1586304342432191,-0.2901262143436602,-0.0029122394664833,-0.0001581035293704,0.0,6.938893903907228e-18,0.0,3964,0.4516688880533628,0.0001581035293704,6.938893903907228e-18,SHAP_content
0.1705117585883637,0.2751360223691765,0.0011036237645015,0.0001977545741654,0.0,3.469446951953614e-18,0.0,1315,0.4467514047220418,0.0001977545741654,3.469446951953614e-18,SHAP_content
-0.4325512053012527,-0.0299762789279435,-0.000816745971943,8.245384342210008e-06,0.0,-1.0842021724855044e-17,0.0,2090,0.4633442302011392,8.245384342210008e-06,1.0842021724855044e-17,SHAP_content
0.4490642883899475,-0.0413165494078031,0.0015364330197935,0.0002496616526371,0.0,-1.0408340855860844e-17,0.0,1101,0.4919172708175441,0.0002496616526371,1.0408340855860844e-17,SHAP_content
0.3950367359559793,0.0572919872043436,0.0009490126865771,0.0001816215656094,0.0,3.469446951953614e-18,0.0,912,0.4532777358469,0.0001816215656094,3.469446951953614e-18,SHAP_content
0.4736811802431239,-0.1518497688634419,0.0019337512624976,-0.0002516794438423,0.0,3.469446951953614e-18,0.0,3435,0.6274647003690634,0.0002516794438423,3.469446951953614e-18,SHAP_content
0.3208719972277167,0.1439647405029302,0.0009927818065913,5.305517187154454e-05,0.0,1.7347234759768068e-17,0.0,962,0.4658295195372384,5.305517187154454e-05,1.7347234759768068e-17,SHAP_content
0.4473772718833876,0.0083902684077714,0.0007797122812022,0.0001243183563834,0.0,1.0408340855860844e-17,0.0,554,0.4565472525723614,0.0001243183563834,1.0408340855860844e-17,SHAP_content
0.4556552757439635,-0.0078224576671928,0.0008554066459353,8.865140089376125e-05,0.0,1.0408340855860844e-17,0.0,265,0.4643331400570917,8.865140089376125e-05,1.0408340855860844e-17,SHAP_content
-0.4543504223826619,-0.0092211569095844,-0.000771005565545,1.903963547917123e-05,0.0,-3.469446951953614e-18,0.0,3029,0.4643425848577914,1.903963547917123e-05,3.469446951953614e-18,SHAP_content
-0.4047959086026901,-0.0572947566294433,-0.0008977310736501,-2.2056579419447216e-05,0.0,2.1684043449710093e-18,0.0,2428,0.4629883963057836,2.2056579419447216e-05,2.1684043449710093e-18,SHAP_content
-0.387423899936421,-0.074216430876727,-0.0009241514132387,8.578553192507832e-06,0.0,1.734723475976807e-18,0.0,3051,0.4625644822263868,8.578553192507832e-06,1.734723475976807e-18,SHAP_content
-0.6183388792056763,0.1547109417082177,-0.0006894940137863,-6.113793835738437e-06,0.0,-3.5778671692021654e-18,0.0,4588,0.7737393149276803,6.113793835738437e-06,3.5778671692021654e-18,SHAP_content
-0.4047068443130409,-0.0587199347368278,-0.0008859391774231,-1.0593677233240556e-05,0.0,-5.204170427930421e-18,0.0,3086,0.4643127182272918,1.0593677233240556e-05,5.204170427930421e-18,SHAP_content
-0.4463907667272109,-0.0171485084477761,-0.0007936743525821,9.78904743188986e-06,0.0,-1.0191500421363743e-17,0.0,2557,0.4643329495275691,9.78904743188986e-06,1.0191500421363743e-17,SHAP_content
-0.2951099403984663,-0.1041725804781073,-0.0014099044416312,-5.8601459368118336e-05,0.0,5.204170427930421e-18,0.0,3139,0.400692425318205,5.8601459368118336e-05,5.204170427930421e-18,SHAP_content
-0.4295082198781677,-0.0339783895226058,-0.000842797991915,5.862088553480445e-06,0.0,-3.686287386450715e-18,0.0,2069,0.4643294073926886,5.862088553480445e-06,3.686287386450715e-18,SHAP_content
0.3909564498009822,0.056765494731882,0.0009950503198888,9.7551406344442e-05,0.0,-1.7347234759768068e-17,0.0,106,0.4487169948527531,9.7551406344442e-05,1.7347234759768068e-17,SHAP_content
-0.4675756924637103,0.088570857818223,-0.0012899450647701,-3.6597287519410816e-05,0.0,3.0357660829594124e-18,0.0,3602,0.5574364953467036,3.6597287519410816e-05,3.0357660829594124e-18,SHAP_content
0.3337878758660401,0.1154950229149963,0.0010758552036112,7.5906124089576e-05,0.0,-3.469446951953614e-18,0.0,2007,0.4503587539846477,7.5906124089576e-05,3.469446951953614e-18,SHAP_content
0.4815193495505152,-0.0306546437161016,0.0007537692599127,4.410030142895649e-05,0.0,1.3877787807814457e-17,0.0,437,0.5129277625265296,4.410030142895649e-05,1.3877787807814457e-17,SHAP_content
0.3175681762974944,0.1104087571036647,0.0014601001805665,0.0001119205791359,0.0,3.469446951953614e-18,0.0,1800,0.4294370335817257,0.0001119205791359,3.469446951953614e-18,SHAP_content
0.1500075663413606,0.2943677186991236,0.0007657357517313,9.337247844802728e-05,0.0,1.214306433183765e-17,0.0,2235,0.4451410207922155,9.337247844802728e-05,1.214306433183765e-17,SHAP_content
-0.3570504421197054,-0.1061939875757222,-0.0010201556650963,1.4397933579735848e-05,0.0,3.903127820947816e-18,0.0,3543,0.4642645853605239,1.4397933579735848e-05,3.903127820947816e-18,SHAP_content
0.272928730317398,0.1713262230550222,0.0008304116810262,0.0001490282172175,0.0,-1.3877787807814457e-17,0.0,3062,0.4450853650534465,0.0001490282172175,1.3877787807814457e-17,SHAP_content
0.29186204676107,0.1527718718080113,0.0009073776763851,0.0001066936552936,0.0,-1.0408340855860844e-17,0.0,2212,0.4455412962454665,0.0001066936552936,1.0408340855860844e-17,SHAP_content
-0.3749213134092446,-0.0883945740768811,-0.0010139021029938,6.24437444575617e-06,0.0,3.2526065174565133e-18,0.0,2441,0.4643297895891196,6.24437444575617e-06,3.2526065174565133e-18,SHAP_content
0.4956465245175755,-0.047184769736275,0.0007577547511856,8.56425577578819e-05,0.0,-1.0408340855860844e-17,0.0,4572,0.5435890490050362,8.56425577578819e-05,1.0408340855860844e-17,SHAP_content
0.3660348933989964,0.0852205492312783,0.0010247084931848,9.428254484827522e-05,0.0,-1.7347234759768068e-17,0.0,170,0.4522801511234596,9.428254484827522e-05,1.7347234759768068e-17,SHAP_content
0.0205363956388741,-0.2610097942608403,-0.0025329241557301,-7.28575505017752e-05,0.0,3.469446951953614e-18,0.0,4139,0.2840791140554445,7.28575505017752e-05,3.469446951953614e-18,SHAP_content
0.5294598521704783,-0.2170366201056541,-0.003044633635026,-0.0002583852471775,0.0,3.469446951953614e-18,0.0,4431,0.7495411059111585,0.0002583852471775,3.469446951953614e-18,SHAP_content
0.407860954299801,0.0431199411971768,0.0009294953961305,0.0001396742983316,0.0,3.469446951953614e-18,0.0,1985,0.4519103908931084,0.0001396742983316,3.469446951953614e-18,SHAP_content
-0.0895179792076548,0.534233533093261,0.0004084374440623,0.0001104019409952,0.0,-1.474514954580286e-17,0.0,1371,0.6241599497449782,0.0001104019409952,1.474514954580286e-17,SHAP_content
0.339061948980042,0.1087735629990046,0.0010795265586948,0.0001395356258665,0.0,-1.3877787807814457e-17,0.0,2122,0.4489150385377414,0.0001395356258665,1.3877787807814457e-17,SHAP_content
-0.351078646646924,-0.1121981054725188,-0.0010574921756535,1.208710607676286e-05,0.0,-1.734723475976807e-18,0.0,3401,0.4643342442950965,1.208710607676286e-05,1.734723475976807e-18,SHAP_content
0.4823469458809751,-0.0296094212169361,0.0007377296597707,0.0001129087260597,0.0,-1.0408340855860844e-17,0.0,1676,0.512694096757682,0.0001129087260597,1.0408340855860844e-17,SHAP_content
-0.393161897653557,0.0108379262595921,-0.0013651811009458,-4.9054634873672495e-05,0.0,-5.204170427930421e-18,0.0,3730,0.4053650050140949,4.9054634873672495e-05,5.204170427930421e-18,SHAP_content
0.2673465379700107,-0.2929878838263185,-0.0030763676050264,-3.681371821266308e-05,0.0,3.469446951953614e-18,0.0,4551,0.5634107894013556,3.681371821266308e-05,3.469446951953614e-18,SHAP_content
0.0140792527119501,-0.0812089361394795,-0.0027876719368699,-6.805898975372274e-05,0.0,3.469446951953614e-18,0.0,1158,0.0980758607882996,6.805898975372274e-05,3.469446951953614e-18,SHAP_content
0.2567007257381286,0.249438070187459,0.0005898110411492,-5.704517911493678e-06,0.0,-2.0816681711721685e-17,0.0,1127,0.5067286069667368,5.704517911493678e-06,2.0816681711721685e-17,SHAP_content
0.2315612681662253,0.214420118357501,0.0011268065051558,0.0001240883300079,0.0,-1.0408340855860844e-17,0.0,2057,0.4471081930288822,0.0001240883300079,1.0408340855860844e-17,SHAP_content
-0.4048790328593377,-0.0585475009173168,-0.0009184827867944,2.147125848360335e-05,0.0,-5.204170427930421e-18,0.0,4507,0.4643450165634489,2.147125848360335e-05,5.204170427930421e-18,SHAP_content
-0.2940239835368913,-0.1186741540023959,-0.0013415285297863,-2.376009585900417e-05,0.0,8.673617379884035e-18,0.0,4177,0.4140396660690735,2.376009585900417e-05,8.673617379884035e-18,SHAP_content
-0.3914818550511493,-0.0717597244984744,-0.0009023243022564,6.702136829619173e-06,0.0,5.637851296924623e-18,0.0,2058,0.4641439038518802,6.702136829619173e-06,5.637851296924623e-18,SHAP_content
-0.4003411365592988,-0.0630940210049826,-0.0008922916531152,4.1476654509915376e-06,0.0,-5.204170427930421e-18,0.0,2355,0.4643274492173968,4.1476654509915376e-06,5.204170427930421e-18,SHAP_content
-0.5571897472670262,0.0935591279632094,-0.0007107623585965,1.802185754522386e-05,0.0,-2.1684043449710093e-19,0.0,3711,0.6514596375888322,1.802185754522386e-05,2.1684043449710093e-19,SHAP_content
0.1616440997730603,0.2874822245462077,0.0011489573714691,0.0001389936294871,0.0,-1.0408340855860844e-17,0.0,2904,0.4502752816907373,0.0001389936294871,1.0408340855860844e-17,SHAP_content
0.4847019426448453,-0.0614076268274256,0.0015359300726263,0.0002887122571741,0.0,1.0408340855860844e-17,0.0,826,0.5476454995448973,0.0002887122571741,1.0408340855860844e-17,SHAP_content
-0.3651842199890801,-0.0981349638910313,-0.0010070150601265,3.0428039893498973e-06,0.0,-5.204170427930421e-18,0.0,3838,0.4643261989402379,3.0428039893498973e-06,5.204170427930421e-18,SHAP_content
0.3551751918825817,-0.0127075435614988,0.0017530381629168,-7.040633436845856e-05,0.0,-1.3877787807814457e-17,0.0,3286,0.3696357736069974,7.040633436845856e-05,1.3877787807814457e-17,SHAP_content
-0.2561441407902729,-0.205305687859407,-0.0013031010807238,4.8947921428444535e-06,0.0,-1.734723475976807e-18,0.0,4215,0.4627529297304038,4.8947921428444535e-06,1.734723475976807e-18,SHAP_content
0.4212147331068484,-0.0873559979849416,0.0016639711258336,-0.0001018839533338,0.0,-6.938893903907228e-18,0.0,4652,0.5102347022176237,0.0001018839533338,6.938893903907228e-18,SHAP_content
0.0287615935304265,0.4238078433216127,0.0009179943602013,0.0001956820367558,0.0,6.938893903907228e-18,0.0,284,0.4534874312122405,0.0001956820367558,6.938893903907228e-18,SHAP_content
-0.0531130659951172,0.5266160235231107,0.0007334059852151,0.0001085806378877,0.0,-3.469446951953614e-18,0.0,95,0.580462495503443,0.0001085806378877,3.469446951953614e-18,SHAP_content
0.0697587184040148,-0.1148387551286574,-0.0028877856004934,-0.0001453994077859,0.0,0.0,0.0,4487,0.1874852591331657,0.0001453994077859,0.0,SHAP_content
-0.1166847425519646,-0.2269308413289525,-0.0019603773443668,-3.246918826769335e-05,0.0,0.0,0.0,2664,0.3455759612252839,3.246918826769335e-05,0.0,SHAP_content
-0.17028016241653,-0.1786175746857092,-0.0018423653294545,-4.468590679617378e-05,0.0,1.734723475976807e-18,0.0,3442,0.3507401024316939,4.468590679617378e-05,1.734723475976807e-18,SHAP_content
-0.2876287503208838,-0.1565928251269328,-0.0012010640579925,-3.06806230564588e-05,0.0,-6.938893903907228e-18,0.0,3906,0.4454226395058091,3.06806230564588e-05,6.938893903907228e-18,SHAP_content
0.2290313669932207,-0.3302715449475044,-0.0030011856579342,2.3332833504322022e-05,0.0,-6.938893903907228e-18,0.0,4615,0.5623040975986594,2.3332833504322022e-05,6.938893903907228e-18,SHAP_content
-0.3734102318776238,-0.0896606859912825,-0.000969925559043,1.9573038025321333e-05,0.0,4.7704895589362195e-18,0.0,2649,0.4640408434279493,1.9573038025321333e-05,4.7704895589362195e-18,SHAP_content
-0.41123245772385,-0.0522178259747593,-0.0008840900321396,1.082842566834828e-05,0.0,5.204170427930421e-18,0.0,3197,0.464334373730749,1.082842566834828e-05,5.204170427930421e-18,SHAP_content
-0.4674186220365685,0.003853118557423,-0.0007620788016356,4.036975700498057e-06,0.0,-1.0408340855860844e-17,0.0,2931,0.4720338193956271,4.036975700498057e-06,1.0408340855860844e-17,SHAP_content
0.4313975422126213,0.019447315514397,0.0008936968136106,2.969989031300843e-05,0.0,-1.7347234759768068e-17,0.0,1431,0.451738554540629,2.969989031300843e-05,1.7347234759768068e-17,SHAP_content
-0.3891814637966643,-0.0742074360938084,-0.0009426788263882,8.038752308469569e-06,0.0,-5.204170427930421e-18,0.0,4008,0.4643315787168611,8.038752308469569e-06,5.204170427930421e-18,SHAP_content
-0.4158058584435395,-0.0469248962374608,-0.0008596216954746,-4.0111646070505914e-06,0.0,-2.1684043449710093e-18,0.0,3763,0.463590376376475,4.0111646070505914e-06,2.1684043449710093e-18,SHAP_content
-0.3409820753235591,-0.1222128424791997,-0.0010961611141162,1.2965637011308918e-05,0.0,4.7704895589362195e-18,0.0,2280,0.464291078916875,1.2965637011308918e-05,4.7704895589362195e-18,SHAP_content
0.0592711623869217,0.3629123836444635,0.0012992232989785,0.0001236017463914,0.0,1.734723475976807e-18,0.0,3762,0.4234827693303638,0.0001236017463914,1.734723475976807e-18,SHAP_content
-0.3409228159540521,0.0815025138744836,0.0015591988738062,-0.0001493088595723,0.0,2.6020852139652106e-18,0.0,1440,0.423984528702342,0.0001493088595723,2.6020852139652106e-18,SHAP_content
-0.4304547579633987,-0.0330520639216447,-0.000830134282999,1.3481514527925124e-05,0.0,0.0,0.0,2521,0.4643369561680425,1.3481514527925124e-05,0.0,SHAP_content
-0.5639880113968017,0.1003901223758058,-0.0007084399431714,6.956300219825582e-06,0.0,-2.1684043449710093e-19,0.0,3942,0.665086573715779,6.956300219825582e-06,2.1684043449710093e-19,SHAP_content
0.4608434672478874,-0.009221349819371,0.0008020683912217,6.880148702805358e-05,0.0,-3.469446951953614e-18,0.0,3613,0.4708668854584802,6.880148702805358e-05,3.469446951953614e-18,SHAP_content
-0.4265970726771342,-0.0368984087199933,-0.0008395075997622,1.1871309956121205e-05,0.0,6.5052130349130266e-18,0.0,2187,0.4643349889968898,1.1871309956121205e-05,6.5052130349130266e-18,SHAP_content
0.3230641836625728,-0.0114702452534617,0.0018997294531397,0.0002273682459372,0.0,1.7347234759768068e-17,0.0,3970,0.3364341583691742,0.0002273682459372,1.7347234759768068e-17,SHAP_content
0.2932330564558594,0.1588365949828194,0.0011259090812541,0.0001191960243512,0.0,6.938893903907228e-18,0.0,1284,0.453195560519933,0.0001191960243512,6.938893903907228e-18,SHAP_content
0.0132018506871539,-0.1369248699631008,-0.0027466126089469,-0.0003138829407559,0.0,-3.469446951953614e-18,0.0,3545,0.1528733332592017,0.0003138829407559,3.469446951953614e-18,SHAP_content
0.4531153285411566,-0.0532775496587169,0.0015744735319562,-2.47223806199362e-06,0.0,-1.7347234759768068e-17,0.0,3237,0.5079673517318297,2.47223806199362e-06,1.7347234759768068e-17,SHAP_content
0.1700959216975949,0.2743765005185675,0.0007595822003681,2.3888541333880187e-06,0.0,-1.3877787807814457e-17,0.0,2003,0.4452320044165306,2.3888541333880187e-06,1.3877787807814457e-17,SHAP_content
0.4150621611957357,0.0329920869498664,0.0009431034472559,6.228896555584076e-05,0.0,3.469446951953614e-18,0.0,1250,0.4489973515928581,6.228896555584076e-05,3.469446951953614e-18,SHAP_content
0.3301552813126127,0.1225898210714307,0.0010557321484664,0.0001435258745365,0.0,3.469446951953614e-18,0.0,1954,0.4538008345325098,0.0001435258745365,3.469446951953614e-18,SHAP_content
-0.4399087929256581,-0.0235905889867023,-0.000791772901038,-1.221924888710705e-05,0.0,-3.0357660829594124e-18,0.0,2153,0.4642911548133985,1.221924888710705e-05,3.0357660829594124e-18,SHAP_content
-0.4017733026205159,-0.0525652293129483,-0.0009360196844984,-1.1851998950054845e-05,0.0,-3.469446951953614e-18,0.0,3764,0.4552745516179628,1.1851998950054845e-05,3.469446951953614e-18,SHAP_content
-0.4493625552088131,-0.0141989665333918,-0.0007846637233065,2.264071431144917e-05,0.0,-3.686287386450715e-18,0.0,2239,0.4643461854655115,2.264071431144917e-05,3.686287386450715e-18,SHAP_content
-0.3180347526297146,-0.1412272523055066,-0.0010976178886387,1.2203720230276154e-05,0.0,2.6020852139652106e-18,0.0,3378,0.4603596228238599,1.2203720230276154e-05,2.6020852139652106e-18,SHAP_content
0.4363025307010751,-0.1690136372266953,0.0018206248226191,-0.0001329737659593,0.0,-3.469446951953614e-18,0.0,4156,0.6071367927503897,0.0001329737659593,3.469446951953614e-18,SHAP_content
0.4322006978469218,0.0199592532867786,0.000876579031597,9.707454273737842e-06,0.0,-3.469446951953614e-18,0.0,1256,0.4530365301652975,9.707454273737842e-06,3.469446951953614e-18,SHAP_content
0.3309417111390917,0.1175303556411909,0.0010919546283979,0.000134044499923,0.0,-1.0408340855860844e-17,0.0,55,0.4495640214086807,0.000134044499923,1.0408340855860844e-17,SHAP_content
0.2827513342342636,-0.0048341759169714,0.0020612877122985,0.0004883242933803,0.0,1.0408340855860844e-17,0.0,482,0.2896467978635335,0.0004883242933803,1.0408340855860844e-17,SHAP_content
0.0397859387186751,0.4046050574107217,0.000694830244499,0.000148566896768,0.0,-1.5612511283791264e-17,0.0,43,0.4450858263738959,0.000148566896768,1.5612511283791264e-17,SHAP_content
-0.0320838232026886,0.1084203792594894,0.0023224331138152,-0.000111953325642,0.0,-1.734723475976807e-18,0.0,3555,0.1428266355759933,0.000111953325642,1.734723475976807e-18,SHAP_content
-0.4134131966004762,-0.0464360044957682,-0.0008839251988304,5.6637854054329e-06,0.0,-3.469446951953614e-18,0.0,4299,0.460733126295075,5.6637854054329e-06,3.469446951953614e-18,SHAP_content
-0.4825373857025282,0.0602256588860177,-0.0010432296686631,-1.3581743643912864e-05,0.0,-3.903127820947816e-18,0.0,3767,0.5438062742572091,1.3581743643912864e-05,3.903127820947816e-18,SHAP_content
0.4888323493933787,-0.0391620893025185,0.0007535957107305,7.356799809550216e-05,0.0,-1.0408340855860844e-17,0.0,1821,0.5287480344066278,7.356799809550216e-05,1.0408340855860844e-17,SHAP_content
0.4615052766808177,-0.0074171106082335,0.0007589734692021,0.0001003074321855,0.0,0.0,0.0,1543,0.4696813607582534,0.0001003074321855,0.0,SHAP_content
0.4438413500174969,0.0118017119764393,0.0007926224126138,-4.975847342672535e-06,0.0,2.0816681711721685e-17,0.0,320,0.4564356844065501,4.975847342672535e-06,2.0816681711721685e-17,SHAP_content
0.4982059227195801,-0.0481138172160802,0.0007330390949634,0.0001327250821123,0.0,-3.469446951953614e-18,0.0,1341,0.5470527790306239,0.0001327250821123,3.469446951953614e-18,SHAP_content
-0.317960553816805,-0.1403778627896427,-0.0010956315393559,-4.542151694315703e-06,0.0,-4.3368086899420185e-18,0.0,2134,0.4594340481458037,4.542151694315703e-06,4.3368086899420185e-18,SHAP_content
-0.4366330428934591,-0.0238950303511823,-0.0008341902903903,-6.734942226019423e-06,0.0,3.0357660829594124e-18,0.0,2802,0.4613622635350318,6.734942226019423e-06,3.0357660829594124e-18,SHAP_content
-0.4319828092686956,-0.0173853661016152,-0.0009230202508978,-6.42870967894906e-05,0.0,3.903127820947816e-18,0.0,3089,0.4502911956212088,6.42870967894906e-05,3.903127820947816e-18,SHAP_content
0.5273912595449479,-0.2191661159766655,-0.003067528681798,1.3928136535466815e-06,0.0,1.0408340855860844e-17,0.0,4677,0.7496249042034115,1.3928136535466815e-06,1.0408340855860844e-17,SHAP_content
0.3343907325979752,-0.0447251968480963,0.0019478737886966,-0.0002518638249791,0.0,-3.469446951953614e-18,0.0,2478,0.3810638032347683,0.0002518638249791,3.469446951953614e-18,SHAP_content
-0.3665894047623516,-0.0967297906005926,-0.0009817929766374,-2.022963465983605e-06,0.0,-4.336808689942019e-19,0.0,2257,0.4643009883395817,2.022963465983605e-06,4.336808689942019e-19,SHAP_content
0.1247310818652023,0.2232508904560321,0.0017593892189723,-0.0002047288515131,0.0,-6.938893903907228e-18,0.0,4326,0.3497413615402068,0.0002047288515131,6.938893903907228e-18,SHAP_content
0.4605230215722141,-0.0052542682183343,0.0007549602283608,0.0001171375894241,0.0,-3.469446951953614e-18,0.0,1437,0.4665322500189093,0.0001171375894241,3.469446951953614e-18,SHAP_content
0.5116384687629842,-0.204871385694976,0.0022745199347509,-0.0002554738541043,0.0,3.469446951953614e-18,0.0,4217,0.7187843743927111,0.0002554738541043,3.469446951953614e-18,SHAP_content
-0.2882718664889597,-0.148442619586344,-0.0012289843134688,-1.4232246106088073e-05,0.0,-1.734723475976807e-18,0.0,2442,0.4379434703887726,1.4232246106088073e-05,1.734723475976807e-18,SHAP_content
-0.253783234888011,-0.1515376295798144,-0.0014373299471723,-2.4747908038691424e-05,0.0,-1.734723475976807e-18,0.0,2255,0.4067581944149978,2.4747908038691424e-05,1.734723475976807e-18,SHAP_content
0.1972524362335232,0.1734783037518086,0.0017177610041344,0.0002864978643884,0.0,-2.0816681711721685e-17,0.0,237,0.3724485009894663,0.0002864978643884,2.0816681711721685e-17,SHAP_content
0.5252730146071776,-0.2168278832219305,-0.0030734982807931,-0.0002758659324229,0.0,-3.469446951953614e-18,0.0,1797,0.7451743961099013,0.0002758659324229,3.469446951953614e-18,SHAP_content
0.3976494584162428,0.0649702547860293,0.0008277466963649,9.968561888364091e-05,0.0,0.0,0.0,1809,0.463447459898637,9.968561888364091e-05,0.0,SHAP_content
0.2665730799865127,0.1829596067080221,0.0011418513994698,0.0001408168809129,0.0,-3.469446951953614e-18,0.0,1003,0.4506745380940047,0.0001408168809129,3.469446951953614e-18,SHAP_content
-0.2503956277261429,-0.146552845237898,-0.0014882607587302,-3.636744425970957e-05,0.0,-5.204170427930421e-18,0.0,3859,0.3984367337227712,3.636744425970957e-05,5.204170427930421e-18,SHAP_content
0.3291825202226437,-0.037187884466895,0.0019453734140442,-0.0003064536066484,0.0,-3.469446951953614e-18,0.0,4544,0.368315778103583,0.0003064536066484,3.469446951953614e-18,SHAP_content
-0.3925217426945672,-0.0706995019647533,-0.0009011318254188,-1.8841995471418748e-05,0.0,-3.903127820947816e-18,0.0,2393,0.4641223764847394,1.8841995471418748e-05,3.903127820947816e-18,SHAP_content
-0.4649377301302777,0.0021002032362239,-0.0007682458556926,1.811605153432356e-05,0.0,-3.469446951953614e-18,0.0,3010,0.4678061792221943,1.811605153432356e-05,3.469446951953614e-18,SHAP_content
-0.3035348335848322,-0.1444398624415738,-0.0011491548435393,-1.5894535020877232e-05,0.0,-1.734723475976807e-18,0.0,4068,0.4491238508699454,1.5894535020877232e-05,1.734723475976807e-18,SHAP_content
0.5127813491137199,-0.0998286791716547,0.0015610441062026,0.0002456588137657,0.0,1.3877787807814457e-17,0.0,1076,0.6141710723915772,0.0002456588137657,1.3877787807814457e-17,SHAP_content
-0.4104892498824345,-0.052960322786457,-0.0008863395447648,1.2366908575846053e-05,0.0,3.2526065174565133e-18,0.0,4108,0.4643359122136565,1.2366908575846053e-05,3.2526065174565133e-18,SHAP_content
-0.5338139046489347,0.0933605933797206,-0.0008783069513192,-3.638651691119377e-05,0.0,3.903127820947816e-18,0.0,3855,0.6280528049799745,3.638651691119377e-05,3.903127820947816e-18,SHAP_content
0.3166786709470636,-0.1720173055076966,-0.0028973627616565,-0.0002686802993805,0.0,3.469446951953614e-18,0.0,3412,0.4915933392164168,0.0002686802993805,3.469446951953614e-18,SHAP_content
-0.2542297043097502,-0.1993232842774308,-0.00124682685427,-1.4267931745389276e-05,0.0,1.734723475976807e-18,0.0,3935,0.4547998154414511,1.4267931745389276e-05,1.734723475976807e-18,SHAP_content
-0.2199676042215388,-0.2120751296672643,-0.0013768787648949,-7.909735542179636e-06,0.0,-6.938893903907228e-18,0.0,2505,0.4334196126536981,7.909735542179636e-06,6.938893903907228e-18,SHAP_content
0.474430668697504,-0.0231707520424671,0.000765694291894,4.060710324338759e-05,0.0,1.0408340855860844e-17,0.0,1199,0.4983671150318652,4.060710324338759e-05,1.0408340855860844e-17,SHAP_content
0.3699750426174404,0.08243196109339,0.0010012036815499,0.0001683327517576,0.0,1.7347234759768068e-17,0.0,4411,0.4534082073923804,0.0001683327517576,1.7347234759768068e-17,SHAP_content
-0.3537386802575602,0.0295749277987806,-0.0016909849038831,-1.2537843731716404e-05,0.0,-3.469446951953614e-18,0.0,3904,0.3850045929602241,1.2537843731716404e-05,3.469446951953614e-18,SHAP_content
0.220654641284964,0.2279642169105086,0.0011326376122135,0.000157093706264,0.0,-1.7347234759768068e-17,0.0,300,0.4497514958076862,0.000157093706264,1.7347234759768068e-17,SHAP_content
-0.3685946589988297,0.1139754809828478,0.0015715274629084,-0.0001568092016992,0.0,-8.673617379884035e-19,0.0,2898,0.484141667444586,0.0001568092016992,8.673617379884035e-19,SHAP_content
-0.4542275775291886,-0.0093343562169699,-0.0007745516915633,1.2940132641426835e-05,0.0,-3.686287386450715e-18,0.0,2507,0.4643364854377219,1.2940132641426835e-05,3.686287386450715e-18,SHAP_content
0.4691503829015533,-0.0215270074726049,0.0008443461579078,0.0001751036906435,0.0,6.938893903907228e-18,0.0,942,0.4915217365320661,0.0001751036906435,6.938893903907228e-18,SHAP_content
-0.3414286783117377,-0.116773622975151,-0.0010352400292079,3.3739954202966285e-06,0.0,-4.3368086899420185e-18,0.0,4071,0.4592375413160967,3.3739954202966285e-06,4.3368086899420185e-18,SHAP_content
-0.4182575440215584,-0.0451796085229275,-0.0008308769322916,4.730861523925649e-06,0.0,1.734723475976807e-18,0.0,2370,0.4642680294767776,4.730861523925649e-06,1.734723475976807e-18,SHAP_content
0.4802474935592286,-0.0294321297417397,0.0007553427403161,5.574842321653603e-05,0.0,-1.0408340855860844e-17,0.0,1259,0.5104349660412845,5.574842321653603e-05,1.0408340855860844e-17,SHAP_content
0.4853835378136236,-0.2301543052871892,-0.0031441905886246,-9.093358688499684e-05,0.0,-1.0408340855860844e-17,0.0,4075,0.7186820336894374,9.093358688499684e-05,1.0408340855860844e-17,SHAP_content
0.5026994097681089,-0.2275196072415242,-0.0032661847799333,-0.0002590365258533,0.0,6.938893903907228e-18,0.0,2522,0.7334852017895664,0.0002590365258533,6.938893903907228e-18,SHAP_content
-0.1440610311047245,-0.2583060798852709,-0.0016731586610936,1.3583938207856194e-05,0.0,-3.469446951953614e-18,0.0,3956,0.4040402696510891,1.3583938207856194e-05,3.469446951953614e-18,SHAP_content
-0.4434551345359922,-0.0200783233988778,-0.0007967322356485,1.5794504009858986e-05,0.0,3.903127820947816e-18,0.0,4042,0.4643301901705186,1.5794504009858986e-05,3.903127820947816e-18,SHAP_content
-0.1801839055302305,0.1994504282032641,0.0022002553461343,0.0002057143973851,0.0,-8.673617379884035e-19,0.0,3156,0.3818345890796291,0.0002057143973851,8.673617379884035e-19,SHAP_content
0.0578698056505629,0.3553231301672008,0.0013439284794135,0.0002132698449157,0.0,1.734723475976807e-18,0.0,463,0.4145368642971774,0.0002132698449157,1.734723475976807e-18,SHAP_content
-0.0986460358143075,0.3765893889722807,0.0018443206576528,7.590579305953929e-06,0.0,6.938893903907228e-18,0.0,5,0.4770797454442411,7.590579305953929e-06,6.938893903907228e-18,SHAP_content
0.1530151843806886,0.2914397573086559,0.000761536444115,1.791513720437836e-05,0.0,-1.5612511283791264e-17,0.0,841,0.4452164781334595,1.791513720437836e-05,1.5612511283791264e-17,SHAP_content
0.4252792841407295,0.0250285377385072,0.000906148086379,0.0001218527674808,0.0,-3.469446951953614e-18,0.0,1868,0.4512139699656158,0.0001218527674808,3.469446951953614e-18,SHAP_content
0.2428865144556746,0.2013834326563472,0.0008196544648567,0.0001447916937852,0.0,-1.0408340855860844e-17,0.0,326,0.4450896015768786,0.0001447916937852,1.0408340855860844e-17,SHAP_content
-0.3663139604915817,-0.096973943922888,-0.001059805937009,2.416504983823102e-05,0.0,3.2526065174565133e-18,0.0,4049,0.4643477103514788,2.416504983823102e-05,3.2526065174565133e-18,SHAP_content
0.0331243769536244,-0.0596303107233445,-0.0028272292597588,-0.0001109302854744,0.0,-6.938893903907228e-18,0.0,4207,0.0955819169367278,0.0001109302854744,6.938893903907228e-18,SHAP_content
-0.2505788640475734,-0.1849182295499221,-0.001314563049697,3.3196907436808948e-06,0.0,-1.734723475976807e-18,0.0,3208,0.4368116566471927,3.3196907436808948e-06,1.734723475976807e-18,SHAP_content
-0.6106546650979827,0.1470271130296553,-0.0007012760142484,5.282777494805091e-06,0.0,-1.0516761073109393e-17,0.0,4387,0.7583830541418866,5.282777494805091e-06,1.0516761073109393e-17,SHAP_content
0.4536796228021477,-0.1179287263549125,0.0017224602181077,0.0004190318293198,0.0,6.938893903907228e-18,0.0,1464,0.573330809375168,0.0004190318293198,6.938893903907228e-18,SHAP_content
-0.1715745320541655,0.6164661499404908,0.0002888314671195,5.3943917219308624e-05,0.0,-1.5178830414797062e-17,0.0,892,0.7883295134617759,5.3943917219308624e-05,1.5178830414797062e-17,SHAP_content
-0.4037510150766947,-0.0596638347419904,-0.0009220382735414,1.3342787145584995e-05,0.0,-5.3125906451789725e-18,0.0,3131,0.4643368880922265,1.3342787145584995e-05,5.3125906451789725e-18,SHAP_content
-0.3477752027889135,-0.1119410255833107,-0.0010136336046828,-9.737528554670633e-06,0.0,-2.6020852139652106e-18,0.0,2061,0.4607298619769071,9.737528554670633e-06,2.6020852139652106e-18,SHAP_content
-0.417036692152715,-0.0464085300628623,-0.0008314863810319,6.794429672435289e-06,0.0,-4.336808689942019e-19,0.0,3201,0.4642767085966093,6.794429672435289e-06,4.336808689942019e-19,SHAP_content
0.4029863142911148,0.0527361650443666,0.0009140806387555,0.0001195899454441,0.0,-1.0408340855860844e-17,0.0,694,0.4566365599742371,0.0001195899454441,1.0408340855860844e-17,SHAP_content
0.4665355729394033,-0.0134086627860556,0.0007587914283574,0.0001099784244933,0.0,-1.0408340855860844e-17,0.0,387,0.4807030271538163,0.0001099784244933,1.0408340855860844e-17,SHAP_content
0.0936202283615386,-0.2561740688151664,-0.0027980819527631,-0.0002600249792259,0.0,-6.938893903907228e-18,0.0,2571,0.3525923791294682,0.0002600249792259,6.938893903907228e-18,SHAP_content
-0.4034877396198292,-0.0599757529019621,-0.0008543491831155,7.400839684847983e-06,0.0,2.1684043449710093e-18,0.0,3103,0.464317841704907,7.400839684847983e-06,2.1684043449710093e-18,SHAP_content
-0.3962078431653867,-0.0671828495374229,-0.0009355958810046,2.7433281329688596e-06,0.0,1.5178830414797062e-18,0.0,4232,0.4643262885838143,2.7433281329688596e-06,1.5178830414797062e-18,SHAP_content
-0.4057986212872913,-0.0576303484688169,-0.0009119965080397,1.742095909594739e-05,0.0,-5.204170427930421e-18,0.0,4658,0.4643409662641479,1.742095909594739e-05,5.204170427930421e-18,SHAP_content
-0.2688971592895477,-0.0270866930695534,-0.0019028012664056,-6.247652034859809e-05,0.0,-1.734723475976807e-18,0.0,3333,0.2978866536255069,6.247652034859809e-05,1.734723475976807e-18,SHAP_content
0.2276671690399481,0.3073168078715639,0.0003959133799477,7.501393882878779e-05,0.0,-3.469446951953614e-18,0.0,603,0.5353798902914598,7.501393882878779e-05,3.469446951953614e-18,SHAP_content
0.2929269574741368,0.1565659794641849,0.0011338813322286,7.451301891217565e-05,0.0,0.0,0.0,842,0.4506268182705503,7.451301891217565e-05,0.0,SHAP_content
0.4111439956971696,0.0339364151207314,0.0007973675058311,4.9638151735028474e-05,0.0,-3.469446951953614e-18,0.0,322,0.4458777783237322,4.9638151735028474e-05,3.469446951953614e-18,SHAP_content
0.494704766584463,-0.218234929545362,-0.0032122820192443,-0.0004337690871446,0.0,-3.469446951953614e-18,0.0,2747,0.7161519781490694,0.0004337690871446,3.469446951953614e-18,SHAP_content
0.4752807573047114,-0.0217539904851292,0.0007425547576261,8.172132114087766e-05,0.0,1.3877787807814457e-17,0.0,1867,0.4977773025474668,8.172132114087766e-05,1.3877787807814457e-17,SHAP_content
0.1315251940254202,0.3195515500215502,0.0011389624727336,0.0002122521196116,0.0,-3.469446951953614e-18,0.0,865,0.4522157065197041,0.0002122521196116,3.469446951953614e-18,SHAP_content
-0.4155859103811837,-0.0478772948631134,-0.0008742835917369,1.3943531114217478e-05,0.0,-4.9873299934333204e-18,0.0,3061,0.4643374888360341,1.3943531114217478e-05,4.9873299934333204e-18,SHAP_content
-0.4718039086025147,0.0083135259512252,-0.0007861189239379,1.1234646092196394e-05,0.0,-4.336808689942019e-19,0.0,4089,0.4809035534776779,1.1234646092196394e-05,4.336808689942019e-19,SHAP_content
0.2033722394933213,-0.2802885812859544,-0.0030068830309816,-0.000143897961782,0.0,3.469446951953614e-18,0.0,4319,0.4866677038102573,0.000143897961782,3.469446951953614e-18,SHAP_content
-0.4378933874699232,-0.0256201836523401,-0.0008133918659573,3.4176831399535933e-06,0.0,-1.951563910473908e-18,0.0,2613,0.4643269629882207,3.4176831399535933e-06,1.951563910473908e-18,SHAP_content
0.4152541836656792,0.0396349985045419,0.0008921822587144,-4.212935376716673e-05,0.0,3.469446951953614e-18,0.0,4260,0.4557813644289356,4.212935376716673e-05,3.469446951953614e-18,SHAP_content
0.2903978948128619,0.0075577305914107,0.0019959250044104,0.0004254958504146,0.0,2.0816681711721685e-17,0.0,4438,0.2999515504086832,0.0004254958504146,2.0816681711721685e-17,SHAP_content
-0.5992771572649003,0.1356251632805905,-0.0006885532490243,1.7001928390128224e-05,0.0,0.0,0.0,2563,0.7355908737945152,1.7001928390128224e-05,0.0,SHAP_content
0.0484775956567618,-0.2408337586423755,-0.0026845380979406,-6.05548977197605e-05,0.0,-3.469446951953614e-18,0.0,3367,0.291995892397078,6.05548977197605e-05,3.469446951953614e-18,SHAP_content
0.138465584618038,-0.1908721075048334,-0.0029498802597056,-0.0002465296326399,0.0,3.469446951953614e-18,0.0,2602,0.3322875723825771,0.0002465296326399,3.469446951953614e-18,SHAP_content
0.4632589861631641,-0.1403242479795465,0.0018323550775462,-0.0001426390888579,0.0,-1.7347234759768068e-17,0.0,1280,0.6054155892202568,0.0001426390888579,1.7347234759768068e-17,SHAP_content
-0.4157937367936718,-0.0469351348901741,-0.0008596351589524,3.615494803621902e-07,0.0,8.673617379884035e-19,0.0,3632,0.4635885068427984,3.615494803621902e-07,8.673617379884035e-19,SHAP_content
0.404636879472676,0.0553491795760969,0.0008511020480418,8.451902763928487e-05,0.0,6.938893903907228e-18,0.0,830,0.4608371610968148,8.451902763928487e-05,6.938893903907228e-18,SHAP_content
-0.4558538758978562,-0.0077089745573703,-0.0007807823444843,2.0651327002966808e-05,0.0,3.903127820947816e-18,0.0,3149,0.4643436327997109,2.0651327002966808e-05,3.903127820947816e-18,SHAP_content
0.1099128193541649,-0.1745053816309136,-0.0029254640421277,-0.0001029909863263,0.0,0.0,0.0,3799,0.2873436650272062,0.0001029909863263,0.0,SHAP_content
0.2837030833714785,0.1705375916017941,0.0011381482960521,0.0001553122231714,0.0,-3.469446951953614e-18,0.0,1904,0.4553788232693249,0.0001553122231714,3.469446951953614e-18,SHAP_content
0.4602665003783201,-0.0128655182990882,0.0008498830264052,5.328658024884511e-05,0.0,3.469446951953614e-18,0.0,455,0.4739819017038136,5.328658024884511e-05,3.469446951953614e-18,SHAP_content
0.2724774966375953,0.1797190698768358,0.0011423394874614,0.0002074741919888,0.0,1.0408340855860844e-17,0.0,307,0.4533389060018925,0.0002074741919888,1.0408340855860844e-17,SHAP_content
-0.4050341178008411,-0.0584093666512127,-0.0008873269793048,7.267397304766381e-06,0.0,-1.734723475976807e-18,0.0,2120,0.4643308114313587,7.267397304766381e-06,1.734723475976807e-18,SHAP_content
-0.4090199350141559,-0.0544099663962034,-0.0008951032958825,1.4594012100338245e-06,0.0,1.951563910473908e-18,0.0,2305,0.4643250047062419,1.4594012100338245e-06,1.951563910473908e-18,SHAP_content
-0.5201685742731706,0.0565763506115389,-0.0007415227408611,1.0201098295132714e-05,0.0,3.2526065174565133e-18,0.0,2262,0.5774864476255708,1.0201098295132714e-05,3.2526065174565133e-18,SHAP_content
-0.4207409537207661,-0.0426522010888319,-0.0008255805239218,-4.409006800224499e-05,0.0,-5.637851296924623e-18,0.0,2050,0.4642187353335198,4.409006800224499e-05,5.637851296924623e-18,SHAP_content
0.299552447710103,0.1506534980918794,0.0011217374093163,7.149925919410285e-05,0.0,1.0408340855860844e-17,0.0,1302,0.4513276832112988,7.149925919410285e-05,1.0408340855860844e-17,SHAP_content
0.3019095811701399,0.1282419173436187,0.0014476859416178,7.974168653386224e-05,0.0,3.469446951953614e-18,0.0,328,0.4315991844553764,7.974168653386224e-05,3.469446951953614e-18,SHAP_content
0.2044789599686328,-0.0010637846239017,0.0022767288741219,-0.0001286220550618,0.0,-2.0816681711721685e-17,0.0,4682,0.2078194734666565,0.0001286220550618,2.0816681711721685e-17,SHAP_content
0.428049889022564,0.0245839965141744,0.0008761662620216,6.768043827320644e-05,0.0,-3.469446951953614e-18,0.0,1704,0.4535100517987601,6.768043827320644e-05,3.469446951953614e-18,SHAP_content
0.2672738602066155,0.0728187716554929,0.0018577588394314,0.0004062664775101,0.0,1.3877787807814457e-17,0.0,4017,0.3419503907015399,0.0004062664775101,1.3877787807814457e-17,SHAP_content
-0.4356941238836347,-0.0251443330932853,-0.0008314208911451,-9.91110141476334e-06,0.0,-3.469446951953614e-18,0.0,4649,0.4616698778680652,9.91110141476334e-06,3.469446951953614e-18,SHAP_content
-0.4076076135472025,-0.0558676177604913,-0.0008419956215011,1.425335744434592e-05,0.0,-2.1684043449710093e-18,0.0,4531,0.464317226929195,1.425335744434592e-05,2.1684043449710093e-18,SHAP_content
0.4478090374962906,0.0048019955300577,0.0008312690770561,1.3538635063512631e-05,0.0,1.7347234759768068e-17,0.0,1718,0.4534423021034044,1.3538635063512631e-05,1.7347234759768068e-17,SHAP_content
-0.4307161220377869,-0.0325294048163266,-0.0008056194131089,1.912154628364721e-05,0.0,3.469446951953614e-18,0.0,2977,0.4640511462672225,1.912154628364721e-05,3.469446951953614e-18,SHAP_content
-0.4113852774480278,-0.0240820352258352,-0.0010276649718707,1.3503248007261208e-05,0.0,-2.6020852139652106e-18,0.0,2612,0.4364949776457338,1.3503248007261208e-05,2.6020852139652106e-18,SHAP_content
-0.4076249099619125,-0.0558353711705639,-0.0008759021681939,1.2962619202685696e-05,0.0,5.204170427930421e-18,0.0,4214,0.4643361833006704,1.2962619202685696e-05,5.204170427930421e-18,SHAP_content
0.3812827739761272,0.0658718518991909,0.0010163475251099,0.0001411653078577,0.0,-1.0408340855860844e-17,0.0,479,0.4481709734004281,0.0001411653078577,1.0408340855860844e-17,SHAP_content
0.1852276249527555,0.2665282968084053,0.0011732497609558,0.0001153375627563,0.0,6.938893903907228e-18,0.0,3629,0.4529291715221166,0.0001153375627563,6.938893903907228e-18,SHAP_content
0.447015394026784,-0.00084344009424,0.0008864713598529,0.0001411927211565,0.0,-1.7347234759768068e-17,0.0,1175,0.4487453054808771,0.0001411927211565,1.7347234759768068e-17,SHAP_content
0.0143283722468645,-0.254528352725934,-0.0025230583316806,-0.0001765080192556,0.0,3.469446951953614e-18,0.0,4302,0.2713797833044791,0.0001765080192556,3.469446951953614e-18,SHAP_content
-0.3512298117771235,-0.1120078512706494,-0.0010540025275859,-1.332493004152892e-05,0.0,-2.1684043449710093e-18,0.0,2957,0.4642916655753588,1.332493004152892e-05,2.1684043449710093e-18,SHAP_content
-0.3163837146449282,-0.1451925488545648,-0.0010986453207321,4.459222441861865e-06,0.0,1.734723475976807e-18,0.0,3657,0.4626749088202251,4.459222441861865e-06,1.734723475976807e-18,SHAP_content
-0.029022905764795,0.4903373812981266,0.0008857756789858,8.929590508719755e-05,0.0,-8.673617379884035e-18,0.0,117,0.5202460627419074,8.929590508719755e-05,8.673617379884035e-18,SHAP_content
0.3986896419284463,0.0529758993427638,0.0009460681128237,0.0001537711493558,0.0,-1.7347234759768068e-17,0.0,1971,0.4526116093840339,0.0001537711493558,1.7347234759768068e-17,SHAP_content
0.4276981857894911,0.0220396815653961,0.0009027701035219,0.0001599355646043,0.0,-3.469446951953614e-18,0.0,1557,0.4506406374584092,0.0001599355646043,3.469446951953614e-18,SHAP_content
-0.5156580171237819,0.1283280182643934,0.0008685085287756,-9.641916187074028e-06,0.0,-3.0357660829594124e-18,0.0,2862,0.644854543916951,9.641916187074028e-06,3.0357660829594124e-18,SHAP_content
0.1065209868540495,0.0636164588489383,0.0023204030706871,-0.0004145499015096,0.0,0.0,0.0,3754,0.1724578487736749,0.0004145499015096,0.0,SHAP_content
0.4429395981567298,0.0137813874080647,0.0007822401748496,0.0001039592981398,0.0,6.938893903907228e-18,0.0,879,0.4575032257396442,0.0001039592981398,6.938893903907228e-18,SHAP_content
0.3726430027847063,0.0769554599736589,0.001021896616672,0.0001183440266994,0.0,3.469446951953614e-18,0.0,1029,0.4506203593750374,0.0001183440266994,3.469446951953614e-18,SHAP_content
-0.2519165242472717,-0.1776248164898093,-0.0013330044000031,-1.5159323556012544e-05,0.0,3.469446951953614e-18,0.0,3282,0.430874345137084,1.5159323556012544e-05,3.469446951953614e-18,SHAP_content
0.2821859392006157,0.1620550389066766,0.0008250159397799,0.0001683992235915,0.0,-1.0408340855860844e-17,0.0,466,0.4450659940470723,0.0001683992235915,1.0408340855860844e-17,SHAP_content
-0.4479744681403902,-0.0155393301481623,-0.0007858673334465,-2.3879557392136224e-05,0.0,-3.2526065174565133e-18,0.0,2265,0.4642996656219991,2.3879557392136224e-05,3.2526065174565133e-18,SHAP_content
0.0179909532363885,0.0903272975624202,0.0023451472766031,-0.0003121582433163,0.0,0.0,0.0,4236,0.1106633980754119,0.0003121582433163,0.0,SHAP_content
-0.3986926366489808,-0.0598845854093568,-0.0009188594755626,8.614030702837512e-06,0.0,-8.673617379884035e-19,0.0,4045,0.4594960815339003,8.614030702837512e-06,8.673617379884035e-19,SHAP_content
-0.3149361994072931,-0.106929040716629,-0.001265682561255,-4.572558439138244e-06,0.0,5.204170427930421e-18,0.0,4521,0.4231309226851772,4.572558439138244e-06,5.204170427930421e-18,SHAP_content
0.4047510349763191,-0.0075581878113302,0.0014586188314083,0.0003695388312734,0.0,3.469446951953614e-18,0.0,2493,0.4137678416190577,0.0003695388312734,3.469446951953614e-18,SHAP_content
0.1360496568757258,0.3083193414515604,0.0007483619503293,0.0001170329930481,0.0,-1.3877787807814457e-17,0.0,1160,0.4451173602776155,0.0001170329930481,1.3877787807814457e-17,SHAP_content
-0.4002429607640883,0.2899213567235744,0.0018630091242284,-0.0002981507481398,0.0,-1.5612511283791264e-17,0.0,3083,0.6920273266118911,0.0002981507481398,1.5612511283791264e-17,SHAP_content
0.2444100649036321,0.2095652790031736,0.0011764625021915,0.0001924286852444,0.0,-1.0408340855860844e-17,0.0,1969,0.4551518064089973,0.0001924286852444,1.0408340855860844e-17,SHAP_content
-0.0524979388765439,0.3309684646755241,0.0018477149783999,8.022262267810224e-05,0.0,-2.6020852139652106e-18,0.0,1198,0.385314118530468,8.022262267810224e-05,2.6020852139652106e-18,SHAP_content
0.4801909831533819,-0.0290713992377097,0.0007534194753558,3.91366524017632e-05,0.0,3.469446951953614e-18,0.0,1356,0.5100158018664476,3.91366524017632e-05,3.469446951953614e-18,SHAP_content
0.4482761371859901,-0.082107467540685,0.0016238464333417,3.660327767968444e-05,0.0,-3.469446951953614e-18,0.0,1901,0.5320074511600169,3.660327767968444e-05,3.469446951953614e-18,SHAP_content
0.1970930840859021,0.2535659353173017,0.0011679735879293,9.545865584299068e-05,0.0,0.0,0.0,1975,0.4518269929911332,9.545865584299068e-05,0.0,SHAP_content
0.4223870665871703,0.0311276419604312,0.0008832490707467,0.000113600588381,0.0,-1.0408340855860844e-17,0.0,776,0.4543979576183483,0.000113600588381,1.0408340855860844e-17,SHAP_content
-0.4716219652390023,0.0080289659535281,-0.0007438577137319,1.331185895536149e-05,0.0,-3.469446951953614e-18,0.0,2652,0.4803947889062623,1.331185895536149e-05,3.469446951953614e-18,SHAP_content
0.4641381193723469,-0.0100170243497314,0.0007550943568756,2.6256087675372713e-05,0.0,1.7347234759768068e-17,0.0,568,0.474910238078954,2.6256087675372713e-05,1.7347234759768068e-17,SHAP_content
0.2746528104053185,0.2188454923913945,0.0006020567350324,9.841495687468518e-05,0.0,-2.4286128663675302e-17,0.0,1786,0.4941003595317455,9.841495687468518e-05,2.4286128663675302e-17,SHAP_content
0.4740487861901802,-0.1039034341650614,0.0018105428445102,-0.0002115252119413,0.0,3.469446951953614e-18,0.0,4205,0.5797627631997518,0.0002115252119413,3.469446951953614e-18,SHAP_content
-0.4549456300959542,-0.0086197742387793,-0.0007760827132733,1.7941742926105234e-05,0.0,3.469446951953614e-18,0.0,4091,0.4643414870480069,1.7941742926105234e-05,3.469446951953614e-18,SHAP_content
0.1997336114680401,0.2465263998244443,0.0011302262391141,0.0001932939989531,0.0,3.469446951953614e-18,0.0,25,0.4473902375315986,0.0001932939989531,3.469446951953614e-18,SHAP_content
0.1491446082396328,-0.3947767610109484,-0.0026423301013937,-0.0003406874552597,0.0,3.469446951953614e-18,0.0,3126,0.546563699351975,0.0003406874552597,3.469446951953614e-18,SHAP_content
0.0412783316753627,0.4241425228682504,0.0009941224596452,0.0001553757019143,0.0,-8.673617379884035e-18,0.0,1092,0.4664149770032584,0.0001553757019143,8.673617379884035e-18,SHAP_content
0.2438502867922767,0.1872826287773782,0.0014373818870953,0.0002591771432591,0.0,-6.938893903907228e-18,0.0,1257,0.4325702974567503,0.0002591771432591,6.938893903907228e-18,SHAP_content
0.5080607105454898,-0.1179716123907606,0.0017346836697878,-0.0001178166315507,0.0,0.0,0.0,1998,0.6277670066060383,0.0001178166315507,0.0,SHAP_content
0.2149963257264709,0.2340151485171315,0.0011408568402883,0.0001950678248954,0.0,1.3877787807814457e-17,0.0,84,0.4501523310838908,0.0001950678248954,1.3877787807814457e-17,SHAP_content
0.4428707216657018,0.00472033870537,0.0008883112149307,0.0001304923229365,0.0,-3.469446951953614e-18,0.0,1665,0.4484793715860026,0.0001304923229365,3.469446951953614e-18,SHAP_content
-0.1431238148486745,-0.2687214788932761,-0.0016409887463122,-3.966786058280311e-06,0.0,1.734723475976807e-18,0.0,3487,0.4134862824882629,3.966786058280311e-06,1.734723475976807e-18,SHAP_content
-0.4486867722628682,-0.014852493568557,-0.0007895215125961,6.314268392364208e-06,0.0,-3.469446951953614e-18,0.0,4455,0.4643287873440214,6.314268392364208e-06,3.469446951953614e-18,SHAP_content
-0.3542241822828833,-0.0691448566694567,-0.0011948928062944,-8.396429093218954e-05,0.0,-2.6020852139652106e-18,0.0,2685,0.4245639317586345,8.396429093218954e-05,2.6020852139652106e-18,SHAP_content
-0.3847631738844352,-0.0786192469504837,-0.0009560987798393,1.505260904999077e-05,0.0,1.3010426069826053e-18,0.0,2789,0.4643385196147583,1.505260904999077e-05,1.3010426069826053e-18,SHAP_content
0.5328427571060164,-0.2181117361609913,-0.0030247336755056,-0.0002564861504974,0.0,0.0,0.0,3259,0.7539792269425133,0.0002564861504974,0.0,SHAP_content
0.225878917686348,0.2432676463588934,0.0009860150854702,0.0001303409229415,0.0,-3.469446951953614e-18,0.0,755,0.4701325791307117,0.0001303409229415,3.469446951953614e-18,SHAP_content
-0.354039448687453,-0.108708508394938,-0.0010192373070761,8.162404955254152e-06,0.0,5.204170427930421e-18,0.0,2143,0.4637671943894672,8.162404955254152e-06,5.204170427930421e-18,SHAP_content
0.3520041791802599,0.1016530363982951,0.0010267002974037,0.0001502226682952,0.0,-3.469446951953614e-18,0.0,2199,0.4546839158759589,0.0001502226682952,3.469446951953614e-18,SHAP_content
-0.3760649892052948,-0.0599477939170314,-0.0010832255018673,-2.211796830118608e-06,0.0,-2.6020852139652106e-18,0.0,3903,0.4370960086241935,2.211796830118608e-06,2.6020852139652106e-18,SHAP_content
0.3307127541215912,0.1178420730956958,0.0010918565524153,0.0001653462197114,0.0,-1.7347234759768068e-17,0.0,511,0.4496466837697023,0.0001653462197114,1.7347234759768068e-17,SHAP_content
-0.1282990520417667,-0.3118179069020532,-0.0015941098900445,-7.868346884932521e-05,0.0,-5.204170427930421e-18,0.0,2125,0.4417110688338643,7.868346884932521e-05,5.204170427930421e-18,SHAP_content
0.3510942606639472,0.0971156594037877,0.0010566263931509,0.0001475629200073,0.0,6.938893903907228e-18,0.0,2436,0.4492665464608859,0.0001475629200073,6.938893903907228e-18,SHAP_content
-0.4869854629506717,0.0234184988492056,-0.0007690247762592,1.2488107217888166e-05,0.0,-3.686287386450715e-18,0.0,3209,0.5111729865761366,1.2488107217888166e-05,3.686287386450715e-18,SHAP_content
0.3840797480015295,0.0768647430037428,0.0009040102074329,5.9814596715970086e-05,0.0,1.0408340855860844e-17,0.0,731,0.4618485012127053,5.9814596715970086e-05,1.0408340855860844e-17,SHAP_content
-0.3177749324467556,-0.1451512861545217,-0.001170673112474,-5.934635113931039e-05,0.0,1.734723475976807e-18,0.0,2220,0.4640968917137514,5.934635113931039e-05,1.734723475976807e-18,SHAP_content
0.4793023947907502,-0.0270988830815161,0.000741753933379,5.537442370486326e-05,0.0,-3.469446951953614e-18,0.0,686,0.5071430318056455,5.537442370486326e-05,3.469446951953614e-18,SHAP_content
0.2285744208818793,0.3062988620724403,0.0003914935300515,0.0001112708008795,0.0,3.469446951953614e-18,0.0,530,0.5352647764843712,0.0001112708008795,3.469446951953614e-18,SHAP_content
-0.5001329855076692,0.0367245529132292,-0.0007768759171975,2.6726031343363155e-06,0.0,-3.0357660829594124e-18,0.0,4578,0.5376344143380959,2.6726031343363155e-06,3.0357660829594124e-18,SHAP_content
0.4657413909682572,-0.0126065533594399,0.0007615305067633,0.0001284585619131,0.0,0.0,0.0,765,0.4791094748344605,0.0001284585619131,0.0,SHAP_content
0.4251680540833386,-0.0911116636573752,0.0016563767344227,-0.0002632154271978,0.0,6.938893903907228e-18,0.0,1479,0.5179360944751366,0.0002632154271978,6.938893903907228e-18,SHAP_content
0.1507721524236336,-0.3910543289398238,-0.0026619752860733,3.171546782469378e-05,0.0,3.469446951953614e-18,0.0,2783,0.5444884566495308,3.171546782469378e-05,3.469446951953614e-18,SHAP_content
0.3447592689225347,0.0756905366920243,0.0014657700404322,0.0001587772371021,0.0,-6.938893903907228e-18,0.0,2002,0.4219155756549912,0.0001587772371021,6.938893903907228e-18,SHAP_content
0.1861030854123938,0.2605387080584731,0.0011218033254023,4.0114292082730346e-05,0.0,1.0408340855860844e-17,0.0,1361,0.4477635967962692,4.0114292082730346e-05,1.0408340855860844e-17,SHAP_content
0.5020089558021349,-0.0975212759455652,0.0016299357530013,0.0003716127898771,0.0,-1.7347234759768068e-17,0.0,4560,0.6011601675007016,0.0003716127898771,1.7347234759768068e-17,SHAP_content
-0.3284526101145417,-0.067072307393495,-0.0013709230686557,-2.7569628500644615e-05,0.0,-6.0715321659188256e-18,0.0,3666,0.3968958405766924,2.7569628500644615e-05,6.0715321659188256e-18,SHAP_content
-0.4408727892899055,-0.0226576478159532,-0.0008122752439036,1.9167044681497707e-05,0.0,-1.734723475976807e-18,0.0,4282,0.4643427123497623,1.9167044681497707e-05,1.734723475976807e-18,SHAP_content
0.3707302420590095,0.0775905576111892,0.0010324090630772,0.0001326646399267,0.0,6.938893903907228e-18,0.0,179,0.449353208733276,0.0001326646399267,6.938893903907228e-18,SHAP_content
0.1672783087765217,0.2770320481340074,0.0007917249892966,0.0001323113708377,0.0,-1.5612511283791264e-17,0.0,374,0.4451020818998258,0.0001323113708377,1.5612511283791264e-17,SHAP_content
-0.1828739059663928,0.6278378347397463,0.0002817730501052,-1.1308552794587036e-05,0.0,-1.5395670849294166e-17,0.0,1633,0.8109935137562444,1.1308552794587036e-05,1.5395670849294166e-17,SHAP_content
-0.0845093492290051,-0.2493826215343485,-0.0020433502701537,-8.156719569170356e-05,0.0,0.0,0.0,4102,0.3359353210335074,8.156719569170356e-05,0.0,SHAP_content
-0.358760430007378,-0.0392935841186463,-0.0013196629115797,-2.53673848510114e-05,0.0,-4.3368086899420185e-18,0.0,2757,0.3993736770376041,2.53673848510114e-05,4.3368086899420185e-18,SHAP_content
-0.4651861181631955,0.0670754918084975,-0.001203667725853,-4.873423529847985e-05,0.0,-3.903127820947816e-18,0.0,2985,0.5334652776975461,4.873423529847985e-05,3.903127820947816e-18,SHAP_content
-0.4209795136987825,-0.0425084575834488,-0.0008531438563296,1.7569833480174032e-05,0.0,-6.7220534694101275e-18,0.0,2859,0.4643411151385609,1.7569833480174032e-05,6.7220534694101275e-18,SHAP_content
0.4427759206787392,-0.08146238499451,0.0015822266830026,6.812785930317491e-05,0.0,1.0408340855860844e-17,0.0,1184,0.525820532356252,6.812785930317491e-05,1.0408340855860844e-17,SHAP_content
0.3998174825815096,0.0554290040893721,0.0009290525632801,4.774516122752273e-05,0.0,1.7347234759768068e-17,0.0,1714,0.4561755392341619,4.774516122752273e-05,1.7347234759768068e-17,SHAP_content
0.1999165054202194,0.2447266267861707,0.000910316157992,0.0002046313152779,0.0,6.938893903907228e-18,0.0,3122,0.4455534483643822,0.0002046313152779,6.938893903907228e-18,SHAP_content
-0.2791591389052003,-0.1626255337015253,-0.0012321700270937,-7.178438516336136e-06,0.0,-5.204170427930421e-18,0.0,3184,0.4430168426338194,7.178438516336136e-06,5.204170427930421e-18,SHAP_content
-0.4198828004405678,-0.0436004038279272,-0.0008533720683331,1.3031031747301122e-05,0.0,5.204170427930421e-18,0.0,2055,0.4643365763368282,1.3031031747301122e-05,5.204170427930421e-18,SHAP_content
-0.4223678008976957,-0.0411128499317817,-0.0008569057452511,1.4011270240806915e-05,0.0,-5.421010862427522e-18,0.0,4069,0.4643375565747287,1.4011270240806915e-05,5.421010862427522e-18,SHAP_content
-0.4416954176827465,0.0033680549683533,-0.0009957338126301,-1.575748600978052e-05,0.0,-3.0357660829594124e-18,0.0,2718,0.44605920646373,1.575748600978052e-05,3.0357660829594124e-18,SHAP_content
-0.4105708640747824,-0.0528859679881097,-0.0008857051757998,1.899193361109045e-05,0.0,1.951563910473908e-18,0.0,2080,0.464342537238692,1.899193361109045e-05,1.951563910473908e-18,SHAP_content
0.3613425754788889,-0.0231752516845234,0.0017615970477035,-6.826776763345366e-05,0.0,0.0,0.0,1793,0.3862794242111159,6.826776763345366e-05,0.0,SHAP_content
0.325691741099137,0.1265238902783148,0.0010709816110016,0.0001992088863363,0.0,-1.0408340855860844e-17,0.0,238,0.4532866129884535,0.0001992088863363,1.0408340855860844e-17,SHAP_content
0.2591971582332429,0.1945954795054019,0.001170463520485,0.0002190092013228,0.0,-1.0408340855860844e-17,0.0,127,0.4549631012591299,0.0002190092013228,1.0408340855860844e-17,SHAP_content
0.3144587044305833,0.0627201281395699,0.0016865421413329,8.3885197361383e-05,0.0,-1.3877787807814457e-17,0.0,354,0.3788653747114862,8.3885197361383e-05,1.3877787807814457e-17,SHAP_content
0.2972546276812988,0.1570997986437868,0.001104758781213,0.0002081071626259,0.0,-2.4286128663675302e-17,0.0,164,0.4554591851062986,0.0002081071626259,2.4286128663675302e-17,SHAP_content
0.4772529437607071,-0.0944753257124288,0.0017940744844078,-0.0001911381826157,0.0,-3.469446951953614e-18,0.0,4458,0.573522343957544,0.0001911381826157,3.469446951953614e-18,SHAP_content
0.4967387799749725,-0.0485796270020393,0.0007609022426079,3.456195877863874e-05,0.0,-1.7347234759768068e-17,0.0,1510,0.5460793092196198,3.456195877863874e-05,1.7347234759768068e-17,SHAP_content
-0.3982912940847535,-0.0651371657362432,-0.0009027960207665,7.712025478009022e-06,0.0,4.336808689942019e-19,0.0,4147,0.4643312558417632,7.712025478009022e-06,4.336808689942019e-19,SHAP_content
-0.4547802557556563,-0.0087841036429682,-0.0007781309704296,1.8945063973274407e-05,0.0,-3.469446951953614e-18,0.0,2319,0.4643424903690542,1.8945063973274407e-05,3.469446951953614e-18,SHAP_content
0.1358699646241995,0.3661039488082501,0.0009091985395089,-2.5809155396325917e-05,0.0,-1.0408340855860844e-17,0.0,3199,0.5028831119719587,2.5809155396325917e-05,1.0408340855860844e-17,SHAP_content
0.3664402513517668,0.0795774818781955,0.0010364126823462,0.000177718214068,0.0,-3.469446951953614e-18,0.0,1890,0.4470541459123085,0.000177718214068,3.469446951953614e-18,SHAP_content
0.3378731028121234,0.1066685049336089,0.0008310873579726,6.656663052783535e-06,0.0,3.469446951953614e-18,0.0,1319,0.4453726951037049,6.656663052783535e-06,3.469446951953614e-18,SHAP_content
-0.3793245137178508,-0.0839998098249644,-0.0010131529210735,1.393115893911492e-05,0.0,3.686287386450715e-18,0.0,4266,0.4643374764638888,1.393115893911492e-05,3.686287386450715e-18,SHAP_content
-0.4391086808484379,-0.0244200035431632,-0.0008122732717326,1.7412358255910684e-05,0.0,-1.734723475976807e-18,0.0,3546,0.4643409576633339,1.7412358255910684e-05,1.734723475976807e-18,SHAP_content
-0.332368677138854,-0.1240786203319331,-0.0010599862503295,-9.644912581086712e-06,0.0,-1.734723475976807e-18,0.0,2540,0.4575072837211166,9.644912581086712e-06,1.734723475976807e-18,SHAP_content
0.3271470641694387,0.1257642555311441,0.0010591502045506,0.0001643273419706,0.0,3.469446951953614e-18,0.0,472,0.4539704699051335,0.0001643273419706,3.469446951953614e-18,SHAP_content
-0.4195167387389982,-0.0439586650215027,-0.0008622824205045,1.414087599412592e-05,0.0,-5.204170427930421e-18,0.0,3021,0.4643376861810055,1.414087599412592e-05,5.204170427930421e-18,SHAP_content
0.3616135706471792,0.084614778482382,0.0010441162525773,0.0001705780006774,0.0,-1.0408340855860844e-17,0.0,1997,0.4472724653821386,0.0001705780006774,1.0408340855860844e-17,SHAP_content
0.2693460031251835,0.1768717213214575,0.0011294891158603,0.0001321886536273,0.0,1.0408340855860844e-17,0.0,18,0.4473472135625014,0.0001321886536273,1.0408340855860844e-17,SHAP_content
0.4677590886673809,-0.1873861675582095,0.0019597614777641,-0.0001174696141229,0.0,-3.469446951953614e-18,0.0,3952,0.6571050177033547,0.0001174696141229,3.469446951953614e-18,SHAP_content
0.3541123315230027,0.0966246219222099,0.0010444127930258,0.0001316082702182,0.0,-3.469446951953614e-18,0.0,2956,0.4517813662382384,0.0001316082702182,3.469446951953614e-18,SHAP_content
0.2719180567643082,0.172371113141178,0.0008296661625101,0.0001155572026673,0.0,-1.3877787807814457e-17,0.0,2042,0.4451188360679964,0.0001155572026673,1.3877787807814457e-17,SHAP_content
-0.261102693950373,-0.2006660669121628,-0.0013038455548333,-0.0001433128751847,0.0,4.3368086899420185e-18,0.0,2137,0.4630726064173692,0.0001433128751847,4.3368086899420185e-18,SHAP_content
0.4391981068502023,-0.1495159348810215,0.0017677841651178,-0.0001812744572627,0.0,1.3877787807814457e-17,0.0,1025,0.5904818258963418,0.0001812744572627,1.3877787807814457e-17,SHAP_content
0.4621084284990267,-0.0692283502772993,0.0016703839323672,-0.0001960241751787,0.0,3.469446951953614e-18,0.0,97,0.5330071627086933,0.0001960241751787,3.469446951953614e-18,SHAP_content
-0.2561977549576466,-0.1617166436717901,-0.0013745891943107,-3.593405060445601e-05,0.0,1.734723475976807e-18,0.0,4216,0.4192889878237475,3.593405060445601e-05,1.734723475976807e-18,SHAP_content
0.0166879585875022,0.4278832015326024,0.0006179274772405,4.530567331864632e-05,0.0,-1.5612511283791264e-17,0.0,3114,0.4451890875973452,4.530567331864632e-05,1.5612511283791264e-17,SHAP_content
-0.4733666691975675,0.0097635557221295,-0.0007455616363042,2.512980666156896e-05,0.0,-3.686287386450715e-18,0.0,2835,0.4838757865560013,2.512980666156896e-05,3.686287386450715e-18,SHAP_content
-0.3880193122876094,-0.0703415482078868,-0.0009514193798804,-1.7460699229084747e-05,0.0,-5.204170427930421e-18,0.0,3161,0.4593122798753767,1.7460699229084747e-05,5.204170427930421e-18,SHAP_content
0.4025786649792502,-0.26875146438581,-0.0029855371327084,-0.0004677929371077,0.0,3.469446951953614e-18,0.0,449,0.6743156664977686,0.0004677929371077,3.469446951953614e-18,SHAP_content
0.4281567240333805,0.0294496797693741,0.0008250016581204,4.439806522072223e-05,0.0,3.469446951953614e-18,0.0,550,0.4584314054608752,4.439806522072223e-05,3.469446951953614e-18,SHAP_content
0.3382725011821673,-0.3223863280801894,-0.0030791504689325,1.003751155056673e-05,0.0,-3.469446951953614e-18,0.0,3744,0.6637379797312893,1.003751155056673e-05,3.469446951953614e-18,SHAP_content
0.3313912359297546,0.1195853047233022,0.0010711878021766,0.0001354935126349,0.0,-3.469446951953614e-18,0.0,178,0.4520477284552335,0.0001354935126349,3.469446951953614e-18,SHAP_content
0.5339302082478842,-0.2175172890821661,-0.0030138344207171,-0.0001632304452844,0.0,-1.0408340855860844e-17,0.0,3654,0.7544613317507675,0.0001632304452844,1.0408340855860844e-17,SHAP_content
0.4348560257052201,0.0203390175867299,0.0008306795129974,3.472170091542784e-05,0.0,-1.7347234759768068e-17,0.0,1340,0.4560257228049475,3.472170091542784e-05,1.7347234759768068e-17,SHAP_content
0.1006979493163399,0.0702072061276448,0.0023171942497704,-0.0003156179373737,0.0,-3.469446951953614e-18,0.0,4563,0.1732223496937552,0.0003156179373737,3.469446951953614e-18,SHAP_content
0.2319001010039321,-0.0788900964005735,0.002350997525077,-0.0001972022148579,0.0,-3.469446951953614e-18,0.0,3548,0.3131411949295828,0.0001972022148579,3.469446951953614e-18,SHAP_content
-0.3648926584172859,-0.0983921133842678,-0.0009906986781235,8.362052963316931e-06,0.0,-5.637851296924623e-18,0.0,3520,0.4642754704796772,8.362052963316931e-06,5.637851296924623e-18,SHAP_content
0.2867101482926672,0.1632158850997983,0.0011344284167988,3.2114368503977087e-05,0.0,1.3877787807814457e-17,0.0,1591,0.4510604618092643,3.2114368503977087e-05,1.3877787807814457e-17,SHAP_content
0.1821748676545302,0.2665432163090204,0.0011543036817598,0.0001098136049368,0.0,-1.0408340855860844e-17,0.0,1516,0.4498723876453105,0.0001098136049368,1.0408340855860844e-17,SHAP_content
0.2281432564946377,0.3061793205035093,0.0004001525963538,0.0001067430981603,0.0,3.469446951953614e-18,0.0,741,0.5347227295945008,0.0001067430981603,3.469446951953614e-18,SHAP_content
0.4592558162828198,-0.0084915658321556,0.0008232765698231,2.772228731624804e-05,0.0,2.7755575615628914e-17,0.0,1769,0.4685706586847986,2.772228731624804e-05,2.7755575615628914e-17,SHAP_content
-0.2583186585147175,-0.1646144126109268,-0.0013500766603101,-1.8180781856032627e-05,0.0,5.204170427930421e-18,0.0,4358,0.4242831477859544,1.8180781856032627e-05,5.204170427930421e-18,SHAP_content
0.4435989247480119,0.011024675943322,0.0008119201995504,1.731386613811406e-05,0.0,3.469446951953614e-18,0.0,483,0.4554355208908843,1.731386613811406e-05,3.469446951953614e-18,SHAP_content
0.2921138108876411,-0.1690816818091099,-0.0029182228222028,-0.0002355196079792,0.0,1.0408340855860844e-17,0.0,4671,0.4641137155189539,0.0002355196079792,1.0408340855860844e-17,SHAP_content
-0.2619399926422878,0.1251484678141113,0.0019782079038009,-0.0002824232430711,0.0,-1.734723475976807e-18,0.0,2810,0.3890666683602001,0.0002824232430711,1.734723475976807e-18,SHAP_content
0.2692416407276027,0.2329603854862963,0.0006012768280357,5.362384490548849e-06,0.0,3.469446951953614e-18,0.0,2021,0.5028033030419349,5.362384490548849e-06,3.469446951953614e-18,SHAP_content
-0.5705196669013437,0.1069234675708299,-0.0007025431457802,-2.4802620045869667e-05,0.0,0.0,0.0,4647,0.6781456776179539,2.4802620045869667e-05,0.0,SHAP_content
0.1444648595636534,0.3109659434787472,0.0011561151956695,0.0001412174985664,0.0,-1.7347234759768068e-17,0.0,1910,0.4565869182380701,0.0001412174985664,1.7347234759768068e-17,SHAP_content
0.3070224713538448,0.1482535045708012,0.0010873434241062,0.000142252644293,0.0,-3.469446951953614e-18,0.0,2485,0.4563633193487523,0.000142252644293,3.469446951953614e-18,SHAP_content
0.4965473915054644,-0.0466315229729851,0.0007405795314551,1.9134018985050155e-05,0.0,-3.469446951953614e-18,0.0,780,0.5439194940099047,1.9134018985050155e-05,3.469446951953614e-18,SHAP_content
-0.0209259869157143,0.4654788044460304,0.0005951798002407,8.639594010733959e-05,0.0,1.3010426069826053e-17,0.0,77,0.4869999711619855,8.639594010733959e-05,1.3010426069826053e-17,SHAP_content
0.4562511366287922,-0.0028035986598768,0.0007844579814093,4.334904915983748e-05,0.0,-3.469446951953614e-18,0.0,1889,0.4598391932700784,4.334904915983748e-05,3.469446951953614e-18,SHAP_content
-0.4585525451950294,-0.0050173347730059,-0.0007749773171409,2.235710239890075e-05,0.0,-3.469446951953614e-18,0.0,4340,0.4643448572851763,2.235710239890075e-05,3.469446951953614e-18,SHAP_content
0.4420792875742334,0.0045380755588855,0.0008913906910311,1.0702713267470717e-05,0.0,1.7347234759768068e-17,0.0,673,0.4475087538241502,1.0702713267470717e-05,1.7347234759768068e-17,SHAP_content
0.2252479096948408,-0.2744004257740959,-0.0030313661906256,-1.3926560209053668e-05,0.0,-3.469446951953614e-18,0.0,2203,0.5026797016595624,1.3926560209053668e-05,3.469446951953614e-18,SHAP_content
0.2154367641335948,0.2311938117346702,0.0011262513842569,0.000210915818252,0.0,3.469446951953614e-18,0.0,458,0.4477568272525219,0.000210915818252,3.469446951953614e-18,SHAP_content
-0.2716982686239491,-0.0993273365672296,-0.0015859756284043,-6.384777769579374e-05,0.0,-1.734723475976807e-18,0.0,2865,0.372611580819583,6.384777769579374e-05,1.734723475976807e-18,SHAP_content
0.3907299338993442,0.0584104531261187,0.0009858273120628,0.0001096046762411,0.0,1.0408340855860844e-17,0.0,752,0.4501262143375258,0.0001096046762411,1.0408340855860844e-17,SHAP_content
-0.0117437813553924,0.4576567429844911,0.0008393658426249,3.214419096923653e-05,0.0,1.214306433183765e-17,0.0,121,0.4702398901825085,3.214419096923653e-05,1.214306433183765e-17,SHAP_content
-0.4035633881581005,-0.0598499124718332,-0.0009189166622402,8.671987093116255e-06,0.0,-5.421010862427522e-18,0.0,3637,0.464332217292174,8.671987093116255e-06,5.421010862427522e-18,SHAP_content
0.4721047908101585,-0.0215589067441036,0.0007832966068156,7.250519270289926e-05,0.0,-1.0408340855860844e-17,0.0,699,0.4944469941610778,7.250519270289926e-05,1.0408340855860844e-17,SHAP_content
-0.4430806276842934,-0.0187727132884699,-0.0008032681632281,4.796467079259872e-06,0.0,3.903127820947816e-18,0.0,2924,0.4626566091359916,4.796467079259872e-06,3.903127820947816e-18,SHAP_content
0.2722324858448071,0.1722639232421015,0.0008308516525302,-9.286746877523731e-05,0.0,1.0408340855860844e-17,0.0,4167,0.4453272607394389,9.286746877523731e-05,1.0408340855860844e-17,SHAP_content
0.495190472461922,-0.1755380291707401,0.0021841831684669,-0.0002006895717366,0.0,6.938893903907228e-18,0.0,1492,0.6729126848011292,0.0002006895717366,6.938893903907228e-18,SHAP_content
-0.0212559970000872,-0.1439815348768732,-0.0026282134760064,-0.0001930323053242,0.0,-3.469446951953614e-18,0.0,4633,0.1678657453529669,0.0001930323053242,3.469446951953614e-18,SHAP_content
0.5086665311538274,-0.0599896168932352,0.0007337460605982,9.524021265678792e-05,0.0,-1.0408340855860844e-17,0.0,1948,0.5693898941076609,9.524021265678792e-05,1.0408340855860844e-17,SHAP_content
-0.3885364383789604,-0.0025855613348212,-0.0013209232841714,-3.3071736162978635e-05,0.0,3.469446951953614e-18,0.0,2086,0.3924429229979532,3.3071736162978635e-05,3.469446951953614e-18,SHAP_content
-0.4437098496332228,-0.0198287757974401,-0.0008085594091486,2.363953473074709e-05,0.0,3.686287386450715e-18,0.0,3365,0.4643471848398116,2.363953473074709e-05,3.686287386450715e-18,SHAP_content
0.4224967985645246,0.0064043606388985,0.0013621132686738,0.0003009276032238,0.0,-6.938893903907228e-18,0.0,31,0.430263272472097,0.0003009276032238,6.938893903907228e-18,SHAP_content
-0.3732163368153571,-0.0901099732289861,-0.0009986951801342,1.4964352676410768e-06,0.0,-2.1684043449710093e-18,0.0,2154,0.4643250052244775,1.4964352676410768e-06,2.1684043449710093e-18,SHAP_content
-0.5621217951924912,0.0985024979681621,-0.000716616524839,1.4542695764127502e-05,0.0,-1.0408340855860844e-17,0.0,2758,0.6613409096854924,1.4542695764127502e-05,1.0408340855860844e-17,SHAP_content
-0.2687841987084552,0.2106569273867959,0.0021187034984775,1.149933046361469e-05,0.0,-6.938893903907228e-18,0.0,69,0.4815598295937286,1.149933046361469e-05,6.938893903907228e-18,SHAP_content
0.223692627418042,0.2222870637067838,0.0011279825785122,0.0001852255792883,0.0,-3.469446951953614e-18,0.0,1449,0.4471076737033381,0.0001852255792883,3.469446951953614e-18,SHAP_content
-0.2581229560540788,-0.1963497520992002,-0.0012368246185602,-4.9438820594494e-05,0.0,0.0,0.0,3175,0.4557095327718394,4.9438820594494e-05,0.0,SHAP_content
0.2566677970231339,-0.1126722317055813,0.0023165849338545,-0.0002300120390319,0.0,-3.469446951953614e-18,0.0,3627,0.3716566136625698,0.0002300120390319,3.469446951953614e-18,SHAP_content
-0.4551131608489591,-0.0084465296702074,-0.0007733558785592,9.518255245129746e-06,0.0,-3.469446951953614e-18,0.0,3877,0.4643330463977258,9.518255245129746e-06,3.469446951953614e-18,SHAP_content
-0.4115389116562662,-0.0516876160061046,-0.0008601729768108,1.54886873744973e-05,0.0,-2.1684043449710093e-18,0.0,3959,0.4640867006391817,1.54886873744973e-05,2.1684043449710093e-18,SHAP_content
-0.3784201233848488,-0.0620952768479181,-0.0010584120429121,-4.547819355792213e-05,0.0,-1.1275702593849246e-17,0.0,4465,0.4415738122756791,4.547819355792213e-05,1.1275702593849246e-17,SHAP_content
0.011376886379355,0.4333132891659944,0.0006104962388155,-6.627851350137891e-05,0.0,-1.474514954580286e-17,0.0,3221,0.445300671784165,6.627851350137891e-05,1.474514954580286e-17,SHAP_content
-0.4826742853347398,0.0190962630457221,-0.0007626111731989,1.7210429461290673e-05,0.0,-3.686287386450715e-18,0.0,3146,0.502533159553661,1.7210429461290673e-05,3.686287386450715e-18,SHAP_content
0.2997561700683793,0.150639820445754,0.0011222021129625,0.0001497471866893,0.0,1.7347234759768068e-17,0.0,1531,0.4515181926270959,0.0001497471866893,1.7347234759768068e-17,SHAP_content
-0.3193179208644369,-0.0940305136349781,-0.001307714183058,-2.5619792650069008e-05,0.0,6.0715321659188256e-18,0.0,2432,0.4146561486824731,2.5619792650069008e-05,6.0715321659188256e-18,SHAP_content
-0.4639419273673485,0.0008578979388579,-0.000769251861502,-2.2947890751321386e-05,0.0,-4.336808689942019e-19,0.0,3574,0.4655690771677085,2.2947890751321386e-05,4.336808689942019e-19,SHAP_content
-0.1799906289610175,-0.201950490789168,-0.0016845879208267,-6.699131248580174e-05,0.0,-1.734723475976807e-18,0.0,3182,0.3836257076710122,6.699131248580174e-05,1.734723475976807e-18,SHAP_content
0.378262495588371,-0.0848448889617121,0.0018595880248255,-0.0001725964552832,0.0,-3.469446951953614e-18,0.0,1912,0.4649669725749086,0.0001725964552832,3.469446951953614e-18,SHAP_content
0.3770097129207007,0.073277548187938,0.0010123689660872,0.0001096255807339,0.0,3.469446951953614e-18,0.0,504,0.451299630074726,0.0001096255807339,3.469446951953614e-18,SHAP_content
0.3483021947575332,0.1014026044107115,0.0010553591338663,-1.746138917436621e-05,0.0,3.469446951953614e-18,0.0,339,0.4507601583021111,1.746138917436621e-05,3.469446951953614e-18,SHAP_content
-0.4412180003269345,-0.0223092409988867,-0.0008031764571463,1.0728164714007836e-05,0.0,-3.903127820947816e-18,0.0,3580,0.4643304177829675,1.0728164714007836e-05,3.903127820947816e-18,SHAP_content
-0.3096462652575157,-0.0989000144230598,-0.0013473836220994,1.0020303197260176e-05,0.0,5.204170427930421e-18,0.0,4408,0.4098936633026749,1.0020303197260176e-05,5.204170427930421e-18,SHAP_content
0.4258605185649347,-0.0307257566734635,0.0014191741017555,4.622618689157157e-05,0.0,1.0408340855860844e-17,0.0,798,0.4580054493401538,4.622618689157157e-05,1.0408340855860844e-17,SHAP_content
-0.3425384559542111,-0.1204576191677677,-0.0010598081973784,1.2189504908216056e-05,0.0,-8.673617379884035e-19,0.0,4413,0.4640558833193574,1.2189504908216056e-05,8.673617379884035e-19,SHAP_content
-0.3312750365570657,-0.1172479553558058,-0.0010938795618858,7.667780346838626e-06,0.0,-1.734723475976807e-18,0.0,4517,0.4496168714747574,7.667780346838626e-06,1.734723475976807e-18,SHAP_content
0.2938168694154063,0.1521469559771704,0.0011364579055648,0.0001005864129522,0.0,3.469446951953614e-18,0.0,61,0.4471002832981415,0.0001005864129522,3.469446951953614e-18,SHAP_content
0.3176506144053,0.1266011749897203,0.0008165731061314,0.0001660307695119,0.0,-1.0408340855860844e-17,0.0,1775,0.4450683625011518,0.0001660307695119,1.0408340855860844e-17,SHAP_content
0.2855866850696522,-0.2115929241647509,-0.0030096083727524,-0.0002838893579204,0.0,3.469446951953614e-18,0.0,2845,0.5001892176071556,0.0002838893579204,3.469446951953614e-18,SHAP_content
0.5296981482380956,-0.2074905024498178,0.0021702429799232,-0.0002287816379791,0.0,-1.0408340855860844e-17,0.0,4632,0.7393588936678368,0.0002287816379791,1.0408340855860844e-17,SHAP_content
-0.315740232325461,0.2111953618414004,0.0020270635316638,-5.620851412217092e-05,0.0,1.3010426069826053e-18,0.0,2460,0.5289626576985254,5.620851412217092e-05,1.3010426069826053e-18,SHAP_content
0.4787041900126947,-0.0301780372185016,0.0007952771348448,0.0001335086335265,0.0,-1.3877787807814457e-17,0.0,1567,0.5096775043660413,0.0001335086335265,1.3877787807814457e-17,SHAP_content
-0.4358160973108981,-0.0276972426536692,-0.0008140105171554,3.805176644612737e-06,0.0,1.951563910473908e-18,0.0,2848,0.4643273504817228,3.805176644612737e-06,1.951563910473908e-18,SHAP_content
0.488478756355876,-0.0355177961071553,0.0007321302992978,0.0001185303151136,0.0,1.0408340855860844e-17,0.0,1689,0.5247286827623292,0.0001185303151136,1.0408340855860844e-17,SHAP_content
-0.4289007444403921,-0.034603330921131,-0.0008343390947869,1.5002960438482505e-05,0.0,5.421010862427522e-18,0.0,4153,0.4643384144563101,1.5002960438482505e-05,5.421010862427522e-18,SHAP_content
-0.3374735015741983,-0.0930822105661536,-0.0011873893859106,-2.06838639431493e-05,0.0,-8.673617379884035e-19,0.0,2986,0.4317431015262626,2.06838639431493e-05,8.673617379884035e-19,SHAP_content
-0.3705651264543215,-0.0927899191559798,-0.000966023692807,-1.6063780403094766e-06,0.0,6.5052130349130266e-18,0.0,2419,0.4643210693031084,1.6063780403094766e-06,6.5052130349130266e-18,SHAP_content
0.4724414785344598,-0.020206758048142,0.0007584257903779,-1.2414161732580977e-05,0.0,0.0,0.0,1568,0.4934066623729799,1.2414161732580977e-05,0.0,SHAP_content
-0.399285271310671,-0.0641231550429732,-0.0009267998121889,1.1680860753201594e-05,0.0,1.5178830414797062e-18,0.0,3965,0.4643352261658332,1.1680860753201594e-05,1.5178830414797062e-18,SHAP_content
-0.3880310379385421,-0.0753918453185819,-0.0009152095108032,1.557656656088523e-05,0.0,2.1684043449710093e-18,0.0,2339,0.4643380927679272,1.557656656088523e-05,2.1684043449710093e-18,SHAP_content
0.1567900295441046,-0.1552785938530769,-0.0029808154206935,-3.920867195723529e-05,0.0,1.0408340855860844e-17,0.0,2094,0.3150494388178751,3.920867195723529e-05,1.0408340855860844e-17,SHAP_content
0.3117893078341315,0.1374969603496236,0.0011162230636789,8.485936728481677e-05,0.0,-1.7347234759768068e-17,0.0,2041,0.450402491247434,8.485936728481677e-05,1.7347234759768068e-17,SHAP_content
-0.0893055369604695,-0.2209849764434329,-0.0021266066418805,-7.324864644399007e-05,0.0,-3.469446951953614e-18,0.0,2200,0.312417120045783,7.324864644399007e-05,3.469446951953614e-18,SHAP_content
-0.3929959918090827,-0.0704065097512442,-0.0009181081429323,-2.419309645863236e-06,0.0,4.7704895589362195e-18,0.0,2272,0.4643206097032593,2.419309645863236e-06,4.7704895589362195e-18,SHAP_content
0.2285514481328405,0.3062324779691772,0.0003930221668849,0.0001060561658542,0.0,-3.469446951953614e-18,0.0,381,0.5351769482689027,0.0001060561658542,3.469446951953614e-18,SHAP_content
-0.4295264177593871,-0.0339635103395369,-0.0008349483269791,1.6297272596090418e-06,0.0,4.9873299934333204e-18,0.0,3864,0.4643248764259032,1.6297272596090418e-06,4.9873299934333204e-18,SHAP_content
-0.4431569831170085,-0.0203389041471382,-0.0007879075854727,-5.329333352324574e-06,0.0,-3.0357660829594124e-18,0.0,2412,0.4642837948496194,5.329333352324574e-06,3.0357660829594124e-18,SHAP_content
-0.3651297107379206,-0.0875599925234508,-0.0010182337027435,-1.0642840432179522e-05,0.0,-2.6020852139652106e-18,0.0,3912,0.453707936964115,1.0642840432179522e-05,2.6020852139652106e-18,SHAP_content
0.4902864591960195,-0.0970852946403461,0.0017316648109195,0.0001655937884091,0.0,-1.0408340855860844e-17,0.0,1390,0.5891034186472852,0.0001655937884091,1.0408340855860844e-17,SHAP_content
-0.13164758660249,-0.2503733189291717,-0.0017835159949147,-3.1008229416444946e-05,0.0,-5.204170427930421e-18,0.0,4238,0.3838044215265765,3.1008229416444946e-05,5.204170427930421e-18,SHAP_content
-0.377748256350805,-0.0856137344506471,-0.0009773956259998,1.5841903369830058e-05,0.0,-3.686287386450715e-18,0.0,3914,0.4643393864274519,1.5841903369830058e-05,3.686287386450715e-18,SHAP_content
0.3520316969783227,0.1025339743903377,0.0010183814108418,0.0001352743443111,0.0,1.0408340855860844e-17,0.0,1952,0.4555840527795022,0.0001352743443111,1.0408340855860844e-17,SHAP_content
0.166558302276545,-0.0908234595827011,-0.0029318713763011,-0.0003704183522072,0.0,3.469446951953614e-18,0.0,4162,0.2603136332355473,0.0003704183522072,3.469446951953614e-18,SHAP_content
-0.4723037509187502,0.0087325465896754,-0.000759942208747,8.142503051031648e-06,0.0,-3.686287386450715e-18,0.0,2915,0.4817962397171727,8.142503051031648e-06,3.686287386450715e-18,SHAP_content
-0.4606191084727649,-0.002961409788045,-0.0007620660628731,1.9129915577577187e-05,0.0,2.1684043449710093e-19,0.0,2342,0.464342584323683,1.9129915577577187e-05,2.1684043449710093e-19,SHAP_content
0.446186354685024,0.0072693631858039,0.0008203403038272,9.685962832717623e-05,0.0,1.7347234759768068e-17,0.0,245,0.4542760581746551,9.685962832717623e-05,1.7347234759768068e-17,SHAP_content
0.4631556284147788,-0.011652846762224,0.0007952052367063,0.0001326539590696,0.0,-1.0408340855860844e-17,0.0,1439,0.4756036804137093,0.0001326539590696,1.0408340855860844e-17,SHAP_content
0.3375812232755886,0.1104547924054041,0.0010805317045716,0.0001604713123457,0.0,-6.938893903907228e-18,0.0,1022,0.4491165473855643,0.0001604713123457,6.938893903907228e-18,SHAP_content
-0.4403364071519249,-0.0231925971347734,-0.0008134412498717,1.890023148943935e-05,0.0,-5.0957502106818716e-18,0.0,3233,0.4643424455365701,1.890023148943935e-05,5.0957502106818716e-18,SHAP_content
-0.0504996843218825,0.1903857099612429,0.0022120477214872,0.0002618739945939,0.0,-1.734723475976807e-18,0.0,411,0.2430974420046128,0.0002618739945939,1.734723475976807e-18,SHAP_content
-0.4961757644028225,0.032590584421661,-0.0007577380961928,1.937407446012617e-05,0.0,-3.2526065174565133e-18,0.0,2261,0.5295240869206764,1.937407446012617e-05,3.2526065174565133e-18,SHAP_content
0.3664688591860179,-0.0863982438160637,0.0019176076532113,-6.733778625414924e-05,0.0,-3.469446951953614e-18,0.0,1062,0.4547847106552929,6.733778625414924e-05,3.469446951953614e-18,SHAP_content
0.5175435906505175,-0.2164697652340163,-0.003124566670693,-0.0001603057675026,0.0,-1.0408340855860844e-17,0.0,4609,0.7371379225552269,0.0001603057675026,1.0408340855860844e-17,SHAP_content
-0.4069231697921739,-0.0565058523761566,-0.0009054732809696,1.0950144219496827e-05,0.0,1.951563910473908e-18,0.0,3561,0.4643344954493003,1.0950144219496827e-05,1.951563910473908e-18,SHAP_content
0.3442490313892187,0.1058302103601085,0.0010524756697033,0.0001719188058874,0.0,-1.0408340855860844e-17,0.0,665,0.4511317174190307,0.0001719188058874,1.0408340855860844e-17,SHAP_content
-0.4710044496423992,0.0077563011499553,-0.0007789072368836,-2.465234870671065e-05,0.0,3.903127820947816e-18,0.0,4631,0.4795396580292381,2.465234870671065e-05,3.903127820947816e-18,SHAP_content
0.4524513097525801,0.00293781926461,0.0007728039915728,0.0001145783344102,0.0,-3.469446951953614e-18,0.0,4379,0.456161933008763,0.0001145783344102,3.469446951953614e-18,SHAP_content
-0.3735924018691125,-0.089261705375644,-0.0009562080266762,1.5197098291688804e-05,0.0,5.204170427930421e-18,0.0,4188,0.4638103152714328,1.5197098291688804e-05,5.204170427930421e-18,SHAP_content
-0.3648736384979061,-0.0366148742786701,-0.001293513843484,-3.317859567820644e-06,0.0,-3.469446951953614e-18,0.0,4641,0.4027820266200603,3.317859567820644e-06,3.469446951953614e-18,SHAP_content
0.3845590253340812,0.0637368764333608,0.0010047998647805,0.0001658598360731,0.0,3.469446951953614e-18,0.0,114,0.4493007016322227,0.0001658598360731,3.469446951953614e-18,SHAP_content
0.4369108181954277,-0.0859176893561743,0.001569766638275,4.6237440047215e-05,0.0,-3.469446951953614e-18,0.0,3989,0.5243982741898773,4.6237440047215e-05,3.469446951953614e-18,SHAP_content
-0.2553142806046097,-0.2038959819881028,-0.0012684009968385,6.9389992423778135e-06,0.0,-3.469446951953614e-18,0.0,2302,0.4604786635895511,6.9389992423778135e-06,3.469446951953614e-18,SHAP_content
-0.4064491829211377,-0.056971037320906,-0.0009041558068912,8.307438540576181e-07,0.0,4.9873299934333204e-18,0.0,2477,0.464324376048935,8.307438540576181e-07,4.9873299934333204e-18,SHAP_content
-0.4257484110829878,-0.0367491217550702,-0.0008324532431125,-1.2895868482581604e-07,0.0,-3.903127820947816e-18,0.0,3250,0.4633299860811706,1.2895868482581604e-07,3.903127820947816e-18,SHAP_content
0.3599106035927781,0.0765729647006627,0.0013620150115922,0.0001643097863399,0.0,1.0408340855860844e-17,0.0,118,0.4378455833050332,0.0001643097863399,1.0408340855860844e-17,SHAP_content
0.3150474016665966,0.1376299919066012,0.0010843709075933,0.0001256138858505,0.0,1.3877787807814457e-17,0.0,1981,0.4537617644807913,0.0001256138858505,1.3877787807814457e-17,SHAP_content
-0.2380578271653978,-0.2111943667603596,-0.0012904896911944,-3.973548582921274e-06,0.0,1.734723475976807e-18,0.0,2180,0.4505426836169519,3.973548582921274e-06,1.734723475976807e-18,SHAP_content
-0.0708457437009382,0.5154924015934748,0.000453557909616,0.0001341774685118,0.0,-1.474514954580286e-17,0.0,162,0.5867917032040291,0.0001341774685118,1.474514954580286e-17,SHAP_content
0.3252326929888427,0.1183262242350172,0.0013732274152002,0.0002202922450375,0.0,-1.0408340855860844e-17,0.0,263,0.4449321446390601,0.0002202922450375,1.0408340855860844e-17,SHAP_content
0.3857662389240682,0.0593908637912574,0.0008717108101546,8.86821621754845e-05,0.0,-3.469446951953614e-18,0.0,775,0.4460288135254802,8.86821621754845e-05,3.469446951953614e-18,SHAP_content
-0.3469306454449752,-0.0700866861821423,-0.0012416436281152,-1.573140462808858e-05,0.0,-8.673617379884035e-19,0.0,4264,0.4182589752552327,1.573140462808858e-05,8.673617379884035e-19,SHAP_content
0.3136522119093846,0.1373674377436994,0.0010950285603635,0.0002017005308488,0.0,-1.0408340855860844e-17,0.0,651,0.4521146782134476,0.0002017005308488,1.0408340855860844e-17,SHAP_content
-0.3957936871084369,-0.0676734402300533,-0.0008705925390238,1.883658679569704e-05,0.0,5.637851296924623e-18,0.0,3723,0.4643377198775141,1.883658679569704e-05,5.637851296924623e-18,SHAP_content
-0.4067974893371884,-0.0566248296746729,-0.0008572519990827,1.2822940583150002e-05,0.0,3.903127820947816e-18,0.0,4243,0.4642795710109441,1.2822940583150002e-05,3.903127820947816e-18,SHAP_content
0.4501821228926775,-0.2392728177732687,-0.0027993128876717,-0.0003527823030532,0.0,6.938893903907228e-18,0.0,1170,0.692254253553618,0.0003527823030532,6.938893903907228e-18,SHAP_content
-0.088241169680476,-0.1911237234903729,-0.0022252138863647,-2.3550624080381777e-05,0.0,-1.0408340855860844e-17,0.0,4332,0.2815901070572136,2.3550624080381777e-05,1.0408340855860844e-17,SHAP_content
-0.3708339909903094,-0.0924225122175285,-0.0009803020493544,9.968590123239729e-06,0.0,4.7704895589362195e-18,0.0,3011,0.4642368052571924,9.968590123239729e-06,4.7704895589362195e-18,SHAP_content
0.4953721228016394,-0.235962339335442,-0.0032518295758548,1.55129429432882e-05,0.0,0.0,0.0,4651,0.7345862917129363,1.55129429432882e-05,0.0,SHAP_content
0.0083631793549593,-0.2069446160888962,-0.0026147784631636,-9.337381868923522e-05,0.0,0.0,0.0,3874,0.2179225739070192,9.337381868923522e-05,0.0,SHAP_content
-0.4666073157594976,0.0031709994745205,-0.0007816977269317,-3.289449153903983e-05,0.0,3.469446951953614e-18,0.0,4645,0.4705600129609499,3.289449153903983e-05,3.469446951953614e-18,SHAP_content
0.474583570117116,-0.0254816206419557,0.0007967823162999,0.0001227489196946,0.0,1.0408340855860844e-17,0.0,1368,0.5008619730753717,0.0001227489196946,1.0408340855860844e-17,SHAP_content
0.4926004046532732,-0.0405458520565036,0.0007313773547886,0.0001428269131607,0.0,-2.4286128663675302e-17,0.0,897,0.5338776340645656,0.0001428269131607,2.4286128663675302e-17,SHAP_content
0.4750564007543817,-0.0230933162845342,0.0007510226391399,0.0001338258574161,0.0,-1.0408340855860844e-17,0.0,928,0.498900739678056,0.0001338258574161,1.0408340855860844e-17,SHAP_content
0.1414106555618146,0.3075164830952638,0.0011326263229158,0.0001739082665605,0.0,-3.469446951953614e-18,0.0,14,0.4500597649799943,0.0001739082665605,3.469446951953614e-18,SHAP_content
-0.3507240702737295,-0.1106977518134165,-0.001017678811507,-5.090169371518155e-05,0.0,-6.0715321659188256e-18,0.0,2548,0.4624395008986532,5.090169371518155e-05,6.0715321659188256e-18,SHAP_content
0.3700538065644451,-6.051715047979481e-05,0.0016316175938066,0.000261083285902,0.0,-3.469446951953614e-18,0.0,967,0.3717459413087315,0.000261083285902,3.469446951953614e-18,SHAP_content
0.5054759932086926,-0.0552072574582783,0.0007285235994114,5.490487878495945e-05,0.0,-3.469446951953614e-18,0.0,1106,0.5614117742663824,5.490487878495945e-05,3.469446951953614e-18,SHAP_content
-0.3580012163438776,-0.1052845470137221,-0.0010493618432553,1.1713663899601528e-05,0.0,-2.1684043449710093e-18,0.0,4315,0.4643351252008552,1.1713663899601528e-05,2.1684043449710093e-18,SHAP_content
0.3847820373098325,-0.0842334272056964,0.0018306110291775,-0.0002658915719092,0.0,1.0408340855860844e-17,0.0,3968,0.4708460755447066,0.0002658915719092,1.0408340855860844e-17,SHAP_content
0.4611005564315863,-0.0040175080621662,0.0007542821060929,6.066562413042584e-05,0.0,-2.4286128663675302e-17,0.0,1254,0.4658723465998455,6.066562413042584e-05,2.4286128663675302e-17,SHAP_content
0.1442969441282017,0.2358259873340457,0.0016285882075181,-0.0002235244093555,0.0,-8.673617379884035e-18,0.0,2648,0.3817515196697656,0.0002235244093555,8.673617379884035e-18,SHAP_content
-0.4578791329492347,-0.0056872468644896,-0.0007699470763285,1.2901192648856344e-05,0.0,-2.1684043449710093e-19,0.0,2923,0.4643363268900529,1.2901192648856344e-05,2.1684043449710093e-19,SHAP_content
-0.3153026804280878,-0.1443725873299729,-0.0011084552380149,-1.6465794953898945e-05,0.0,-4.3368086899420185e-18,0.0,4654,0.4607837229960757,1.6465794953898945e-05,4.3368086899420185e-18,SHAP_content
0.4843610552261207,-0.0341960123553011,0.0007544477098676,0.0001309451132248,0.0,0.0,0.0,1639,0.5193115152912895,0.0001309451132248,0.0,SHAP_content
0.4262206631789905,0.0199149934026131,0.0009328125351084,0.000150341592459,0.0,2.4286128663675302e-17,0.0,1133,0.4470684691167121,0.000150341592459,2.4286128663675302e-17,SHAP_content
-0.2886024229567585,-0.1342787875625289,-0.0012986766990312,-4.473762224652643e-05,0.0,1.734723475976807e-18,0.0,4398,0.4241798872183187,4.473762224652643e-05,1.734723475976807e-18,SHAP_content
0.1562712981741355,0.2904955650561072,0.0011209280490863,0.0001617293640764,0.0,3.469446951953614e-18,0.0,3519,0.4478877912793291,0.0001617293640764,3.469446951953614e-18,SHAP_content
0.3903109563521517,-0.2039679240658658,-0.0028808072938924,-0.00038294732613,0.0,1.0408340855860844e-17,0.0,1878,0.59715968771191,0.00038294732613,1.0408340855860844e-17,SHAP_content
0.2968267340138252,0.152455879620272,0.0011277749151136,0.0001710181949635,0.0,1.7347234759768068e-17,0.0,271,0.4504103885492109,0.0001710181949635,1.7347234759768068e-17,SHAP_content
0.4246912938617177,0.0264402190426651,0.000903089685724,5.4205620437352414e-05,0.0,1.7347234759768068e-17,0.0,1473,0.4520346025901068,5.4205620437352414e-05,1.7347234759768068e-17,SHAP_content
0.3881784060347139,0.0643988066276856,0.0009706847076309,3.3887982847643355e-05,0.0,-3.469446951953614e-18,0.0,1547,0.4535478973700305,3.3887982847643355e-05,3.469446951953614e-18,SHAP_content
-0.3353390504235611,-0.1156655539840778,-0.0010824037312704,9.689725703847067e-06,0.0,-8.673617379884035e-19,0.0,4383,0.4520870081389094,9.689725703847067e-06,8.673617379884035e-19,SHAP_content
0.3445393519670435,0.1054300121962736,0.001053864829445,0.0001465948046352,0.0,0.0,0.0,838,0.4510232289927622,0.0001465948046352,0.0,SHAP_content
-0.4289843896131405,-0.0345257963157833,-0.0008338882111574,2.052883500050333e-05,0.0,1.5178830414797062e-18,0.0,2195,0.4643440741400813,2.052883500050333e-05,1.5178830414797062e-18,SHAP_content
0.3888100715247847,0.0592830411036264,0.0009987618117667,-7.526843529165675e-05,0.0,-1.0408340855860844e-17,0.0,1835,0.4490918744401778,7.526843529165675e-05,1.0408340855860844e-17,SHAP_content
0.220144187545958,0.3143143088978356,0.0004225930546628,4.3154579397710474e-05,0.0,-3.469446951953614e-18,0.0,412,0.5348810894984566,4.3154579397710474e-05,3.469446951953614e-18,SHAP_content
0.4757507883268081,-0.0257568611139345,0.0007813781034762,0.0001016808612657,0.0,0.0,0.0,1712,0.5022890275442189,0.0001016808612657,0.0,SHAP_content
-0.4202167228069965,-0.0431927059769869,-0.0008326475079851,1.6599326754457213e-05,0.0,-3.903127820947816e-18,0.0,2795,0.4642420762919686,1.6599326754457213e-05,3.903127820947816e-18,SHAP_content
-0.4372798613923669,-0.0262403523761826,-0.0008153994062255,1.2067869694694889e-05,0.0,-1.734723475976807e-18,0.0,2221,0.4643356131747751,1.2067869694694889e-05,1.734723475976807e-18,SHAP_content
0.1513111094500704,0.2930456576893568,0.0007479672913544,0.0001296588398819,0.0,1.5612511283791264e-17,0.0,377,0.4451047344307817,0.0001296588398819,1.5612511283791264e-17,SHAP_content
0.3742087735241868,0.0838777086247233,0.0009394590348328,7.827411221981648e-05,0.0,-3.469446951953614e-18,0.0,1491,0.4590259411837429,7.827411221981648e-05,3.469446951953614e-18,SHAP_content
0.0558008011082424,0.3890732931779636,0.00082613333584,0.0001141188422822,0.0,5.204170427930421e-18,0.0,738,0.4457002276220461,0.0001141188422822,5.204170427930421e-18,SHAP_content
-0.301555988313513,0.0700956764276356,0.0016903472475198,-0.0002318970214748,0.0,-8.673617379884035e-19,0.0,3377,0.3733420119886685,0.0002318970214748,8.673617379884035e-19,SHAP_content
-0.4314865438328348,-0.032030066126847,-0.0008291731719509,2.223782655207205e-05,0.0,5.204170427930421e-18,0.0,3615,0.4643457831316329,2.223782655207205e-05,5.204170427930421e-18,SHAP_content
-0.0089406621134941,-0.2126773399971067,-0.0025348142652485,-8.286214608919928e-05,0.0,3.469446951953614e-18,0.0,4331,0.2241528163758494,8.286214608919928e-05,3.469446951953614e-18,SHAP_content
0.1285143811315746,0.3201036485173005,0.0011160007851532,0.0001349815957907,0.0,8.673617379884035e-18,0.0,52,0.4497340304340284,0.0001349815957907,8.673617379884035e-18,SHAP_content
-0.3979719207085059,-0.0654349313818969,-0.0009321397372287,1.544652256087035e-05,0.0,-1.5178830414797062e-18,0.0,4114,0.4643389918276316,1.544652256087035e-05,1.5178830414797062e-18,SHAP_content
0.0082953181130855,0.4363328668488971,0.0006329705643014,-2.676225562024681e-05,0.0,1.3877787807814457e-17,0.0,2269,0.445261155526284,2.676225562024681e-05,1.3877787807814457e-17,SHAP_content
-0.4352126343846001,-0.0282800446507815,-0.0007875419505564,-2.8662658794753604e-06,0.0,0.0,0.0,3094,0.464280220985938,2.8662658794753604e-06,0.0,SHAP_content
0.2732952200725377,0.1736046873163184,0.0011325785794297,0.0001492377772314,0.0,1.0408340855860844e-17,0.0,1389,0.4480324859682859,0.0001492377772314,1.0408340855860844e-17,SHAP_content
-0.2315627226687934,-0.116398701642056,-0.0017444526116014,-2.0586244568252324e-05,0.0,-5.204170427930421e-18,0.0,3188,0.3497058769224508,2.0586244568252324e-05,5.204170427930421e-18,SHAP_content
-0.4749035380596639,0.0114779637791968,-0.0007863435852987,2.025288676531624e-05,0.0,-3.903127820947816e-18,0.0,3478,0.4871678454241595,2.025288676531624e-05,3.903127820947816e-18,SHAP_content
-0.1865878871322237,-0.202682045921551,-0.0016409467464351,1.7868691107106316e-06,0.0,0.0,0.0,3433,0.3909108798002099,1.7868691107106316e-06,0.0,SHAP_content
-0.409663589352098,-0.053783427598286,-0.0008889569287505,1.2428574069298485e-05,0.0,-1.5178830414797062e-18,0.0,4191,0.4643359738791346,1.2428574069298485e-05,1.5178830414797062e-18,SHAP_content
-0.4101053841744121,-0.0529564454954771,-0.0008688641863333,1.4840421492272412e-05,0.0,4.336808689942019e-19,0.0,2309,0.4639306938562226,1.4840421492272412e-05,4.336808689942019e-19,SHAP_content
0.2878023316965015,-0.1919934426159761,-0.0029633309400862,-0.000110232653131,0.0,1.0408340855860844e-17,0.0,3222,0.4827591052525639,0.000110232653131,1.0408340855860844e-17,SHAP_content
-0.4410444581693318,-0.0224699456469207,-0.0008060553108119,-3.0861500015715113e-06,0.0,1.5178830414797062e-18,0.0,2590,0.4643204591270645,3.0861500015715113e-06,1.5178830414797062e-18,SHAP_content
0.4774411448790854,-0.0260117406257656,0.0007545354625278,9.315956754203313e-05,0.0,-3.469446951953614e-18,0.0,1632,0.504207420967379,9.315956754203313e-05,3.469446951953614e-18,SHAP_content
-0.4389107875192545,-0.0245074882590764,-0.0007775692713095,1.6796610246717653e-05,0.0,-3.0357660829594124e-18,0.0,4275,0.4641958450496406,1.6796610246717653e-05,3.0357660829594124e-18,SHAP_content
-0.4130161016508414,-0.0504575336244502,-0.0008690631241874,1.9153537948071777e-05,0.0,-1.951563910473908e-18,0.0,3174,0.4643426983994791,1.9153537948071777e-05,1.951563910473908e-18,SHAP_content
-0.3827240151337625,-0.0806561213008121,-0.0009565764225415,1.3171680395438095e-05,0.0,-1.734723475976807e-18,0.0,2976,0.4643367128571162,1.3171680395438095e-05,1.734723475976807e-18,SHAP_content
-0.3993267336463938,-0.0641398822611668,-0.0008566820064956,1.401916114624922e-05,0.0,1.3010426069826053e-18,0.0,4280,0.4643232979140563,1.401916114624922e-05,1.3010426069826053e-18,SHAP_content
0.0297505877486732,0.4147380892240653,0.0006301679666362,0.0001155483312889,0.0,-1.5612511283791264e-17,0.0,467,0.4451188449393748,0.0001155483312889,1.5612511283791264e-17,SHAP_content
-0.4403870352858547,-0.0231405819983065,-0.0008126190636539,1.669104273438406e-05,0.0,4.9873299934333204e-18,0.0,4488,0.4643402363478152,1.669104273438406e-05,4.9873299934333204e-18,SHAP_content
0.4342705009166601,0.0164119287879719,0.0008820290012271,1.0803282018377602e-06,0.0,1.0408340855860844e-17,0.0,903,0.4515644587058591,1.0803282018377602e-06,1.0408340855860844e-17,SHAP_content
0.4251261796419661,-0.2217272795849566,-0.0028512029259946,-0.0002035168730465,0.0,-3.469446951953614e-18,0.0,4469,0.6497046621529173,0.0002035168730465,3.469446951953614e-18,SHAP_content
-0.1182549523675178,0.5629460477391371,0.0004464693797739,9.682851927057552e-05,0.0,-1.6479873021779667e-17,0.0,71,0.681647469486429,9.682851927057552e-05,1.6479873021779667e-17,SHAP_content
-0.4468683059736858,-0.0166671933103125,-0.0008064487454248,1.840272434228444e-05,0.0,5.3125906451789725e-18,0.0,3217,0.4643419480294232,1.840272434228444e-05,5.3125906451789725e-18,SHAP_content
0.2863538459243138,0.1746236188202914,0.0010971280519632,0.0001648864192246,0.0,1.7347234759768068e-17,0.0,1898,0.4620745927965684,0.0001648864192246,1.7347234759768068e-17,SHAP_content
-0.4696559419767963,0.0060652021805392,-0.0007542642661317,2.1461127184635616e-05,0.0,-3.469446951953614e-18,0.0,3995,0.4764754084234672,2.1461127184635616e-05,3.469446951953614e-18,SHAP_content
0.3218748379585202,0.1154055531669357,0.0014060968333661,0.0002696288683604,0.0,0.0,0.0,1207,0.4386864879588221,0.0002696288683604,0.0,SHAP_content
-0.2997051498700748,-0.158453157181463,-0.0011342404461174,-2.3945478987910145e-05,0.0,2.6020852139652106e-18,0.0,2077,0.4592925474976552,2.3945478987910145e-05,2.6020852139652106e-18,SHAP_content
-0.1346078268987779,0.2470764022615139,0.0021748858061614,0.0004158303447166,0.0,-1.734723475976807e-18,0.0,1590,0.3838591149664533,0.0004158303447166,1.734723475976807e-18,SHAP_content
0.2430081668321037,0.2083146423791884,0.0011536264028922,5.952664146481948e-05,0.0,3.469446951953614e-18,0.0,2844,0.4524764356141844,5.952664146481948e-05,3.469446951953614e-18,SHAP_content
-0.4182983708968214,-0.0451715333852566,-0.0008522034203388,-1.3632902319501202e-06,0.0,-1.5178830414797062e-18,0.0,2205,0.4643221077024169,1.3632902319501202e-06,1.5178830414797062e-18,SHAP_content
-0.593058954105082,0.1294264648724256,-0.0006926964030911,1.6437076444139435e-06,0.0,3.2526065174565133e-18,0.0,2980,0.723178115380599,1.6437076444139435e-06,3.2526065174565133e-18,SHAP_content
0.4747147112741895,-0.0244264363323163,0.0007813104968371,4.570010871727745e-05,0.0,-3.469446951953614e-18,0.0,658,0.499922458103343,4.570010871727745e-05,3.469446951953614e-18,SHAP_content
0.2966909959923596,0.1500581614819158,0.0011316660471165,0.0001114766630293,0.0,0.0,0.0,63,0.4478808235213919,0.0001114766630293,0.0,SHAP_content
0.4451294173767187,0.012692890959767,0.0007704966346108,0.0001247549942085,0.0,-6.938893903907228e-18,0.0,1838,0.4585928049710966,0.0001247549942085,6.938893903907228e-18,SHAP_content
-0.0060335896463434,0.3447765972569397,0.0016474473278234,0.0001811623388973,0.0,1.734723475976807e-18,0.0,4000,0.3524576342311066,0.0001811623388973,1.734723475976807e-18,SHAP_content
-0.3626568055303262,-0.1006482418065319,-0.0010000028410849,-1.0582103955413587e-05,0.0,1.3010426069826053e-18,0.0,3036,0.4643050501779431,1.0582103955413587e-05,1.3010426069826053e-18,SHAP_content
0.3859806985249043,-0.1283054398172036,0.001928966343836,6.719996503753642e-05,0.0,-1.7347234759768068e-17,0.0,454,0.516215104685944,6.719996503753642e-05,1.7347234759768068e-17,SHAP_content
-0.3162015206076564,0.2486038010475628,0.0020778054950334,0.0004254184425965,0.0,-4.336808689942019e-19,0.0,402,0.5668831271502527,0.0004254184425965,4.336808689942019e-19,SHAP_content
0.384414451013042,0.0601585086774093,0.0007382309104662,1.5589869147968755e-05,0.0,-1.7347234759768068e-17,0.0,1472,0.4453111906009177,1.5589869147968755e-05,1.7347234759768068e-17,SHAP_content
0.4598791715365544,-0.0087359241404579,0.0008073501386128,9.428205263537978e-05,0.0,-3.469446951953614e-18,0.0,677,0.4694224458156252,9.428205263537978e-05,3.469446951953614e-18,SHAP_content
0.3424610775132893,-0.209864084470854,-0.0029633070283306,-1.166847967725912e-05,0.0,-3.469446951953614e-18,0.0,3356,0.5552884690124741,1.166847967725912e-05,3.469446951953614e-18,SHAP_content
0.1093459759189621,0.2949300119952012,0.0014487929523511,0.0003616393435416,0.0,-2.0816681711721685e-17,0.0,1616,0.4057247808665145,0.0003616393435416,2.0816681711721685e-17,SHAP_content
0.4397144167827117,0.0168660935289522,0.0007967409603733,8.151820025601234e-05,0.0,1.0408340855860844e-17,0.0,1251,0.4573772512720374,8.151820025601234e-05,1.0408340855860844e-17,SHAP_content
0.2677947886984091,0.1802605352719938,0.0011331325189149,0.0001291529716845,0.0,3.469446951953614e-18,0.0,1983,0.4491884564893179,0.0001291529716845,3.469446951953614e-18,SHAP_content
-0.3666547089370844,-0.0879191011072675,-0.0010031295256945,7.076751678929127e-06,0.0,0.0,0.0,3425,0.4555769395700465,7.076751678929127e-06,0.0,SHAP_content
-0.4309064896536884,-0.0326123602468957,-0.0007960667895579,1.9261774962851287e-05,0.0,-3.903127820947816e-18,0.0,3843,0.4643149166901421,1.9261774962851287e-05,3.903127820947816e-18,SHAP_content
0.4355786785542627,0.020536744506864,0.0008178772709091,3.486330911129168e-05,0.0,-2.4286128663675302e-17,0.0,1033,0.4569333003320359,3.486330911129168e-05,2.4286128663675302e-17,SHAP_content
0.1993748702621955,0.2450638347257689,0.0007783794681748,1.7308814524549104e-05,0.0,1.0408340855860844e-17,0.0,174,0.4452170844561393,1.7308814524549104e-05,1.0408340855860844e-17,SHAP_content
-0.0334070548041768,0.500318580277978,0.0008095744384028,0.0001665750471499,0.0,1.214306433183765e-17,0.0,939,0.5345352095205578,0.0001665750471499,1.214306433183765e-17,SHAP_content
-0.4719231236688477,0.008343516484752,-0.0007436555292762,-2.824811702706147e-07,0.0,4.336808689942019e-19,0.0,3102,0.4810102956828761,2.824811702706147e-07,4.336808689942019e-19,SHAP_content
-0.3843021820640366,-0.0790641587158317,-0.0009473332624771,-9.356990263528157e-06,0.0,2.1684043449710093e-18,0.0,2587,0.4643136740423455,9.356990263528157e-06,2.1684043449710093e-18,SHAP_content
0.2855878407037563,0.169513858134724,0.0011336993994029,0.0002047278551985,0.0,-3.469446951953614e-18,0.0,334,0.4562353982378834,0.0002047278551985,3.469446951953614e-18,SHAP_content
0.385262359445342,0.0673083263066326,0.0009743218487125,6.20501215759274e-05,0.0,3.469446951953614e-18,0.0,873,0.4535450076006872,6.20501215759274e-05,3.469446951953614e-18,SHAP_content
0.0275499941932492,0.4168724770028902,0.0006799580253342,0.0001319640491901,0.0,-1.3877787807814457e-17,0.0,2853,0.4451024292214737,0.0001319640491901,1.3877787807814457e-17,SHAP_content
0.3755242697155933,-0.0682882028280857,0.0018287741469573,-1.0848612189789247e-05,0.0,1.7347234759768068e-17,0.0,1486,0.4456412466906364,1.0848612189789247e-05,1.7347234759768068e-17,SHAP_content
-0.418129600370371,-0.045355407919328,-0.0008468635309692,1.0938821976733472e-05,0.0,-1.734723475976807e-18,0.0,4293,0.4643318718206684,1.0938821976733472e-05,1.734723475976807e-18,SHAP_content
0.3067846616854585,0.1422558037216812,0.0011203339401937,0.0001527441232204,0.0,6.938893903907228e-18,0.0,296,0.4501607993473334,0.0001527441232204,6.938893903907228e-18,SHAP_content
0.3235858396561336,0.0173515183712399,0.00180651529364,-4.121117904233931e-05,0.0,-3.469446951953614e-18,0.0,4561,0.3427438733210136,4.121117904233931e-05,3.469446951953614e-18,SHAP_content
0.2877585432757491,-0.2497499465314894,-0.0030588077416784,-0.0001865966749106,0.0,1.7347234759768068e-17,0.0,4501,0.540567297548917,0.0001865966749106,1.7347234759768068e-17,SHAP_content
-0.3197013349928465,-0.1429811761788832,-0.0011304608060709,7.292723078615101e-06,0.0,-2.6020852139652106e-18,0.0,3845,0.4638129719778007,7.292723078615101e-06,2.6020852139652106e-18,SHAP_content
0.2369925684371293,0.030751808839638,0.0021106176097438,-0.0001425714110741,0.0,-1.0408340855860844e-17,0.0,4218,0.2698549948865112,0.0001425714110741,1.0408340855860844e-17,SHAP_content
-0.4167536600740442,-0.0357672978293777,-0.0009266872587689,-4.9507776911268675e-06,0.0,-3.469446951953614e-18,0.0,3760,0.4534476451621909,4.9507776911268675e-06,3.469446951953614e-18,SHAP_content
0.472480065698168,-0.0194123436282363,0.0007466302164351,0.0001128419829847,0.0,-2.4286128663675302e-17,0.0,378,0.4926390395428394,0.0001128419829847,2.4286128663675302e-17,SHAP_content
-0.4045763801001666,-0.0588335666506725,-0.0009175929206996,3.9943664793748446e-06,0.0,-3.2526065174565133e-18,0.0,3110,0.4643275396715388,3.9943664793748446e-06,3.2526065174565133e-18,SHAP_content
-0.3966513659269062,-0.0667491664225322,-0.0009273406336669,4.327687142102266e-06,0.0,-1.5178830414797062e-18,0.0,2770,0.4643278729831053,4.327687142102266e-06,1.5178830414797062e-18,SHAP_content
0.2143667659175305,-0.2769657743377316,-0.0030252873891034,-5.495118072785035e-05,0.0,-3.469446951953614e-18,0.0,3918,0.4943578276443656,5.495118072785035e-05,3.469446951953614e-18,SHAP_content
0.4349680431381031,0.013945705770832,0.0008918142672669,0.0001309809161475,0.0,2.0816681711721685e-17,0.0,4138,0.449805563176202,0.0001309809161475,2.0816681711721685e-17,SHAP_content
0.5178924690050063,-0.2207438556501433,-0.003140131271394,-6.891627404794626e-05,0.0,-6.938893903907228e-18,0.0,2210,0.7417764559265436,6.891627404794626e-05,6.938893903907228e-18,SHAP_content
0.1644732047368874,-0.2369682358382024,-0.0029662426621568,-0.0002085163536207,0.0,6.938893903907228e-18,0.0,2172,0.4044076832372467,0.0002085163536207,6.938893903907228e-18,SHAP_content
-0.2778472815708004,-0.1145080447570216,-0.0014679816094575,-4.192205493879289e-05,0.0,-3.469446951953614e-18,0.0,2599,0.3938233079372797,4.192205493879289e-05,3.469446951953614e-18,SHAP_content
-0.4286204920382325,-0.0348811230944779,-0.0008315037334718,9.57374243997682e-06,0.0,-5.204170427930421e-18,0.0,2052,0.4643331188661823,9.57374243997682e-06,5.204170427930421e-18,SHAP_content
0.4674464860811218,-0.0121118271260384,0.0007444901599479,5.137248741435979e-06,0.0,-3.469446951953614e-18,0.0,915,0.4803028033671082,5.137248741435979e-06,3.469446951953614e-18,SHAP_content
0.1152584167512159,-0.4217268589537719,-0.0024015718433065,-0.0001247806488669,0.0,1.0408340855860844e-17,0.0,4661,0.5393868475482944,0.0001247806488669,1.0408340855860844e-17,SHAP_content
-0.0274829708861392,0.374229948395577,0.0016108250203582,-0.0002415485260999,0.0,1.734723475976807e-18,0.0,4498,0.4033237443020745,0.0002415485260999,1.734723475976807e-18,SHAP_content
-0.6159495795974065,0.1525556080266959,-0.0006978498087454,-2.2253937148524657e-05,0.0,-1.0625181290357945e-17,0.0,2335,0.7692030374328479,2.2253937148524657e-05,1.0625181290357945e-17,SHAP_content
-0.5041479668884977,0.0405708679221819,-0.0007567477998184,1.030146122080384e-05,0.0,3.2526065174565133e-18,0.0,3820,0.5454755826104982,1.030146122080384e-05,3.2526065174565133e-18,SHAP_content
0.4455052537997269,0.0120773586623197,0.0007706697784682,2.953803973152272e-05,0.0,1.0408340855860844e-17,0.0,956,0.4583532822405149,2.953803973152272e-05,1.0408340855860844e-17,SHAP_content
0.3853968032405931,0.0684319980113351,0.0009590770713587,5.812154527729333e-05,0.0,-1.0408340855860844e-17,0.0,1887,0.454787878323287,5.812154527729333e-05,1.0408340855860844e-17,SHAP_content
0.4898295865672348,-0.0418593034491988,0.0007844975761854,7.794498153271961e-05,0.0,-6.938893903907228e-18,0.0,4695,0.5324733875926191,7.794498153271961e-05,6.938893903907228e-18,SHAP_content
-0.6075306653892494,0.1438947471591693,-0.0006884380806806,8.116315971023937e-07,0.0,-2.1684043449710093e-19,0.0,3717,0.7521138506290994,8.116315971023937e-07,2.1684043449710093e-19,SHAP_content
0.1307809481556341,0.3820042708419249,0.0008403349458388,2.817659991027552e-05,0.0,-2.4286128663675302e-17,0.0,4027,0.5136255539433979,2.817659991027552e-05,2.4286128663675302e-17,SHAP_content
0.5278567618473822,-0.2021683789763939,0.0021534605296807,-0.0002995630526733,0.0,-3.469446951953614e-18,0.0,1182,0.7321786013534569,0.0002995630526733,3.469446951953614e-18,SHAP_content
-0.2620220247249757,-0.1989367358054977,-0.0012761567339232,3.971362429203151e-06,0.0,1.734723475976807e-18,0.0,4689,0.4622349172643968,3.971362429203151e-06,1.734723475976807e-18,SHAP_content
0.3374924731316533,0.1199695136663062,0.001023683559785,0.0001378930827498,0.0,1.0408340855860844e-17,0.0,1423,0.4584856703577445,0.0001378930827498,1.0408340855860844e-17,SHAP_content
-0.4843618030426745,0.0401922770150763,-0.0009061099098077,6.227636396333343e-07,0.0,3.903127820947816e-18,0.0,4679,0.5254601899675586,6.227636396333343e-07,3.903127820947816e-18,SHAP_content
-0.5802305495141183,0.1166002087642882,-0.0006953339883727,2.1294331345646927e-06,0.0,-3.469446951953614e-18,0.0,2400,0.6975260922667793,2.1294331345646927e-06,3.469446951953614e-18,SHAP_content
-0.4089079229544651,-0.0545723357933814,-0.0008441663108474,1.1707379896941286e-05,0.0,-5.637851296924623e-18,0.0,2892,0.464324425058694,1.1707379896941286e-05,5.637851296924623e-18,SHAP_content
-0.412710538605409,-0.0507462826518895,-0.0008874347306861,2.0710682924245973e-05,0.0,-1.951563910473908e-18,0.0,3596,0.4643442559879848,2.0710682924245973e-05,1.951563910473908e-18,SHAP_content
0.4549783295302683,-0.0033032692523613,0.0008092457097895,0.0001215129116293,0.0,1.7347234759768068e-17,0.0,1722,0.4590908444924192,0.0001215129116293,1.7347234759768068e-17,SHAP_content
0.4706546063424994,-0.0187219723968525,0.0007665662309533,4.943145160770518e-05,0.0,2.0816681711721685e-17,0.0,1667,0.4901431449703053,4.943145160770518e-05,2.0816681711721685e-17,SHAP_content
-0.4329114081330121,-0.0305978360459435,-0.0008281748255549,1.3873701228314314e-05,0.0,-1.734723475976807e-18,0.0,2884,0.4643374190045106,1.3873701228314314e-05,1.734723475976807e-18,SHAP_content
-0.4612550183763005,-0.0023050082633663,-0.0007577064396801,-5.722157663691236e-06,0.0,-4.336808689942019e-19,0.0,2994,0.464317733079347,5.722157663691236e-06,4.336808689942019e-19,SHAP_content
0.4096740567296996,0.0414939854818333,0.0009275649943422,6.38325087277368e-05,0.0,1.7347234759768068e-17,0.0,886,0.4520956072058752,6.38325087277368e-05,1.7347234759768068e-17,SHAP_content
-0.4920241710293999,0.0333451680546298,-0.0007903958343836,-5.260214675509561e-06,0.0,3.903127820947816e-18,0.0,4056,0.5261597349184135,5.260214675509561e-06,3.903127820947816e-18,SHAP_content
-0.4558632051121595,-0.0074542154783866,-0.0007648785325445,1.0473080460992462e-05,0.0,-3.469446951953614e-18,0.0,4494,0.4640822991230907,1.0473080460992462e-05,3.469446951953614e-18,SHAP_content
0.3753719599193602,0.078104985199745,0.0009788099090062,0.0001471770990591,0.0,1.3877787807814457e-17,0.0,333,0.4544557550281115,0.0001471770990591,1.3877787807814457e-17,SHAP_content
0.2790732238097207,0.1712199202593426,0.0011404045814063,0.0001346129879616,0.0,1.0408340855860844e-17,0.0,153,0.4514335486504697,0.0001346129879616,1.0408340855860844e-17,SHAP_content
0.5075834022888578,-0.0580390057940486,0.000728702437899,2.2975651895427995e-06,0.0,1.0408340855860844e-17,0.0,721,0.5663511105208054,2.2975651895427995e-06,1.0408340855860844e-17,SHAP_content
0.3232175142825521,0.1264499013755696,0.0010885713456376,9.304459545659768e-05,0.0,-3.469446951953614e-18,0.0,373,0.4507559870037593,9.304459545659768e-05,3.469446951953614e-18,SHAP_content
0.0584118504837767,0.3930928355987631,0.0010154602937094,0.0001393167033743,0.0,-1.5612511283791264e-17,0.0,312,0.4525201463762492,0.0001393167033743,1.5612511283791264e-17,SHAP_content
0.3159675360071227,0.1332786931300424,0.0011065966557812,0.0001099677081253,0.0,-3.469446951953614e-18,0.0,1849,0.4503528257929463,0.0001099677081253,3.469446951953614e-18,SHAP_content
0.4945464393077565,-0.0442697020415587,0.0007352804899517,9.59364199711564e-05,0.0,-3.469446951953614e-18,0.0,1622,0.5395514218392671,9.59364199711564e-05,3.469446951953614e-18,SHAP_content
-0.1305319432779677,0.5912215256949236,0.0006239192601098,8.358509411686161e-05,0.0,8.673617379884035e-19,0.0,42,0.7223773882330011,8.358509411686161e-05,8.673617379884035e-19,SHAP_content
-0.3800584329335515,-0.0833208909955031,-0.0009371724128999,9.87267328932508e-06,0.0,5.637851296924623e-18,0.0,2693,0.4643164963419546,9.87267328932508e-06,5.637851296924623e-18,SHAP_content
-0.0929237097227335,0.5421070458045381,0.0007785176562034,0.0001300796632713,0.0,-9.54097911787244e-18,0.0,417,0.635809273183475,0.0001300796632713,9.54097911787244e-18,SHAP_content
-0.172106770888442,-0.1985308598365332,-0.0017481244774534,-7.003027885286832e-05,0.0,5.204170427930421e-18,0.0,4602,0.3723857552024287,7.003027885286832e-05,5.204170427930421e-18,SHAP_content
0.2546657945190327,-0.2645282318537651,-0.0030565243827064,-0.0001597525024369,0.0,1.0408340855860844e-17,0.0,4522,0.5222505507555043,0.0001597525024369,1.0408340855860844e-17,SHAP_content
0.0331500339652046,0.4218461023794346,0.0009149785327471,0.0001045069356047,0.0,-8.673617379884035e-18,0.0,704,0.4559111148773865,0.0001045069356047,8.673617379884035e-18,SHAP_content
0.4511060141723935,0.0032387279417512,0.0007887194369936,9.794195054361672e-05,0.0,3.469446951953614e-18,0.0,732,0.4551334615511384,9.794195054361672e-05,3.469446951953614e-18,SHAP_content
0.4975012952286218,-0.047171814603039,0.0007328616108313,7.791765717420421e-05,0.0,-3.469446951953614e-18,0.0,944,0.5454059714424921,7.791765717420421e-05,3.469446951953614e-18,SHAP_content
-0.4227816897222097,-0.0406993853937751,-0.0008369302260802,-5.528613667412112e-06,0.0,-3.686287386450715e-18,0.0,3614,0.4643180053420651,5.528613667412112e-06,3.686287386450715e-18,SHAP_content
0.4940802086082926,-0.0416336950523597,0.0007294981789731,0.0001383275768647,0.0,6.938893903907228e-18,0.0,1806,0.5364434018396256,0.0001383275768647,6.938893903907228e-18,SHAP_content
0.3833857268512282,0.073527124297029,0.0009335690700508,0.0001251280129879,0.0,1.0408340855860844e-17,0.0,1018,0.457846420218308,0.0001251280129879,1.0408340855860844e-17,SHAP_content
0.455741159714689,-0.0022072549239144,0.0007837825624821,9.063560872160994e-05,0.0,-1.0408340855860844e-17,0.0,907,0.4587321972010856,9.063560872160994e-05,1.0408340855860844e-17,SHAP_content
0.435999274860668,0.0143374232274643,0.000879048445944,6.309415861506865e-05,0.0,-3.469446951953614e-18,0.0,1693,0.4512157465340765,6.309415861506865e-05,3.469446951953614e-18,SHAP_content
-0.1467878479379282,-0.2387971829601428,-0.0017272409152549,-4.3557274713950864e-05,0.0,1.734723475976807e-18,0.0,2791,0.387312271813326,4.3557274713950864e-05,1.734723475976807e-18,SHAP_content
-0.1934743969922772,-0.2247499937391467,-0.0014918536869056,-2.552399278600917e-06,0.0,-1.734723475976807e-18,0.0,4368,0.4197162444183297,2.552399278600917e-06,1.734723475976807e-18,SHAP_content
-0.0456872105573403,0.4134614600099215,0.0015150474507121,-1.0234958160473297e-05,0.0,-8.673617379884035e-19,0.0,519,0.4606637180179739,1.0234958160473297e-05,8.673617379884035e-19,SHAP_content
0.2499607043006974,0.2014475177551394,0.0011517068730363,0.0001558605400634,0.0,1.3877787807814457e-17,0.0,814,0.4525599289288732,0.0001558605400634,1.3877787807814457e-17,SHAP_content
0.2974572952945934,0.1304524771440129,0.0014588372760772,0.000178019865032,0.0,1.0408340855860844e-17,0.0,818,0.4293686097146835,0.000178019865032,1.0408340855860844e-17,SHAP_content
0.269693915743761,0.1745232670538318,0.0008349815539828,0.0001927789412133,0.0,1.3877787807814457e-17,0.0,3449,0.4450521643515758,0.0001927789412133,1.3877787807814457e-17,SHAP_content
0.0911868950817601,0.3725870380780861,0.0010185033732531,1.4810779618214254e-05,0.0,-6.938893903907228e-18,0.0,1522,0.4647924365330993,1.4810779618214254e-05,6.938893903907228e-18,SHAP_content
0.4429085460804939,0.0166687565897987,0.0007729968760717,6.891342263328978e-05,0.0,-3.469446951953614e-18,0.0,1638,0.4603502995463643,6.891342263328978e-05,3.469446951953614e-18,SHAP_content
0.4752928197795549,-0.2197094996773534,-0.0030134492159838,-7.043435688689273e-05,0.0,3.469446951953614e-18,0.0,3557,0.6980157686728921,7.043435688689273e-05,3.469446951953614e-18,SHAP_content
0.0422091599097893,-0.2214990987894528,-0.0026958881504955,-0.0001243284014173,0.0,-1.0408340855860844e-17,0.0,4428,0.2664041468497375,0.0001243284014173,1.0408340855860844e-17,SHAP_content
-0.161338109975571,0.3729647168752714,0.0019898209536872,0.0002236744932036,0.0,-5.204170427930421e-18,0.0,1700,0.5362926478045296,0.0002236744932036,5.204170427930421e-18,SHAP_content
-0.42526350063367,-0.0382149021049186,-0.0008418963431558,-1.9099477910422893e-06,0.0,-5.637851296924623e-18,0.0,3526,0.4643202990817445,1.9099477910422893e-06,5.637851296924623e-18,SHAP_content
-0.4060899461305092,-0.0573424862557335,-0.0008873070053709,-3.8059051368523594e-06,0.0,-4.9873299934333204e-18,0.0,3734,0.4643197393916137,3.8059051368523594e-06,4.9873299934333204e-18,SHAP_content
-0.4416128869962857,-0.0219112522319313,-0.0007964825734761,7.339469476918582e-06,0.0,-3.469446951953614e-18,0.0,3046,0.4643206218016933,7.339469476918582e-06,3.469446951953614e-18,SHAP_content
0.4340706556663822,0.0202701392648787,0.0008525762917798,2.330993138154394e-05,0.0,1.7347234759768068e-17,0.0,1883,0.4551933712230409,2.330993138154394e-05,1.7347234759768068e-17,SHAP_content
-0.0866856104776484,0.5314299344558039,0.0004199672123633,7.010208014557838e-05,0.0,-1.5612511283791264e-17,0.0,2592,0.6185355121458157,7.010208014557838e-05,1.5612511283791264e-17,SHAP_content
0.459100797333982,-0.0041818030887896,0.000760732095205,0.0001130933104238,0.0,3.469446951953614e-18,0.0,379,0.4640433325179766,0.0001130933104238,3.469446951953614e-18,SHAP_content
-0.0917261743500821,0.0142481141086154,0.0022347629501164,-0.0003255225574926,0.0,3.469446951953614e-18,0.0,3775,0.1082090514088141,0.0003255225574926,3.469446951953614e-18,SHAP_content
-0.4304391415327575,-0.0330689788301755,-0.000829498045985,1.407349331019182e-05,0.0,-1.951563910473908e-18,0.0,4003,0.4643376184089182,1.407349331019182e-05,1.951563910473908e-18,SHAP_content
-0.2981055117051393,-0.1425077794071549,-0.0011929675626742,-1.6220303017275284e-05,0.0,1.734723475976807e-18,0.0,2251,0.4418062586749685,1.6220303017275284e-05,1.734723475976807e-18,SHAP_content
-0.46075978194495,-0.0028117312282875,-0.0007681739331826,1.6141801339377565e-05,0.0,-3.469446951953614e-18,0.0,2148,0.4643396871064201,1.6141801339377565e-05,3.469446951953614e-18,SHAP_content
0.4794273699370227,-0.0278114959855649,0.0007481886020273,6.717434129402747e-05,0.0,1.0408340855860844e-17,0.0,3726,0.5079870545246151,6.717434129402747e-05,1.0408340855860844e-17,SHAP_content
-0.3885325257808485,-0.0748131201999015,-0.0009476947290259,-3.0189980114413368e-05,0.0,1.5178830414797062e-18,0.0,2144,0.4642933407097761,3.0189980114413368e-05,1.5178830414797062e-18,SHAP_content
-0.106009811975185,0.0261012573072836,0.0022150724676502,-0.0004328537466143,0.0,3.469446951953614e-18,0.0,2566,0.1343261417501188,0.0004328537466143,3.469446951953614e-18,SHAP_content
0.2199780745404314,0.2313352088536834,0.0011708011811411,0.0002147175699198,0.0,1.0408340855860844e-17,0.0,1803,0.4524840845752559,0.0002147175699198,1.0408340855860844e-17,SHAP_content
-0.4450694166389233,-0.0184683082936709,-0.0008060350378107,2.021466532392568e-05,0.0,-1.951563910473908e-18,0.0,3621,0.464343759970405,2.021466532392568e-05,1.951563910473908e-18,SHAP_content
0.109271702307288,0.3463478056608849,0.0010703829421321,0.0002363110609201,0.0,-1.7347234759768068e-17,0.0,3967,0.456689890910305,0.0002363110609201,1.7347234759768068e-17,SHAP_content
0.4589336394502543,-0.0073392822123673,0.000806496427665,5.8635830850573695e-05,0.0,-3.469446951953614e-18,0.0,1594,0.4670794180902867,5.8635830850573695e-05,3.469446951953614e-18,SHAP_content
0.3582904263484362,-0.1853418792507504,-0.0028721288423791,-0.0003008376982659,0.0,1.7347234759768068e-17,0.0,4328,0.5465044344415659,0.0003008376982659,1.7347234759768068e-17,SHAP_content
0.2546842710857506,0.1896775634727841,0.0008224915569711,5.0067155157974136e-05,0.0,-1.7347234759768068e-17,0.0,1706,0.4451843261155059,5.0067155157974136e-05,1.7347234759768068e-17,SHAP_content
0.4583348676772931,-0.2466909953506331,-0.0028544867730488,-2.3068988880079605e-05,0.0,-3.469446951953614e-18,0.0,4617,0.7078803498009751,2.3068988880079605e-05,3.469446951953614e-18,SHAP_content
-0.4161213220705551,-0.047346616469709,-0.0008761182823703,2.0511517553532983e-05,0.0,0.0,0.0,3790,0.4643440568226345,2.0511517553532983e-05,0.0,SHAP_content
0.408000405677601,0.0442448890970491,0.0009233605048563,0.0001048548505935,0.0,-3.469446951953614e-18,0.0,1820,0.4531686552795065,0.0001048548505935,3.469446951953614e-18,SHAP_content
-0.4189220770748625,0.0410973949416079,-0.0013787225740436,-6.818680521063431e-05,0.0,-3.903127820947816e-18,0.0,2562,0.4613981945905142,6.818680521063431e-05,3.903127820947816e-18,SHAP_content
-0.0246155448303662,-0.2472066004519246,-0.0023700888207046,-0.000279818558729,0.0,3.469446951953614e-18,0.0,2559,0.2741922341029955,0.000279818558729,3.469446951953614e-18,SHAP_content
-0.4064116062158847,-0.0570391745978609,-0.0008793567356592,6.614672763664061e-06,0.0,-1.734723475976807e-18,0.0,4208,0.4643301375494049,6.614672763664061e-06,1.734723475976807e-18,SHAP_content
0.1600646154090355,0.2933442878178531,0.0011716715215332,0.000205224428919,0.0,-1.0408340855860844e-17,0.0,1582,0.4545805747484219,0.000205224428919,1.0408340855860844e-17,SHAP_content
-0.4840938832707556,0.0716626209008924,-0.0010905801696109,6.294818736346953e-06,0.0,8.239936510889834e-18,0.0,2547,0.5568470843412591,6.294818736346953e-06,8.239936510889834e-18,SHAP_content
0.2236803995738815,0.220688108592261,0.0008155867897703,5.0298314750747e-05,0.0,-1.7347234759768068e-17,0.0,319,0.4451840949559129,5.0298314750747e-05,1.7347234759768068e-17,SHAP_content
-0.43211117260632,-0.0308620191531551,-0.0008127580463903,1.6017389109960947e-05,0.0,-3.0357660829594124e-18,0.0,4321,0.4637859498058655,1.6017389109960947e-05,3.0357660829594124e-18,SHAP_content
-0.4255200298750011,-0.0379704988869444,-0.0008407697832753,7.75324013997658e-06,0.0,0.0,0.0,3364,0.4643312985452209,7.75324013997658e-06,0.0,SHAP_content
0.3704165910986144,0.0837429808400857,0.0009836069288236,0.0001710750903957,0.0,0.0,0.0,1763,0.4551431788675239,0.0001710750903957,0.0,SHAP_content
0.2739617945126639,-0.1198732803493734,0.002280419617703,-0.0004700893880454,0.0,0.0,0.0,2843,0.3961154944797403,0.0004700893880454,0.0,SHAP_content
-0.4373043454023236,-0.0262250059303953,-0.0008134007903767,1.920681801611374e-05,0.0,3.686287386450715e-18,0.0,4445,0.4643427521230958,1.920681801611374e-05,3.686287386450715e-18,SHAP_content
-0.5111003118904359,0.0475107599100873,-0.0007541151364738,2.0121812910513324e-05,0.0,-3.469446951953614e-18,0.0,2141,0.5593651869369972,2.0121812910513324e-05,3.469446951953614e-18,SHAP_content
0.1213110380557506,0.3266466546527531,0.0011076797580747,0.0001075765215538,0.0,6.938893903907228e-18,0.0,213,0.4490653724665785,0.0001075765215538,6.938893903907228e-18,SHAP_content
-0.2789413094240067,-0.1815856549983263,-0.001201185596122,1.2856005632709036e-05,0.0,2.6020852139652106e-18,0.0,3497,0.4617281500184551,1.2856005632709036e-05,2.6020852139652106e-18,SHAP_content
0.4256650674201599,0.0257387926517005,0.00089686856545,6.768496187501208e-05,0.0,1.0408340855860844e-17,0.0,803,0.4523007286373105,6.768496187501208e-05,1.0408340855860844e-17,SHAP_content
-0.389978699257571,-0.0734154747953853,-0.0009278405245737,-1.1920127949028442e-06,0.0,-1.734723475976807e-18,0.0,4132,0.4643220145775302,1.1920127949028442e-06,1.734723475976807e-18,SHAP_content
0.1746630348792939,0.0882227221802919,0.0021181788882556,3.84636094436161e-05,0.0,0.0,0.0,105,0.2650039359478416,3.84636094436161e-05,0.0,SHAP_content
-0.2917021545734517,-0.0911051770563096,-0.0015001007433359,-4.4456728713459376e-05,0.0,-3.469446951953614e-18,0.0,3805,0.3843074323730973,4.4456728713459376e-05,3.469446951953614e-18,SHAP_content
-0.2378373509414033,-0.1675641167430073,-0.0014624018664471,-3.186711183550926e-05,0.0,-5.204170427930421e-18,0.0,2806,0.4068638695508578,3.186711183550926e-05,5.204170427930421e-18,SHAP_content
-0.0135461598293299,0.4580434838384103,0.0005883173812419,0.0001487518803415,0.0,-1.3877787807814457e-17,0.0,1465,0.4721779610489823,0.0001487518803415,1.3877787807814457e-17,SHAP_content
-0.4148678966140957,-0.0486212336867581,-0.0008539097528661,1.949475222489316e-05,0.0,-1.734723475976807e-18,0.0,2953,0.4643430400537199,1.949475222489316e-05,1.734723475976807e-18,SHAP_content
0.228228464295554,0.3052755691310642,0.0004096433431436,0.0001099411255354,0.0,-1.0408340855860844e-17,0.0,565,0.5339136767697619,0.0001099411255354,1.0408340855860844e-17,SHAP_content
-0.4952160605622578,0.0316384668475497,-0.0007671363693285,2.119519998191265e-05,0.0,-3.686287386450715e-18,0.0,4686,0.527621663779136,2.119519998191265e-05,3.686287386450715e-18,SHAP_content
-0.439181187669964,-0.0243495941837277,-0.0008125688014357,1.9805350046321377e-05,0.0,-5.0957502106818716e-18,0.0,4345,0.4643433506551275,1.9805350046321377e-05,5.0957502106818716e-18,SHAP_content
-0.1810689153017895,-0.193728429512883,-0.001706999893795,-8.28473184533874e-05,0.0,-1.734723475976807e-18,0.0,2524,0.3765043447084676,8.28473184533874e-05,1.734723475976807e-18,SHAP_content
0.5269970895440713,-0.1969694429006278,0.0021332142630643,-0.0003256752278546,0.0,0.0,0.0,1474,0.7260997467077634,0.0003256752278546,0.0,SHAP_content
-0.1848167132658394,0.0163481507716455,-0.0023847848163373,-0.0001309455226255,0.0,5.204170427930421e-18,0.0,3236,0.2035496488538223,0.0001309455226255,5.204170427930421e-18,SHAP_content
-0.4169123328530406,-0.0465603737017831,-0.0008664492444129,1.561049503171516e-05,0.0,4.9873299934333204e-18,0.0,2829,0.4643391557992367,1.561049503171516e-05,4.9873299934333204e-18,SHAP_content
-0.4983566271526936,0.0347654020894087,-0.0007559470915358,2.3626850663259783e-05,0.0,-3.686287386450715e-18,0.0,2502,0.5338779763336382,2.3626850663259783e-05,3.686287386450715e-18,SHAP_content
0.4793014517421048,-0.0257300919711857,0.0007393328688505,2.4257004490223916e-05,0.0,-1.0408340855860844e-17,0.0,317,0.505770876582141,2.4257004490223916e-05,1.0408340855860844e-17,SHAP_content
0.1538471286405081,0.2904721818883837,0.0007742282318234,0.0001408545099485,0.0,-1.5612511283791264e-17,0.0,1200,0.4450935387607152,0.0001408545099485,1.5612511283791264e-17,SHAP_content
-0.4345460550509259,-0.0289709897516595,-0.0008236720457594,1.7171543263969904e-05,0.0,-5.0957502106818716e-18,0.0,2278,0.4643407168483449,1.7171543263969904e-05,5.0957502106818716e-18,SHAP_content
0.4915077091442872,-0.0401631247691507,0.0007339114183062,7.034161638868469e-06,0.0,-3.469446951953614e-18,0.0,652,0.5324047453317442,7.034161638868469e-06,3.469446951953614e-18,SHAP_content
0.3075347010884851,0.141287706789097,0.001119453674599,0.0001401178734203,0.0,0.0,0.0,70,0.4499418615521812,0.0001401178734203,0.0,SHAP_content
-0.4165354395184366,-0.0467748303776743,-0.0008468410531979,1.1212383985457174e-05,0.0,-1.734723475976807e-18,0.0,2658,0.4641571109493089,1.1212383985457174e-05,1.734723475976807e-18,SHAP_content
0.3240992649406849,0.1315276936245292,0.0010519961531094,0.0001223755220972,0.0,-3.469446951953614e-18,0.0,1174,0.4566789547183235,0.0001223755220972,3.469446951953614e-18,SHAP_content
0.3838705382656684,0.064372083047207,0.0010063596984221,6.642307784812673e-05,0.0,-1.3877787807814457e-17,0.0,1088,0.4492489810112976,6.642307784812673e-05,1.3877787807814457e-17,SHAP_content
0.1417866500033905,-0.078923978323533,-0.0029197795681587,-0.0001163638884898,0.0,3.469446951953614e-18,0.0,4667,0.2236304078950824,0.0001163638884898,3.469446951953614e-18,SHAP_content
0.0849233044430926,0.3711150513898612,0.0010123493901602,0.0001920570165134,0.0,-3.469446951953614e-18,0.0,410,0.4570507052231141,0.0001920570165134,3.469446951953614e-18,SHAP_content
-0.3909038494636905,-0.072243150184991,-0.0009085064074602,-7.896261111947894e-06,0.0,-3.0357660829594124e-18,0.0,4064,0.4640555060561418,7.896261111947894e-06,3.0357660829594124e-18,SHAP_content
-0.4144196875052823,-0.0490335875688898,-0.0008874790618991,1.7208831069767368e-05,0.0,-1.951563910473908e-18,0.0,4601,0.4643407541360713,1.7208831069767368e-05,1.951563910473908e-18,SHAP_content
-0.154772903907346,-0.0075005097304978,-0.0024371975664203,-0.0001033491970994,0.0,-3.469446951953614e-18,0.0,2386,0.1647106112042642,0.0001033491970994,3.469446951953614e-18,SHAP_content
-0.2727473363110504,0.0829944919836297,0.0018408149242359,-0.000297320316645,0.0,2.6020852139652106e-18,0.0,2091,0.3575826432189161,0.000297320316645,2.6020852139652106e-18,SHAP_content
0.2259927268062287,0.3088349782659862,0.0003979928263074,7.965827802538031e-05,0.0,-3.469446951953614e-18,0.0,601,0.5352256978985225,7.965827802538031e-05,3.469446951953614e-18,SHAP_content
-0.4027766528582068,-0.0606384892125353,-0.0008885503397496,-1.9752282348758577e-05,0.0,-5.204170427930421e-18,0.0,3013,0.4643036924104917,1.9752282348758577e-05,5.204170427930421e-18,SHAP_content
-0.4763406768215062,0.012759987291316,-0.0007611069432146,1.8753202009584883e-05,0.0,3.2526065174565133e-18,0.0,2219,0.4898617710560369,1.8753202009584883e-05,3.2526065174565133e-18,SHAP_content
-0.4830373506663027,0.0194428056526321,-0.000749437600995,2.0437309584991317e-05,0.0,3.3610267347050637e-18,0.0,2465,0.5032295939199299,2.0437309584991317e-05,3.3610267347050637e-18,SHAP_content
0.140178725102798,0.326021512707239,0.0010526393429805,0.000177451366975,0.0,3.469446951953614e-18,0.0,837,0.4672528771530175,0.000177451366975,3.469446951953614e-18,SHAP_content
-0.3711015274522864,-0.0922746932255544,-0.00095565258334,1.0996911958412528e-05,0.0,-3.469446951953614e-18,0.0,3325,0.4643318732611809,1.0996911958412528e-05,3.469446951953614e-18,SHAP_content
0.492152106235978,-0.0394459651172852,0.0007304257396596,1.9452694049858915e-05,0.0,1.0408340855860844e-17,0.0,624,0.5323284970929228,1.9452694049858915e-05,1.0408340855860844e-17,SHAP_content
0.3797243225472395,0.024239544282466,0.0014785113295705,0.0001728077291856,0.0,1.0408340855860844e-17,0.0,1627,0.4054423781592761,0.0001728077291856,1.0408340855860844e-17,SHAP_content
0.4567068543545166,-0.0030113801516586,0.000779227732367,0.0001059976594439,0.0,3.469446951953614e-18,0.0,806,0.4604974622385423,0.0001059976594439,3.469446951953614e-18,SHAP_content
0.1172132428482989,-0.2943404506773663,-0.0028065087555114,-6.288794558460473e-05,0.0,1.0408340855860844e-17,0.0,3115,0.4143602022811766,6.288794558460473e-05,1.0408340855860844e-17,SHAP_content
0.2699604228901067,0.1745390670265389,0.0008685688306942,7.220896637802343e-05,0.0,1.0408340855860844e-17,0.0,637,0.44536805874734,7.220896637802343e-05,1.0408340855860844e-17,SHAP_content
0.4236362957862093,0.0349354241928249,0.0008225407142749,5.917821639250462e-05,0.0,-3.469446951953614e-18,0.0,423,0.4593942606933093,5.917821639250462e-05,3.469446951953614e-18,SHAP_content
0.2832907284283146,0.1274618072799661,0.0015446525964648,-0.0002339123398376,0.0,-2.4286128663675302e-17,0.0,1996,0.4122971883047456,0.0002339123398376,2.4286128663675302e-17,SHAP_content
0.2041076846515143,-0.2139991607172746,-0.0030005489172192,-0.0002136305363347,0.0,3.469446951953614e-18,0.0,4472,0.4211073942860083,0.0002136305363347,3.469446951953614e-18,SHAP_content
-0.1534388057531452,-0.1853793359780274,-0.0019110499276818,-4.4109970517491534e-05,0.0,1.734723475976807e-18,0.0,2486,0.3407291916588544,4.4109970517491534e-05,1.734723475976807e-18,SHAP_content
0.1276784756412765,0.3253903726625189,0.0011373918129398,0.0001744262900674,0.0,3.469446951953614e-18,0.0,150,0.4542062401167352,0.0001744262900674,3.469446951953614e-18,SHAP_content
-0.3566379376127878,-0.1066491113046203,-0.0010285588800253,1.1817193850258232e-05,0.0,-1.3010426069826053e-18,0.0,3109,0.4643156077974336,1.1817193850258232e-05,1.3010426069826053e-18,SHAP_content
0.2974277303135531,0.1353760596410574,0.0014343561450176,0.0001058825241242,0.0,-1.0408340855860844e-17,0.0,1580,0.4342381460996281,0.0001058825241242,1.0408340855860844e-17,SHAP_content
0.4401064737637137,0.0097232699218542,0.0008715775235882,7.320458409062688e-05,0.0,1.7347234759768068e-17,0.0,626,0.4507013212091562,7.320458409062688e-05,1.7347234759768068e-17,SHAP_content
-0.1740489080796597,0.2398910003262721,0.0021940266762509,-0.0004653976225667,0.0,-1.214306433183765e-17,0.0,3002,0.4161339350821827,0.0004653976225667,1.214306433183765e-17,SHAP_content
-0.2052485342118933,-0.1656961887862129,-0.0016731375134744,-6.019069006861846e-05,0.0,0.0,0.0,3796,0.3726178605115806,6.019069006861846e-05,0.0,SHAP_content
0.4836598119864483,-0.0294361901160363,0.0007337007831796,0.0001077838891669,0.0,3.469446951953614e-18,0.0,3481,0.5138297028856643,0.0001077838891669,3.469446951953614e-18,SHAP_content
-0.1708293703781558,0.6157271907812939,0.0002839613024707,5.261156505518422e-05,0.0,-1.5612511283791264e-17,0.0,143,0.7868405224619206,5.261156505518422e-05,1.5612511283791264e-17,SHAP_content
-0.4476184782053972,-0.0098546156074113,-0.0008462460939801,1.347199051633316e-06,0.0,-3.469446951953614e-18,0.0,2574,0.4583193399067888,1.347199051633316e-06,3.469446951953614e-18,SHAP_content
-0.2385206664054437,-0.1814235391378885,-0.0013987108599394,-3.170489677750861e-05,0.0,-5.204170427930421e-18,0.0,4014,0.4213429164032717,3.170489677750861e-05,5.204170427930421e-18,SHAP_content
0.2976384171206765,0.1504241667516911,0.0011290312666453,8.498632638362369e-05,0.0,0.0,0.0,1880,0.449191615139013,8.498632638362369e-05,0.0,SHAP_content
-0.0655431371579785,-0.0849032509896816,-0.002581841044836,-0.0001178835755059,0.0,-8.673617379884035e-18,0.0,3452,0.1530282291924962,0.0001178835755059,8.673617379884035e-18,SHAP_content
-0.3960950630793616,-0.0648040949456934,-0.0009175477611839,-1.3582757081636795e-06,0.0,-2.6020852139652106e-18,0.0,3605,0.461816705786239,1.3582757081636795e-06,2.6020852139652106e-18,SHAP_content
-0.4874776237582736,0.0238839714025206,-0.0007485353136545,1.864236432680866e-05,0.0,3.2526065174565133e-18,0.0,3342,0.5121101304744489,1.864236432680866e-05,3.2526065174565133e-18,SHAP_content
-0.4180958956775334,-0.0453901799630043,-0.0008595002660621,2.203060151924254e-05,0.0,5.421010862427522e-18,0.0,4508,0.4643455759065999,2.203060151924254e-05,5.421010862427522e-18,SHAP_content
-0.405624425134473,-0.0578358324671526,-0.0008488859655046,1.2439711702469469e-05,0.0,-3.903127820947816e-18,0.0,2171,0.4643091435671302,1.2439711702469469e-05,3.903127820947816e-18,SHAP_content
-0.340770422062045,-0.089494813541843,-0.0011903874570028,-7.331630360969069e-05,0.0,-8.673617379884035e-19,0.0,2780,0.4314556230608909,7.331630360969069e-05,8.673617379884035e-19,SHAP_content
0.1102468679876917,0.2238488026024754,0.0018036415422777,0.0002461834331408,0.0,-5.204170427930421e-18,0.0,2832,0.3358993121324449,0.0002461834331408,5.204170427930421e-18,SHAP_content
-0.4191591852653253,-0.0443178522694502,-0.0008535885920679,7.080821762574241e-06,0.0,-1.734723475976807e-18,0.0,4681,0.4643306261268435,7.080821762574241e-06,1.734723475976807e-18,SHAP_content
-0.4147748015411257,-0.0487014917718371,-0.0008601179422608,1.2948683266235514e-05,0.0,-1.951563910473908e-18,0.0,2230,0.4643364112552237,1.2948683266235514e-05,1.951563910473908e-18,SHAP_content
0.0833924007407281,0.3740330781872099,0.001003119196081,0.0001939520375139,0.0,-1.734723475976807e-18,0.0,617,0.4584285981240191,0.0001939520375139,1.734723475976807e-18,SHAP_content
-0.1524013536772687,0.6380194564238824,0.0005326647634769,0.0001369208960709,0.0,-4.3368086899420185e-18,0.0,1324,0.7909534748646281,0.0001369208960709,4.3368086899420185e-18,SHAP_content
0.428345894061087,0.0207414782549699,0.0009010769330211,6.801938855955855e-05,0.0,-3.469446951953614e-18,0.0,690,0.4499884492490781,6.801938855955855e-05,3.469446951953614e-18,SHAP_content
-0.5393611882138326,0.0757595824541842,-0.0007323129908153,1.096188032685794e-05,0.0,-3.2526065174565133e-18,0.0,2288,0.6158530836588322,1.096188032685794e-05,3.2526065174565133e-18,SHAP_content
-0.3955246788403519,-0.0678942498303188,-0.0009211343096333,1.6538226590408515e-05,0.0,-5.421010862427522e-18,0.0,3302,0.464340062980304,1.6538226590408515e-05,5.421010862427522e-18,SHAP_content
0.112584875769789,0.3453303951326109,0.0010492673627342,0.0002193684408935,0.0,-1.7347234759768068e-17,0.0,1350,0.4589645382651341,0.0002193684408935,1.7347234759768068e-17,SHAP_content
0.3134270230094608,-0.1324755864133716,0.0021991269457979,-0.0004213439543897,0.0,-3.469446951953614e-18,0.0,2729,0.4481017363686304,0.0004213439543897,3.469446951953614e-18,SHAP_content
0.4580627748779765,-0.0448338494366317,0.0015644108526523,3.875423466236441e-05,0.0,-1.0408340855860844e-17,0.0,1187,0.5044610351672607,3.875423466236441e-05,1.0408340855860844e-17,SHAP_content
0.4386567890090574,-0.1146156211508472,0.0016672862939111,-0.000162810194812,0.0,-3.469446951953614e-18,0.0,1191,0.5549396964538158,0.000162810194812,3.469446951953614e-18,SHAP_content
-0.0319082782499252,0.450229654285854,0.0012679193908052,0.000355860344693,0.0,6.0715321659188256e-18,0.0,145,0.4834058519265846,0.000355860344693,6.0715321659188256e-18,SHAP_content
-0.3975762758302101,-0.0647220087576083,-0.0009058196394516,-1.1913319815667988e-05,0.0,-1.3010426069826053e-18,0.0,3572,0.4632041042272701,1.1913319815667988e-05,1.3010426069826053e-18,SHAP_content
-0.3452422330738246,-0.1037379887193669,-0.0010756416901616,-4.5771743297238e-06,0.0,8.673617379884035e-19,0.0,4420,0.4500558634833531,4.5771743297238e-06,8.673617379884035e-19,SHAP_content
-0.6308363371091429,0.1675492739412658,-0.0006901524862746,1.0151235764619544e-05,0.0,-3.469446951953614e-18,0.0,3742,0.7990757635366834,1.0151235764619544e-05,3.469446951953614e-18,SHAP_content
0.4097798449227011,0.0469400178077659,0.0008963689376739,0.0001270307736656,0.0,-3.469446951953614e-18,0.0,1762,0.4576162316681409,0.0001270307736656,3.469446951953614e-18,SHAP_content
0.2097267419446546,0.2345528658554642,0.0008084054170311,0.0001463800535138,0.0,-1.7347234759768068e-17,0.0,3800,0.4450880132171501,0.0001463800535138,1.7347234759768068e-17,SHAP_content
0.2745487382145165,0.1820234596508281,0.0011485416354725,0.0001934690622049,0.0,-1.0408340855860844e-17,0.0,1834,0.4577207395008172,0.0001934690622049,1.0408340855860844e-17,SHAP_content
0.3745862464402493,-0.1891129626152784,-0.0028591517589423,-0.000325450408066,0.0,-1.3877787807814457e-17,0.0,4603,0.5665583608144701,0.000325450408066,1.3877787807814457e-17,SHAP_content
0.4887649985255692,-0.0399751121204029,0.0007723447635504,2.1930263720621596e-05,0.0,-1.0408340855860844e-17,0.0,1111,0.5295124554095226,2.1930263720621596e-05,1.0408340855860844e-17,SHAP_content
-0.4364024912392858,-0.0271217017603706,-0.0008137894188323,1.4437113407854243e-05,0.0,1.734723475976807e-18,0.0,2127,0.4643379824184888,1.4437113407854243e-05,1.734723475976807e-18,SHAP_content
-0.3180212170091577,-0.1377893758309162,-0.0010944057291878,1.1397615496459151e-05,0.0,-5.204170427930421e-18,0.0,2277,0.4569049985692617,1.1397615496459151e-05,5.204170427930421e-18,SHAP_content
0.4989579955728576,-0.0504985978962277,0.0007521189865041,8.785377656668134e-05,0.0,-3.469446951953614e-18,0.0,3795,0.5502087124555896,8.785377656668134e-05,3.469446951953614e-18,SHAP_content
0.0859210851826836,0.3640226845078633,0.0010849647441326,0.0002121380992896,0.0,-5.204170427930421e-18,0.0,2499,0.4510287344346796,0.0002121380992896,5.204170427930421e-18,SHAP_content
0.4834890027217565,-0.0315382441102249,0.0007385104530693,5.858770322473075e-05,0.0,-3.469446951953614e-18,0.0,1824,0.5157657572850508,5.858770322473075e-05,3.469446951953614e-18,SHAP_content
-0.2360245701747222,0.0103699620183309,-0.0021770047978497,-0.0001320231740131,0.0,-5.204170427930421e-18,0.0,2788,0.2485715369909029,0.0001320231740131,5.204170427930421e-18,SHAP_content
-0.4133587990676319,-0.0453568748945323,-0.0008927545873756,1.6177012149726135e-05,0.0,-3.903127820947816e-18,0.0,4196,0.45960842854954,1.6177012149726135e-05,3.903127820947816e-18,SHAP_content
0.0554874842027507,-0.1368104086829696,-0.002848642998797,-0.0001369324216307,0.0,-3.469446951953614e-18,0.0,4386,0.1951465358845173,0.0001369324216307,3.469446951953614e-18,SHAP_content
-0.3743911057166379,-0.0763675941948991,-0.0010214402471864,-3.1615803210314694e-06,0.0,-2.6020852139652106e-18,0.0,3827,0.4517801401587235,3.1615803210314694e-06,2.6020852139652106e-18,SHAP_content
-0.397910705436063,-0.0652727451773178,-0.0008897116268868,1.1840264814788528e-05,0.0,1.3010426069826053e-18,0.0,2492,0.4640731622402678,1.1840264814788528e-05,1.3010426069826053e-18,SHAP_content
0.1767685975578979,0.3472492300170223,0.0006755812639836,0.0001310069956941,0.0,-3.469446951953614e-18,0.0,878,0.5246934088389039,0.0001310069956941,3.469446951953614e-18,SHAP_content
0.3625883858913299,0.0886201333270434,0.0010298368458643,0.0001230837915094,0.0,3.469446951953614e-18,0.0,1455,0.4522383560642377,0.0001230837915094,3.469446951953614e-18,SHAP_content
-0.0350653622618508,0.4370731316870962,0.0013495359992299,4.422356167301574e-05,0.0,6.0715321659188256e-18,0.0,391,0.473488029948177,4.422356167301574e-05,6.0715321659188256e-18,SHAP_content
0.0689634638241494,0.0861357241833549,0.0023135284386946,-0.0003553365727518,0.0,5.204170427930421e-18,0.0,4182,0.157412716446199,0.0003553365727518,5.204170427930421e-18,SHAP_content
-0.3800196618536122,-0.083350473037409,-0.0009623063800369,9.108597596325582e-06,0.0,-1.734723475976807e-18,0.0,2283,0.4643324412710582,9.108597596325582e-06,1.734723475976807e-18,SHAP_content
-0.2863388616625685,-0.1654903537030656,-0.0011765739618082,1.634289788433191e-05,0.0,-1.734723475976807e-18,0.0,2714,0.4530057893274424,1.634289788433191e-05,1.734723475976807e-18,SHAP_content
-0.4257261862270924,-0.0377643891061961,-0.0008262614196476,1.370189157982784e-06,0.0,-4.7704895589362195e-18,0.0,2958,0.4643168367529363,1.370189157982784e-06,4.7704895589362195e-18,SHAP_content
0.1029875064833128,0.3722199877392644,0.000997225014946,2.635429284524732e-05,0.0,0.0,0.0,475,0.4762047192375234,2.635429284524732e-05,0.0,SHAP_content
0.4339568645921532,-0.0133201948216948,0.0014209180033221,8.012485570887615e-05,0.0,-1.0408340855860844e-17,0.0,1694,0.4486979774171702,8.012485570887615e-05,1.0408340855860844e-17,SHAP_content
0.3871306932653063,0.0585695508846196,0.0009614799714867,-6.177305369180902e-06,0.0,1.7347234759768068e-17,0.0,1295,0.4466617241214127,6.177305369180902e-06,1.7347234759768068e-17,SHAP_content
-0.4201063273943118,-0.0432382497010778,-0.0008347456886778,4.670638335320821e-06,0.0,2.1684043449710093e-18,0.0,2092,0.4641793227840675,4.670638335320821e-06,2.1684043449710093e-18,SHAP_content
-0.438388175012504,-0.0251102879654108,-0.0008055516384764,-1.9453199762587553e-05,0.0,1.734723475976807e-18,0.0,3050,0.4643040146163913,1.9453199762587553e-05,1.734723475976807e-18,SHAP_content
0.254519720783628,0.1898029297029191,0.0008319222498043,7.982053431230748e-05,0.0,1.0408340855860844e-17,0.0,1137,0.4451545727363514,7.982053431230748e-05,1.0408340855860844e-17,SHAP_content
-0.420893301266482,-0.042578777033798,-0.0008572850589835,5.818054641435356e-06,0.0,1.734723475976807e-18,0.0,2072,0.4643293633592636,5.818054641435356e-06,1.734723475976807e-18,SHAP_content
0.0449830945754941,0.2958415324960904,0.0016852874797123,-0.0002146501563654,0.0,-1.5612511283791264e-17,0.0,832,0.342509914551297,0.0002146501563654,1.5612511283791264e-17,SHAP_content
0.3219860117037408,0.1168262789595466,0.0013995494563603,-5.975609504705465e-05,0.0,-2.0816681711721685e-17,0.0,591,0.4402118401196478,5.975609504705465e-05,2.0816681711721685e-17,SHAP_content
-0.4010006723892017,-0.0624219612410044,-0.0009142605255701,1.3348926968828351e-05,0.0,1.734723475976807e-18,0.0,3592,0.4643368941557762,1.3348926968828351e-05,1.734723475976807e-18,SHAP_content
0.3096457520001581,0.1361692954265305,0.0011315764562886,0.0001512490019442,0.0,3.469446951953614e-18,0.0,109,0.4469466238829773,0.0001512490019442,3.469446951953614e-18,SHAP_content
0.2961209167275808,-0.2734601219441606,-0.003086571994839,-8.138282449693043e-05,0.0,-1.0408340855860844e-17,0.0,4318,0.5726676106665805,8.138282449693043e-05,1.0408340855860844e-17,SHAP_content
0.4572678546225052,-0.0071492517758634,0.0008400356833427,4.155044838207583e-05,0.0,0.0,0.0,1052,0.4652571420817114,4.155044838207583e-05,0.0,SHAP_content
0.0483078047903794,0.4160900302923861,0.0009865282155822,0.0001463651926531,0.0,-5.204170427930421e-18,0.0,1311,0.4653843632983478,0.0001463651926531,5.204170427930421e-18,SHAP_content
0.2435791348925752,0.2224370515448446,0.0010044654048083,5.991662222228425e-05,0.0,1.7347234759768068e-17,0.0,668,0.4670206518422282,5.991662222228425e-05,1.7347234759768068e-17,SHAP_content
0.2983132915881161,0.1493072965197139,0.0011272437893859,5.2290037845997145e-05,0.0,3.469446951953614e-18,0.0,253,0.4487478318972161,5.2290037845997145e-05,3.469446951953614e-18,SHAP_content
-0.4369732855598768,-0.0265231841225342,-0.0008240251213845,-3.0496877288898726e-06,0.0,-4.9873299934333204e-18,0.0,2690,0.4643204948037956,3.0496877288898726e-06,4.9873299934333204e-18,SHAP_content
0.4295805705363952,0.0288799027317089,0.000802541491795,0.0001149050648723,0.0,1.0408340855860844e-17,0.0,843,0.4592630147598992,0.0001149050648723,1.0408340855860844e-17,SHAP_content
0.0965595115239835,0.1055852992334073,0.0022382048647247,-0.0001005776699027,0.0,1.734723475976807e-18,0.0,4159,0.2043830156221157,0.0001005776699027,1.734723475976807e-18,SHAP_content
0.2780866042533075,-0.3603925604142414,-0.0030153929528295,-3.439782625840049e-06,0.0,6.938893903907228e-18,0.0,4509,0.6414945576203785,3.439782625840049e-06,6.938893903907228e-18,SHAP_content
-0.3853421787249567,-0.0780375018721008,-0.00095567662123,1.1812045888753883e-05,0.0,-3.686287386450715e-18,0.0,3374,0.4643353572182876,1.1812045888753883e-05,3.686287386450715e-18,SHAP_content
-0.39255432593189,-0.0708441705109537,-0.0009305715095726,5.524920584598593e-06,0.0,-1.5178830414797062e-18,0.0,3394,0.4643290679524164,5.524920584598593e-06,1.5178830414797062e-18,SHAP_content
-0.0370295091192304,0.5130059299785044,0.0007471633149873,4.625574023162972e-05,0.0,1.5612511283791264e-17,0.0,884,0.5507826024127223,4.625574023162972e-05,1.5612511283791264e-17,SHAP_content
-0.5357945224179331,0.0721899101558707,-0.0007288475612237,1.1767604565424831e-05,0.0,-3.469446951953614e-18,0.0,4547,0.6087132801350276,1.1767604565424831e-05,3.469446951953614e-18,SHAP_content
0.5324532251119409,-0.2171470562139745,-0.0030229720202971,-0.0001395380888169,0.0,-2.4286128663675302e-17,0.0,3996,0.7526232533462126,0.0001395380888169,2.4286128663675302e-17,SHAP_content
0.0193424704421358,0.438492374534241,0.0009097104961124,0.0001663619604666,0.0,-1.734723475976807e-18,0.0,1879,0.4587445554724894,0.0001663619604666,1.734723475976807e-18,SHAP_content
0.4811943589945548,-0.0308850930804873,0.000762005636138,0.0001058240138541,0.0,-1.7347234759768068e-17,0.0,1485,0.5128414577111802,0.0001058240138541,1.7347234759768068e-17,SHAP_content
-0.4404276741660909,-0.023121575669889,-0.0008111074610733,3.681199197229433e-05,0.0,3.2526065174565133e-18,0.0,2417,0.4643603572970533,3.681199197229433e-05,3.2526065174565133e-18,SHAP_content
0.0409159802752643,-0.3143682605582686,-0.0024871867809451,-0.000118039346478,0.0,3.469446951953614e-18,0.0,2737,0.3577714276144781,0.000118039346478,3.469446951953614e-18,SHAP_content
-0.4297752913249194,0.0301968924485498,-0.0012483157137678,-6.004686475008731e-05,0.0,3.0357660829594124e-18,0.0,2267,0.4612204994872371,6.004686475008731e-05,3.0357660829594124e-18,SHAP_content
0.2744884911524077,0.1739303772640993,0.0011339920696623,0.0001835312090246,0.0,-6.938893903907228e-18,0.0,4173,0.4495528604861693,0.0001835312090246,6.938893903907228e-18,SHAP_content
-0.4073189937459719,-0.0561319361360046,-0.0008899215652484,1.730616410483706e-05,0.0,1.951563910473908e-18,0.0,3368,0.464340851447225,1.730616410483706e-05,1.951563910473908e-18,SHAP_content
-0.4134812470803473,-0.0499692938171132,-0.0008363350081308,1.1368579068968003e-05,0.0,-1.3010426069826053e-18,0.0,2808,0.4642868759055914,1.1368579068968003e-05,1.3010426069826053e-18,SHAP_content
0.2220522704707727,0.221821723998233,0.0011671028914677,0.0001932959101903,0.0,-1.7347234759768068e-17,0.0,869,0.4450410973604735,0.0001932959101903,1.7347234759768068e-17,SHAP_content
-0.4685416676508472,0.0050079971091513,-0.0007810503991208,1.2980458344339156e-05,0.0,3.469446951953614e-18,0.0,2468,0.4743307151591193,1.2980458344339156e-05,3.469446951953614e-18,SHAP_content
0.5121664314548972,-0.2057344648356887,0.0022759804491888,-0.0002333713979838,0.0,3.469446951953614e-18,0.0,3893,0.7201768767397747,0.0002333713979838,3.469446951953614e-18,SHAP_content
0.4824661970637152,-0.0326160351728869,0.000763133029197,0.0001013282052222,0.0,1.0408340855860844e-17,0.0,450,0.5158453652657992,0.0001013282052222,1.0408340855860844e-17,SHAP_content
0.4830230135484104,-0.030439667236712,0.0007374175546797,0.0001214870130812,0.0,-1.0408340855860844e-17,0.0,1979,0.5142000983398022,0.0001214870130812,1.0408340855860844e-17,SHAP_content
-0.095445026898543,0.5653646176597749,0.0006576253428633,3.3497051822667205e-05,0.0,-8.673617379884035e-19,0.0,696,0.6614672699011813,3.3497051822667205e-05,8.673617379884035e-19,SHAP_content
0.5067843667212267,-0.1845486675126605,0.0021865221822094,0.00012659448731,0.0,1.0408340855860844e-17,0.0,1741,0.6935195564160966,0.00012659448731,1.0408340855860844e-17,SHAP_content
-0.369503489119011,-0.0935233812043933,-0.0009759421477049,7.997375759110498e-06,0.0,-1.734723475976807e-18,0.0,3718,0.4640028124711093,7.997375759110498e-06,1.734723475976807e-18,SHAP_content
0.2339155688033573,0.211548251543918,0.0010657164978661,7.665732502800185e-05,0.0,-1.0408340855860844e-17,0.0,811,0.4465295368451414,7.665732502800185e-05,1.0408340855860844e-17,SHAP_content
-0.1706560322237888,-0.2806331634304098,-0.0014760185691495,-3.640072509034434e-06,0.0,-1.734723475976807e-18,0.0,3284,0.4527652142233482,3.640072509034434e-06,1.734723475976807e-18,SHAP_content
-0.3956592551882331,-0.0677415801668042,-0.0009417367584896,1.902680848250523e-05,0.0,-4.9873299934333204e-18,0.0,2189,0.464342572113527,1.902680848250523e-05,4.9873299934333204e-18,SHAP_content
0.4845851389217129,-0.0930791654767903,0.0017596264539556,1.1424521077729038e-05,0.0,-3.469446951953614e-18,0.0,505,0.5794239308524588,1.1424521077729038e-05,3.469446951953614e-18,SHAP_content
-0.2525198799449356,-0.2031414733717391,-0.0012549108010292,1.957769224893678e-05,0.0,-1.734723475976807e-18,0.0,3303,0.456916264117704,1.957769224893678e-05,1.734723475976807e-18,SHAP_content
0.1939573757472846,0.2503476082386779,0.0007675595344386,0.0001618497502623,0.0,1.0408340855860844e-17,0.0,405,0.4450725435204013,0.0001618497502623,1.0408340855860844e-17,SHAP_content
0.0436374824049194,0.40627704344896,0.0009887454645148,0.0001208787271717,0.0,8.673617379884035e-18,0.0,3640,0.4509032713183943,0.0001208787271717,8.673617379884035e-18,SHAP_content
0.3613549140329152,-0.0459184360888357,0.001831856157293,-0.000262128391744,0.0,3.469446951953614e-18,0.0,183,0.4091052062790439,0.000262128391744,3.469446951953614e-18,SHAP_content
-0.0640501547665394,0.5087121652611979,0.0004777556428552,9.462713315009762e-05,0.0,1.3010426069826053e-17,0.0,4608,0.5732400756705927,9.462713315009762e-05,1.3010426069826053e-17,SHAP_content
0.3540491159737578,0.0148777682664731,0.0016525162512641,-0.0001085436740784,0.0,-3.469446951953614e-18,0.0,1876,0.3705794004914952,0.0001085436740784,3.469446951953614e-18,SHAP_content
0.3113856585952697,0.1366191219138474,0.0011209675983559,0.0001102625948314,0.0,6.938893903907228e-18,0.0,609,0.4491257481074731,0.0001102625948314,6.938893903907228e-18,SHAP_content
0.4840716541006887,-0.2330613905874539,-0.0031363977027178,-0.0001171112613191,0.0,-1.0408340855860844e-17,0.0,2674,0.7202694423908605,0.0001171112613191,1.0408340855860844e-17,SHAP_content
0.2600409436746862,0.184183786970437,0.0008329084025432,0.0001767542229973,0.0,-1.7347234759768068e-17,0.0,2033,0.4450576390476665,0.0001767542229973,1.7347234759768068e-17,SHAP_content
-0.0993463471872974,-0.0038862123591473,-0.0025983519675598,-0.0001349062634577,0.0,-8.673617379884035e-18,0.0,3981,0.1058309115140045,0.0001349062634577,8.673617379884035e-18,SHAP_content
-0.0271546245264441,0.4716986124813448,0.0005761706633477,0.0001142346524152,0.0,-1.6479873021779667e-17,0.0,1968,0.4994294076711368,0.0001142346524152,1.6479873021779667e-17,SHAP_content
0.4260218544577148,0.0230106505753368,0.0009050511538905,5.447982969325818e-05,0.0,-1.7347234759768068e-17,0.0,20,0.4499375561869421,5.447982969325818e-05,1.7347234759768068e-17,SHAP_content
-0.4204535919812855,-0.0430213438025563,-0.0008582344910816,9.62497011775215e-06,0.0,-1.5178830414797062e-18,0.0,2218,0.4643331702749235,9.62497011775215e-06,1.5178830414797062e-18,SHAP_content
0.1661657666658356,0.2870965044973046,0.0011676382162934,-6.909131934113716e-05,0.0,-2.4286128663675302e-17,0.0,2224,0.4544299093794337,6.909131934113716e-05,2.4286128663675302e-17,SHAP_content
0.4522743039753135,-0.0025256684689795,0.0008567321911483,1.2338275360342791e-05,0.0,-3.469446951953614e-18,0.0,327,0.4556567046354414,1.2338275360342791e-05,3.469446951953614e-18,SHAP_content
0.2110896782142669,0.0656272027120552,0.002085935395515,-0.000371067780788,0.0,3.469446951953614e-18,0.0,3270,0.2788028163218372,0.000371067780788,3.469446951953614e-18,SHAP_content
0.378342016884027,-0.2658000514875032,-0.0030327819844918,-4.1522834086624855e-05,0.0,3.469446951953614e-18,0.0,2518,0.6471748503560221,4.1522834086624855e-05,3.469446951953614e-18,SHAP_content
0.1539884260701723,0.2996273131150055,0.0011699243378925,4.0786022007712613e-05,0.0,-1.7347234759768068e-17,0.0,1874,0.4547856635230703,4.0786022007712613e-05,1.7347234759768068e-17,SHAP_content
-0.2907205396138589,-0.1663446770758957,-0.0011546100294314,7.555421813094237e-06,0.0,-3.469446951953614e-18,0.0,4362,0.4582198267191861,7.555421813094237e-06,3.469446951953614e-18,SHAP_content
0.4206473381176627,0.0317280068823682,0.0009036889527101,0.0001706675073149,0.0,3.469446951953614e-18,0.0,1756,0.4532790339527411,0.0001706675073149,3.469446951953614e-18,SHAP_content
-0.2446095837461539,-0.1253486771545849,-0.0016273180380327,-0.0001618425922576,0.0,-1.734723475976807e-18,0.0,2178,0.3715855789387716,0.0001618425922576,1.734723475976807e-18,SHAP_content
-0.3077359546541807,-0.1411085441667731,-0.0011382441799166,-9.352549674405616e-06,0.0,1.734723475976807e-18,0.0,3410,0.4499827430008704,9.352549674405616e-06,1.734723475976807e-18,SHAP_content
-0.4787291570845705,0.0154241969883778,-0.0007870444291337,5.238540648433432e-06,0.0,0.0,0.0,4605,0.4949403985020821,5.238540648433432e-06,0.0,SHAP_content
0.4778363558059953,-0.0268077828749635,0.0007592359841257,5.054057804065523e-05,0.0,-3.469446951953614e-18,0.0,489,0.5054033746650847,5.054057804065523e-05,3.469446951953614e-18,SHAP_content
0.4867929556007465,-0.0349368840714519,0.000735987832792,3.626747627289567e-06,0.0,3.469446951953614e-18,0.0,606,0.5224658275049905,3.626747627289567e-06,3.469446951953614e-18,SHAP_content
0.3364641900191311,0.1077506893858709,0.0008031029992686,0.0002164108663932,0.0,-1.7347234759768068e-17,0.0,3212,0.4450179824042706,0.0002164108663932,1.7347234759768068e-17,SHAP_content
-0.3345749269097215,-0.0178273061165779,-0.0015790234728046,-3.4885897174313264e-05,0.0,2.6020852139652106e-18,0.0,2464,0.3539812564991041,3.4885897174313264e-05,2.6020852139652106e-18,SHAP_content
0.5059571050968271,-0.0543040892451031,0.0007244666680275,6.180100207204067e-05,0.0,-1.7347234759768068e-17,0.0,1738,0.5609856610099578,6.180100207204067e-05,1.7347234759768068e-17,SHAP_content
0.2135241842098383,0.2385550342755422,0.0011764796412163,0.0002046129602287,0.0,1.7347234759768068e-17,0.0,152,0.453255698126597,0.0002046129602287,1.7347234759768068e-17,SHAP_content
0.4425761118531345,0.0056232765661405,0.0008883075991478,5.978792157922824e-06,0.0,1.0408340855860844e-17,0.0,889,0.4490876960184229,5.978792157922824e-06,1.0408340855860844e-17,SHAP_content
-0.588692547102086,0.1250550907171514,-0.0006897598008314,3.670880684694005e-06,0.0,-1.0299920638612292e-17,0.0,4648,0.7144373976200689,3.670880684694005e-06,1.0299920638612292e-17,SHAP_content
-0.2141195238707722,-0.1347455182391656,-0.001762934619716,-4.471017317484935e-05,0.0,3.469446951953614e-18,0.0,3082,0.3506279767296539,4.471017317484935e-05,3.469446951953614e-18,SHAP_content
0.242874350759161,0.2117975442764732,0.0011836940448192,0.0002228560281316,0.0,1.7347234759768068e-17,0.0,269,0.4558555890804536,0.0002228560281316,1.7347234759768068e-17,SHAP_content
0.3080176415788999,0.140542493693896,0.0011186795580442,0.000118790834538,0.0,-3.469446951953614e-18,0.0,96,0.4496788148308402,0.000118790834538,3.469446951953614e-18,SHAP_content
-0.4152530920750725,-0.0482301405087335,-0.0008595391055265,1.9226387328881217e-05,0.0,3.2526065174565133e-18,0.0,3824,0.4643427716893326,1.9226387328881217e-05,3.2526065174565133e-18,SHAP_content
-0.3608737672051484,-0.1024126005308949,-0.001059530845764,2.237606609893812e-05,0.0,1.734723475976807e-18,0.0,3885,0.4643458985818074,2.237606609893812e-05,1.734723475976807e-18,SHAP_content
0.482805962003906,-0.0511175078411039,0.0014822790458597,0.000236966050314,0.0,-1.7347234759768068e-17,0.0,1799,0.5354057488908698,0.000236966050314,1.7347234759768068e-17,SHAP_content
0.4629613115302317,-0.0084348289235803,0.0007514449727515,8.627507083850891e-05,0.0,-1.7347234759768068e-17,0.0,1572,0.4721475854265635,8.627507083850891e-05,1.7347234759768068e-17,SHAP_content
0.1354116302998188,0.3282380596885099,0.0010436719714966,2.8531501572833656e-05,0.0,3.469446951953614e-18,0.0,1067,0.4646933619598254,2.8531501572833656e-05,3.469446951953614e-18,SHAP_content
-0.3124112198093622,-0.1474662110118262,-0.0011124233456818,-2.7493437188483297e-05,0.0,0.0,0.0,2760,0.4609898541668702,2.7493437188483297e-05,0.0,SHAP_content
0.30973926706653,0.1346364018149277,0.0008242751923704,3.4449196835636964e-05,0.0,-1.3877787807814457e-17,0.0,715,0.4451999440738282,3.4449196835636964e-05,1.3877787807814457e-17,SHAP_content
-0.5621880188804419,0.116484041744276,-0.0008401724105532,7.293827819130315e-07,0.0,-3.0357660829594124e-18,0.0,4059,0.6795122330352712,7.293827819130315e-07,3.0357660829594124e-18,SHAP_content
0.1848979709821264,0.2593906033496883,0.0007800348593209,0.0001657840795281,0.0,-1.7347234759768068e-17,0.0,4665,0.4450686091911357,0.0001657840795281,1.7347234759768068e-17,SHAP_content
-0.4693213677322763,0.0272994828259428,-0.0009469938589847,-2.983827266524403e-05,0.0,3.0357660829594124e-18,0.0,4565,0.497567844417204,2.983827266524403e-05,3.0357660829594124e-18,SHAP_content
0.4775241163368975,-0.0238325939803215,0.0007405725975659,0.0001168949695066,0.0,1.0408340855860844e-17,0.0,1798,0.5020972829147851,0.0001168949695066,1.0408340855860844e-17,SHAP_content
-0.1615657523933424,0.6063958287119604,0.0003598634166911,4.4453535354887445e-05,0.0,1.1709383462843448e-17,0.0,461,0.768321444521994,4.4453535354887445e-05,1.1709383462843448e-17,SHAP_content
0.4486033745182067,-0.2217642117001678,-0.0027630667522589,9.508275898271327e-06,0.0,1.7347234759768068e-17,0.0,2944,0.6731306529706336,9.508275898271327e-06,1.7347234759768068e-17,SHAP_content
0.48892399414311,-0.0394771139311422,0.0007587585551233,6.963852151696884e-05,0.0,-1.0408340855860844e-17,0.0,1795,0.5291598666293755,6.963852151696884e-05,1.0408340855860844e-17,SHAP_content
0.4692319531335075,-0.0702809755777349,0.0016879928243562,5.817666327034843e-05,0.0,0.0,0.0,1869,0.5412009215355987,5.817666327034843e-05,0.0,SHAP_content
0.4963832950094948,-0.048467072267922,0.0007700330512295,3.494959257691749e-05,0.0,0.0,0.0,1345,0.5456204003286464,3.494959257691749e-05,0.0,SHAP_content
0.1926644125450343,0.2550665399744323,0.0011410486733179,0.0001635590891401,0.0,1.0408340855860844e-17,0.0,1214,0.4488720011927846,0.0001635590891401,1.0408340855860844e-17,SHAP_content
0.456887585642622,-0.0011487261710793,0.0007610392785243,3.499872820779404e-05,0.0,0.0,0.0,1372,0.4587973510922257,3.499872820779404e-05,0.0,SHAP_content
0.19642346588155,0.2252931804519697,0.0014594781297248,0.0002318823556982,0.0,-3.469446951953614e-18,0.0,243,0.4231761244632446,0.0002318823556982,3.469446951953614e-18,SHAP_content
-0.3807287582938263,-0.0826557026358837,-0.0009463901863666,8.399136177445268e-06,0.0,-6.938893903907228e-18,0.0,4039,0.4643308511160767,8.399136177445268e-06,6.938893903907228e-18,SHAP_content
-0.2527376590659477,-0.1922805641796511,-0.0012699831856782,-6.199596339486607e-05,0.0,-3.469446951953614e-18,0.0,2799,0.4462882064312771,6.199596339486607e-05,3.469446951953614e-18,SHAP_content
0.4704243944202909,-0.0156587211174432,0.0007465817360941,4.721242758384814e-05,0.0,2.0816681711721685e-17,0.0,1679,0.4868296972738283,4.721242758384814e-05,2.0816681711721685e-17,SHAP_content
-0.4183834882017214,-0.0450918159071305,-0.0008684885842955,2.0247388591714075e-05,0.0,-5.204170427930421e-18,0.0,3850,0.4643437926931475,2.0247388591714075e-05,5.204170427930421e-18,SHAP_content
0.5165341622995925,-0.0937456533621196,0.0014835113716773,0.0002048169999045,0.0,-1.0408340855860844e-17,0.0,1312,0.6117633270333895,0.0002048169999045,1.0408340855860844e-17,SHAP_content
0.1810522887366266,-0.3342603226639579,-0.0029065795141649,-0.0002198113801862,0.0,3.469446951953614e-18,0.0,648,0.5182191909147496,0.0002198113801862,3.469446951953614e-18,SHAP_content
0.1476034806922874,0.296860078336856,0.0007526816153102,1.815262620992984e-05,0.0,-1.5612511283791264e-17,0.0,3238,0.4452162406444538,1.815262620992984e-05,1.5612511283791264e-17,SHAP_content
0.0288756925661486,0.2230669465551196,0.0020060034410048,-0.0002870346691116,0.0,0.0,0.0,2643,0.2539486425622732,0.0002870346691116,0.0,SHAP_content
-0.3855153393290519,-0.07785800414635,-0.0009709644403073,2.0762624401160458e-05,0.0,-2.1684043449710093e-19,0.0,4409,0.4643443079157093,2.0762624401160458e-05,2.1684043449710093e-19,SHAP_content
0.4614742015318741,-0.006322043674522,0.0007535290765464,3.811128213886128e-05,0.0,1.3877787807814457e-17,0.0,155,0.4685497742829426,3.811128213886128e-05,1.3877787807814457e-17,SHAP_content
-0.4552728291969803,-0.008294545817674,-0.0007739877951098,1.7817504683529392e-05,0.0,3.2526065174565133e-18,0.0,3428,0.4643413628097641,1.7817504683529392e-05,3.2526065174565133e-18,SHAP_content
-0.4306819726636866,-0.0328301429134545,-0.0008323332315194,2.0903503579881743e-05,0.0,-1.6263032587282568e-18,0.0,3453,0.4643444488086604,2.0903503579881743e-05,1.6263032587282568e-18,SHAP_content
0.228632240420221,0.3061436117943514,0.0003926004372183,0.0001085913184882,0.0,3.469446951953614e-18,0.0,1303,0.5351684526517908,0.0001085913184882,3.469446951953614e-18,SHAP_content
0.4159273888794368,0.0441338480487902,0.0008128858596071,4.427908115748128e-05,0.0,1.0408340855860844e-17,0.0,1150,0.4608741227878342,4.427908115748128e-05,1.0408340855860844e-17,SHAP_content
-0.4217914804417535,-0.0415470886910429,-0.0008298843915651,2.0295366745591396e-05,0.0,1.734723475976807e-18,0.0,3047,0.4641684535243616,2.0295366745591396e-05,1.734723475976807e-18,SHAP_content
0.4685031765235945,-0.0210710863040264,0.0008458576206126,0.0001328961598532,0.0,6.938893903907228e-18,0.0,1046,0.4904201204482336,0.0001328961598532,6.938893903907228e-18,SHAP_content
0.4585820128378962,-0.0039845391171804,0.0007637825801369,4.0020438438991696e-05,0.0,3.469446951953614e-18,0.0,1640,0.4633303345352136,4.0020438438991696e-05,3.469446951953614e-18,SHAP_content
0.1966109504846152,0.2470085815712364,0.0013296220668538,9.55771682832618e-05,0.0,-1.0408340855860844e-17,0.0,1306,0.4449491541227054,9.55771682832618e-05,1.0408340855860844e-17,SHAP_content
0.4908087516772554,-0.0391825786129643,0.0007339908307428,3.0720655232047145e-05,0.0,0.0,0.0,1927,0.5307253211209627,3.0720655232047145e-05,0.0,SHAP_content
0.1160213222407775,-0.2157175134630701,-0.0029022218295479,-0.0001604960227713,0.0,-3.469446951953614e-18,0.0,3439,0.3346410575333956,0.0001604960227713,3.469446951953614e-18,SHAP_content
0.343814119966471,-0.1790143802726231,-0.0028804419096861,-0.0001779465056852,0.0,-1.7347234759768068e-17,0.0,4121,0.5257089421487804,0.0001779465056852,1.7347234759768068e-17,SHAP_content
-0.4617490808794906,-0.0017837912150284,-0.0007780540335744,-1.261917249354848e-05,0.0,3.2526065174565133e-18,0.0,2244,0.4643109261280936,1.261917249354848e-05,3.2526065174565133e-18,SHAP_content
-0.3070387501182254,-0.1508126402157266,-0.0011229039623624,-2.9359511273269884e-05,0.0,6.938893903907228e-18,0.0,3136,0.4589742942963146,2.9359511273269884e-05,6.938893903907228e-18,SHAP_content
0.0415041384994178,0.4128069880801631,0.0009426148188612,0.0001514692474043,0.0,2.0816681711721685e-17,0.0,15,0.4552537413984423,0.0001514692474043,2.0816681711721685e-17,SHAP_content
-0.4377524877174272,-0.0106073200635474,-0.0009239984619132,-5.418297949202726e-06,0.0,-2.6020852139652106e-18,0.0,3538,0.449283806242888,5.418297949202726e-06,2.6020852139652106e-18,SHAP_content
-0.3428963723772592,-0.0945765237215145,-0.0011453167468425,-4.710868145480895e-05,0.0,-8.673617379884035e-19,0.0,2669,0.4386182128456162,4.710868145480895e-05,8.673617379884035e-19,SHAP_content
0.4206163902869644,0.0254797198891242,0.0009406026494774,0.0001684484199513,0.0,1.0408340855860844e-17,0.0,1360,0.4470367128255662,0.0001684484199513,1.0408340855860844e-17,SHAP_content
0.4796714695022696,-0.0278811399446391,0.0007477198321637,0.0001031746685283,0.0,-3.469446951953614e-18,0.0,1844,0.5083003292790725,0.0001031746685283,3.469446951953614e-18,SHAP_content
-0.3399740635799753,-0.1227348546729339,-0.0010503146769921,2.668182223003121e-05,0.0,-1.734723475976807e-18,0.0,3098,0.4637592329299014,2.668182223003121e-05,1.734723475976807e-18,SHAP_content
0.3531109276353057,0.0916693985480165,0.000864965052032,0.0001346633489387,0.0,-3.469446951953614e-18,0.0,1612,0.4456452912353542,0.0001346633489387,3.469446951953614e-18,SHAP_content
0.1953504936962259,0.2582353946411376,0.0011760373330075,0.000136287867016,0.0,1.3877787807814457e-17,0.0,497,0.4547619256703711,0.000136287867016,1.3877787807814457e-17,SHAP_content
-0.3180629591366978,-0.1009642699909677,-0.00127791847243,-1.8964187529135236e-05,0.0,-6.0715321659188256e-18,0.0,2840,0.4203051476000957,1.8964187529135236e-05,6.0715321659188256e-18,SHAP_content
0.1301194035969349,-0.1420234113527707,-0.0029568913717958,-7.455938164243128e-05,0.0,1.0408340855860844e-17,0.0,4611,0.2750997063215015,7.455938164243128e-05,1.0408340855860844e-17,SHAP_content
0.3494707355993099,0.1077164670026022,0.0009995171486711,0.0001804841127315,0.0,-1.7347234759768068e-17,0.0,4673,0.4581867197505833,0.0001804841127315,1.7347234759768068e-17,SHAP_content
0.3415088295227434,-0.2957655693388452,-0.0030794284018792,-6.656257293958037e-05,0.0,-3.469446951953614e-18,0.0,3633,0.6403538272634679,6.656257293958037e-05,3.469446951953614e-18,SHAP_content
-0.032581738964827,0.4888428821188942,0.0008600214471556,0.0001477044728159,0.0,-1.214306433183765e-17,0.0,1478,0.5222846425308769,0.0001477044728159,1.214306433183765e-17,SHAP_content
0.4730797845616516,-0.0299654412125868,0.0014276714127921,0.00012625359273,0.0,1.7347234759768068e-17,0.0,1095,0.5044728971870307,0.00012625359273,1.7347234759768068e-17,SHAP_content
0.2058952648417944,0.259070550181525,0.0010584212534728,0.0001335926818905,0.0,0.0,0.0,542,0.4660242362767923,0.0001335926818905,0.0,SHAP_content
0.3563201431716524,0.0882016840046522,0.0008036515370791,9.905337411346762e-05,0.0,3.469446951953614e-18,0.0,4074,0.4453254787133838,9.905337411346762e-05,3.469446951953614e-18,SHAP_content
-0.0202924156085705,0.4937631724173028,0.0007944224993618,8.15529823447389e-05,0.0,-6.938893903907228e-18,0.0,431,0.5148500105252353,8.15529823447389e-05,6.938893903907228e-18,SHAP_content
0.3476155608247022,0.0975801757939908,0.000938654269949,2.590093396273585e-05,0.0,-6.938893903907228e-18,0.0,728,0.446134390888642,2.590093396273585e-05,6.938893903907228e-18,SHAP_content
-0.3064384914298247,-0.15627630289733,-0.0011855194987158,2.381683167873485e-05,0.0,4.3368086899420185e-18,0.0,4412,0.4639003138258706,2.381683167873485e-05,4.3368086899420185e-18,SHAP_content
-0.4127865382015996,-0.0506736325047625,-0.0008666982669059,3.404581809450047e-06,0.0,-5.421010862427522e-18,0.0,2561,0.4643268689732682,3.404581809450047e-06,5.421010862427522e-18,SHAP_content
0.4742189671916892,-0.0275733302767126,0.0009930462079841,0.0001379078520182,0.0,-3.469446951953614e-18,0.0,1337,0.502785343676386,0.0001379078520182,3.469446951953614e-18,SHAP_content
-0.4719613142488189,0.0094336867995443,-0.0007781685247316,9.17214785913032e-07,0.0,-3.0357660829594124e-18,0.0,3606,0.482173169573095,9.17214785913032e-07,3.0357660829594124e-18,SHAP_content
-0.3876129201647488,-0.0758013487528441,-0.0009060238301447,8.127773418280509e-06,0.0,4.7704895589362195e-18,0.0,2877,0.4643202927477377,8.127773418280509e-06,4.7704895589362195e-18,SHAP_content
0.3488809666334856,-0.0056974780804848,0.001756486551823,-0.0002260734341968,0.0,6.938893903907228e-18,0.0,4415,0.3563349312657936,0.0002260734341968,6.938893903907228e-18,SHAP_content
0.0128004902691398,0.4571933153037462,0.0009078754815676,0.0001641135643239,0.0,0.0,0.0,1031,0.4709016810544537,0.0001641135643239,0.0,SHAP_content
0.4827438583769869,-0.0289208561518544,0.000735108234454,5.459682932705545e-05,0.0,0.0,0.0,1110,0.5123998227632955,5.459682932705545e-05,0.0,SHAP_content
0.5281602274241768,-0.0992759448163919,0.001430882328815,0.00019360281908,0.0,-3.469446951953614e-18,0.0,1888,0.6288670545693837,0.00019360281908,3.469446951953614e-18,SHAP_content
-0.0800880002233398,-0.0159771316449137,-0.0026411448763489,-0.000128560541222,0.0,-8.673617379884035e-18,0.0,3550,0.0987062767446025,0.000128560541222,8.673617379884035e-18,SHAP_content
0.4711256579223287,-0.0154752358644053,0.0007442219547599,0.0001091398410187,0.0,-6.938893903907228e-18,0.0,1527,0.487345115741494,0.0001091398410187,6.938893903907228e-18,SHAP_content
0.4845299877520935,-0.0353607111640104,0.0007763643193974,1.3254926659680285e-05,0.0,1.7347234759768068e-17,0.0,753,0.5206670632355014,1.3254926659680285e-05,1.7347234759768068e-17,SHAP_content
-0.4103647366474545,-0.0530478859811577,-0.0008450363140143,6.696909958744685e-06,0.0,-4.7704895589362195e-18,0.0,3049,0.4642576589426266,6.696909958744685e-06,4.7704895589362195e-18,SHAP_content
-0.4050258762631973,-0.058387765172578,-0.0009123841245393,2.480255233742578e-06,0.0,-4.9873299934333204e-18,0.0,2628,0.4643260255603146,2.480255233742578e-06,4.9873299934333204e-18,SHAP_content
0.0304212176961134,0.4298445892638449,0.000944007568509,0.0001665894309777,0.0,1.5612511283791264e-17,0.0,562,0.4612098145284674,0.0001665894309777,1.5612511283791264e-17,SHAP_content
-0.5657717911391587,0.1021820384224214,-0.0007084530484892,-2.5339225433772e-05,0.0,3.469446951953614e-18,0.0,3562,0.6686622826100693,2.5339225433772e-05,3.469446951953614e-18,SHAP_content
0.1347508722813415,0.309642625991094,0.0007419869563911,9.890804183703555e-05,0.0,-1.3877787807814457e-17,0.0,252,0.4451354852288267,9.890804183703555e-05,1.3877787807814457e-17,SHAP_content
-0.5456352928683867,0.0820256559374503,-0.0007141438809895,1.2198147046243394e-05,0.0,3.469446951953614e-18,0.0,2516,0.6283750926868267,1.2198147046243394e-05,3.469446951953614e-18,SHAP_content
-0.4488243168505643,-0.014738691367159,-0.0007815769853856,2.1039930065673172e-05,0.0,3.2526065174565133e-18,0.0,2962,0.464344585203109,2.1039930065673172e-05,3.2526065174565133e-18,SHAP_content
-0.4290478495106435,-0.0344494867661498,-0.0008381598341414,1.1950805853754e-05,0.0,-1.8431436932253575e-18,0.0,4453,0.4643354961109348,1.1950805853754e-05,1.8431436932253575e-18,SHAP_content
0.3788593616684852,0.0769195338083142,0.0009460091011859,0.0001666074899805,0.0,1.0408340855860844e-17,0.0,1202,0.4567249045779855,0.0001666074899805,1.0408340855860844e-17,SHAP_content
0.3799298274313332,0.0660566047706212,0.0010258445588385,0.0001141467489763,0.0,3.469446951953614e-18,0.0,3462,0.4470122767607929,0.0001141467489763,3.469446951953614e-18,SHAP_content
0.4060801393245015,0.0402708826884305,0.0009705876356509,0.0001235795014448,0.0,3.469446951953614e-18,0.0,2797,0.447321609648583,0.0001235795014448,3.469446951953614e-18,SHAP_content
-0.3438036725438773,-0.1192990218175674,-0.0010601618167765,1.5831018173168704e-05,0.0,1.734723475976807e-18,0.0,4225,0.4641628561782213,1.5831018173168704e-05,1.734723475976807e-18,SHAP_content
-0.0487001802881943,0.493287675400523,0.0005062287130874,0.000140669445248,0.0,-1.474514954580286e-17,0.0,144,0.5424940844018048,0.000140669445248,1.474514954580286e-17,SHAP_content
-0.3466655174760654,-0.1142482902202731,-0.001024768628437,-2.6903993540165937e-05,0.0,-2.6020852139652106e-18,0.0,2895,0.4619385763247756,2.6903993540165937e-05,2.6020852139652106e-18,SHAP_content
-0.3589227079835518,-0.1036136540877191,-0.0009972124138069,2.1250956527304847e-05,0.0,-2.6020852139652106e-18,0.0,2763,0.4635335744850779,2.1250956527304847e-05,2.6020852139652106e-18,SHAP_content
0.4980216687511051,-0.0464552578853965,0.0007290316742194,0.0001080781950302,0.0,1.0408340855860844e-17,0.0,905,0.5452059583107212,0.0001080781950302,1.0408340855860844e-17,SHAP_content
-0.4059955040872084,-0.057437898010305,-0.0009079439741132,1.7800766545782252e-05,0.0,0.0,0.0,3980,0.4643413460716267,1.7800766545782252e-05,0.0,SHAP_content
0.4603624554666205,-0.1415096214070717,0.0018157919593672,-0.0002683530218423,0.0,-3.469446951953614e-18,0.0,235,0.6036878688330596,0.0002683530218423,3.469446951953614e-18,SHAP_content
